path	size	sha256
arm64/AndroidManifest.xml	1044	b99cdc3445598222a3f699485fd75da504a7ee7e157508e6dccf2e8e5c108e15
arm64/META-INF/BNDLTOOL.RSA	1317	0cece721a86ce806255c6eb2bb1794b57d48de30fb3d5073a5689603e27db65b
arm64/META-INF/BNDLTOOL.SF	2210	6af54333e6bc39b7e7233cd0d676993e8ddce77ad3c1cc0b9fcc7117203811f7
arm64/META-INF/MANIFEST.MF	2102	cc3ce7a1139dfc96f6cbb9baf0e29cf5fdef9fd5177197aa627aa677675f5bd5
arm64/lib/arm64-v8a/libFirebaseCppApp-12_10_1.so	6040520	177ed0095d067af7123bbf6e704f819422a3ed923966479e6bd966459aa3d148
arm64/lib/arm64-v8a/libFirebaseCppAuth.so	213464	c9e2255dd658b3669a5f0114c71585d1414e12d6cda24eb881f70e7237789d0a
arm64/lib/arm64-v8a/libFirebaseCppCrashlytics.so	46928	7875d7a715b0b66a1f6c609aa6fa967bb898971d26d48b827ae2ac72c905187d
arm64/lib/arm64-v8a/libFirebaseCppMessaging.so	90056	d52fe9bb06d772aa704d4783b01a75f45e2ef345108f99b7881c40932f646a29
arm64/lib/arm64-v8a/lib_burst_generated.so	97312	0c2f6ef20ebb43ee71e605febc03402d916c2fab525d1898b3bd6bc98ede599a
arm64/lib/arm64-v8a/libcrashlytics-common.so	755864	db3c33bc6e1c0d049466280c32bd7419f9708f53ca8f5f95d584ef281996918f
arm64/lib/arm64-v8a/libcrashlytics-handler.so	185960	810521d2e125c4f87a8bd5fa70e73877dd832494acac9e9f86734258f359935f
arm64/lib/arm64-v8a/libcrashlytics-trampoline.so	9584	b3d2d4bd3eb068ed624d406d8626b7300e8f65e7aa6863e08a736984fc0ecea2
arm64/lib/arm64-v8a/libcrashlytics.so	195568	cad4bd6e1a6fb97cea9d02ac3f2c9c0e90c62064f7b018cf26b0a806e1489b6e
arm64/lib/arm64-v8a/libcri_lips_unity.so	1076200	23c045baf20087c2d4370a1af2c01337696f6af4a8150894c49505770af06ac3
arm64/lib/arm64-v8a/libcri_mana_dav1d.so	739968	b00c89aa128b98e50c845aa1279a41b260bb7b3a3aaf616a1aa0cc6bb314e54b
arm64/lib/arm64-v8a/libcri_mana_vpx.so	461344	471004e336bb752a1a4353fd060f1f3b09d27e689f2165fc0e908dc9094d0e13
arm64/lib/arm64-v8a/libcri_ware_unity.so	2768008	4efca740388a67c173c6e0ea8fe8b50e484e507fcb980fd53e2486ac8d4f55ce
arm64/lib/arm64-v8a/libcriafx_mcdsp.so	1132920	0a1c26b051108501b450a1de667cb0cf8f87bcec6a6b547e05fe34d0f98d6ef0
arm64/lib/arm64-v8a/libcriafx_soundxr.so	6002584	55496d85d71ee05989c88e988c0d0a3bf300b79a760e52dd310fc935f51f8f75
arm64/lib/arm64-v8a/libcrifs_web_installer_curl.so	5854352	3dc281bb11d87fa7c6c03313c83de5775c1cc6b4a99193f9d17ddced7c817422
arm64/lib/arm64-v8a/libcyspringandroid.so	14656	d9bbc58941194a498c51c69fd95bcb57029913976787de061d92e4d340138936
arm64/lib/arm64-v8a/libdatastore_shared_counter.so	7112	d3e48717c9aa147e0ab21063ba0e8e0211cabf8bf40b222640829519edbf58e1
arm64/lib/arm64-v8a/libil2cpp.so	218999032	9837824ddc37b3c5520c219b1c418465d35e74e3f0f57dc2028737bb0c6ce2a1
arm64/lib/arm64-v8a/libmain.so	6728	9348cd29bcdec5b677c7124b111a2ebb285bfd6550282619c8fd178f2982eb5d
arm64/lib/arm64-v8a/libnative.so	2627800	f784492667cb913db1252523e90c29d4d53758dd7494264389dad07ceb9b952c
arm64/lib/arm64-v8a/libunity.so	18994040	f247581936b6204580fdc8cdf876561e99087b7641451d952db1b53be1b49407
arm64/stamp-cert-sha256	32	1d9c2a02a93816ff5c7ae64f9aad02c23de49dc514620db1a7ad624d2a83679c
base/AndroidManifest.xml	38156	e60109bea7acafb1b280d95a0b2752c435dbbcd6ecb8c8ecceedd71d6e9fd6b1
base/DebugProbesKt.bin	1738	ae8a082dd609313835ba93c3ef479a3af9903977d7bdc81df45bbd209ec7d0da
base/META-INF/androidx.activity_activity.version	6	d82f34ae9aa41bc4a0cb529a1ac0898fed09d6b479fb1cc44cb66c34f15ee84d
base/META-INF/androidx.annotation_annotation-experimental.version	6	64d23f858ef51b0f996e4966d4e27c0371b437e2d2787890b1f7ad22d4ec5663
base/META-INF/androidx.appcompat_appcompat-resources.version	6	1575e1af4a95f12f70b4ee6a6adce8160953d93ea17dc2611b90883ccc3ad3b8
base/META-INF/androidx.appcompat_appcompat.version	6	1575e1af4a95f12f70b4ee6a6adce8160953d93ea17dc2611b90883ccc3ad3b8
base/META-INF/androidx.arch.core_core-runtime.version	6	c89b87c262e9d5ffd20e73aac74a1772adcc9f5a21682cc33adcf5086e5fef5c
base/META-INF/androidx.asynclayoutinflater_asynclayoutinflater.version	6	59854984853104df5c353e2f681a15fc7924742f9a2e468c29af248dce45ce03
base/META-INF/androidx.browser_browser.version	6	78b591400c56b7b67b8cb3b2b8a8e65e9093897f02ce0878e6b5405c68620fa7
base/META-INF/androidx.cardview_cardview.version	6	59854984853104df5c353e2f681a15fc7924742f9a2e468c29af248dce45ce03
base/META-INF/androidx.coordinatorlayout_coordinatorlayout.version	6	59854984853104df5c353e2f681a15fc7924742f9a2e468c29af248dce45ce03
base/META-INF/androidx.core_core-ktx.version	6	30f4611383aa30a15753789f40effde81332f2f8714e6d3b2940bf0fc4592377
base/META-INF/androidx.core_core.version	6	30f4611383aa30a15753789f40effde81332f2f8714e6d3b2940bf0fc4592377
base/META-INF/androidx.credentials_credentials-play-services-auth.version	11	aaf490c7f3bf12c9dc9d4c70971a0485b472606b384f8c6d9c554a7beabf11c7
base/META-INF/androidx.credentials_credentials.version	11	aaf490c7f3bf12c9dc9d4c70971a0485b472606b384f8c6d9c554a7beabf11c7
base/META-INF/androidx.cursoradapter_cursoradapter.version	6	59854984853104df5c353e2f681a15fc7924742f9a2e468c29af248dce45ce03
base/META-INF/androidx.customview_customview.version	6	59854984853104df5c353e2f681a15fc7924742f9a2e468c29af248dce45ce03
base/META-INF/androidx.datastore_datastore-core.version	6	5dae0c0a5ed3cdaa78704e25bb38d72c31018311e933283d06ed4f93360bfc6c
base/META-INF/androidx.datastore_datastore-preferences.version	6	5dae0c0a5ed3cdaa78704e25bb38d72c31018311e933283d06ed4f93360bfc6c
base/META-INF/androidx.datastore_datastore.version	6	5dae0c0a5ed3cdaa78704e25bb38d72c31018311e933283d06ed4f93360bfc6c
base/META-INF/androidx.documentfile_documentfile.version	6	59854984853104df5c353e2f681a15fc7924742f9a2e468c29af248dce45ce03
base/META-INF/androidx.drawerlayout_drawerlayout.version	6	59854984853104df5c353e2f681a15fc7924742f9a2e468c29af248dce45ce03
base/META-INF/androidx.fragment_fragment.version	6	64d23f858ef51b0f996e4966d4e27c0371b437e2d2787890b1f7ad22d4ec5663
base/META-INF/androidx.interpolator_interpolator.version	6	59854984853104df5c353e2f681a15fc7924742f9a2e468c29af248dce45ce03
base/META-INF/androidx.legacy_legacy-support-core-ui.version	6	59854984853104df5c353e2f681a15fc7924742f9a2e468c29af248dce45ce03
base/META-INF/androidx.legacy_legacy-support-core-utils.version	6	59854984853104df5c353e2f681a15fc7924742f9a2e468c29af248dce45ce03
base/META-INF/androidx.legacy_legacy-support-v4.version	6	59854984853104df5c353e2f681a15fc7924742f9a2e468c29af248dce45ce03
base/META-INF/androidx.lifecycle_lifecycle-livedata-core.version	6	ad8650bc9057d9dfd809961b69dbad640c288d809fa44437d44d83d3b118c821
base/META-INF/androidx.lifecycle_lifecycle-livedata.version	6	c28fcca53637bc88e124af1725df13cb98c69dedefd62fb3cdbe1cdb6b760624
base/META-INF/androidx.lifecycle_lifecycle-runtime.version	6	ad8650bc9057d9dfd809961b69dbad640c288d809fa44437d44d83d3b118c821
base/META-INF/androidx.lifecycle_lifecycle-viewmodel-savedstate.version	6	ad8650bc9057d9dfd809961b69dbad640c288d809fa44437d44d83d3b118c821
base/META-INF/androidx.lifecycle_lifecycle-viewmodel.version	6	ad8650bc9057d9dfd809961b69dbad640c288d809fa44437d44d83d3b118c821
base/META-INF/androidx.loader_loader.version	6	59854984853104df5c353e2f681a15fc7924742f9a2e468c29af248dce45ce03
base/META-INF/androidx.localbroadcastmanager_localbroadcastmanager.version	6	59854984853104df5c353e2f681a15fc7924742f9a2e468c29af248dce45ce03
base/META-INF/androidx.media_media.version	6	59854984853104df5c353e2f681a15fc7924742f9a2e468c29af248dce45ce03
base/META-INF/androidx.print_print.version	6	59854984853104df5c353e2f681a15fc7924742f9a2e468c29af248dce45ce03
base/META-INF/androidx.privacysandbox.ads_ads-adservices-java.version	13	fd59af1a11a87c35f490ae8837d80fad6873d75984c6669d7531854b4b29917b
base/META-INF/androidx.privacysandbox.ads_ads-adservices.version	13	fd59af1a11a87c35f490ae8837d80fad6873d75984c6669d7531854b4b29917b
base/META-INF/androidx.savedstate_savedstate.version	6	1575e1af4a95f12f70b4ee6a6adce8160953d93ea17dc2611b90883ccc3ad3b8
base/META-INF/androidx.slidingpanelayout_slidingpanelayout.version	6	59854984853104df5c353e2f681a15fc7924742f9a2e468c29af248dce45ce03
base/META-INF/androidx.swiperefreshlayout_swiperefreshlayout.version	6	59854984853104df5c353e2f681a15fc7924742f9a2e468c29af248dce45ce03
base/META-INF/androidx.tracing_tracing.version	6	59854984853104df5c353e2f681a15fc7924742f9a2e468c29af248dce45ce03
base/META-INF/androidx.vectordrawable_vectordrawable-animated.version	6	1575e1af4a95f12f70b4ee6a6adce8160953d93ea17dc2611b90883ccc3ad3b8
base/META-INF/androidx.vectordrawable_vectordrawable.version	6	1575e1af4a95f12f70b4ee6a6adce8160953d93ea17dc2611b90883ccc3ad3b8
base/META-INF/androidx.versionedparcelable_versionedparcelable.version	6	cc52f678848b814373757b460383bf61960e4943c203735adde0a350b3e50989
base/META-INF/androidx.viewpager_viewpager.version	6	59854984853104df5c353e2f681a15fc7924742f9a2e468c29af248dce45ce03
base/META-INF/com/android/build/gradle/app-metadata.properties	56	a4a8597228839fcb30b7efe810e814dd6699fab9453d8354d7991eca0620f138
base/META-INF/com.android.games.engine.build_fingerprint	68	60fc82790dbe3e8dcc699ecbaec5fe4dda6de12f253189ee2938da8e7b538ee8
base/META-INF/com.google.play.common.version	6	e7066ea517cbc9e563967997e5cf2e3a899250403dac6fbaa25bb6b1815d16ca
base/META-INF/com.google.play.core.version	6	e7066ea517cbc9e563967997e5cf2e3a899250403dac6fbaa25bb6b1815d16ca
base/META-INF/com.google.play.integrity.version	6	9fd28642d3aca191e5c7fc2383cfd6fabb2aac8743f029dabb8989ac584e31bc
base/META-INF/kotlinx_coroutines_android.version	5	179f9b723b6508aa1d6ce99991e8cd549ca819ee1b9b6102396c47815beffaaf
base/META-INF/kotlinx_coroutines_core.version	5	179f9b723b6508aa1d6ce99991e8cd549ca819ee1b9b6102396c47815beffaaf
base/META-INF/kotlinx_coroutines_play_services.version	5	179f9b723b6508aa1d6ce99991e8cd549ca819ee1b9b6102396c47815beffaaf
base/META-INF/services/kotlinx.coroutines.CoroutineExceptionHandler	54	3129b8edf6db07de6f8ff47695e2177c8bba4eed2962d3085c719e5acbb58a33
base/META-INF/services/kotlinx.coroutines.internal.MainDispatcherFactory	52	a1ea77ea8f93f419256b6e66f29713f950d8d6e90442b608d880a48003b5eb72
base/assets/PreinResource/Movie/m/Title/title_movie_02.usm	35746816	9b3dbc74fa55d20f1bc0ec8f8023d5143df81736689010bbea150dc0e6c049bb
base/assets/PreinResource/Sound/b/snd_bgm_title_02.acb	7840	9fe99e66536d7ceed3e6ddb46fe42c10fbee29a4106a0c6b2a105dfef4448fd7
base/assets/PreinResource/Sound/b/snd_bgm_title_02.awb	2592800	91f895a7109c89634c61923c5e6fa2686c564c16f7645e26cd683a7066bb7f64
base/assets/PreinResource/Sound/s/snd_sfx_preinstall.acb	280224	32eaba422ef1d0f657e10633d469d91583b3845f80db7fc81a7b76fcf8cab296
base/assets/PreinResource/Sound/v/snd_voi_title.acb	11232	4191ed19071e38fb7d9e7b0fcc07d62f89d000f1d5f621ff1c2ce3b020c41b87
base/assets/PreinResource/Sound/v/snd_voi_title.awb	1274094	71d53b52a15bc2eba1db73bbe2758eb670080f3506949d3b6608ee2b04dd56e5
base/assets/bin/Data/0000000000000000f000000000000000	155020	340d0a24b55526a9fe83e19a7290cb1e77bc7a47ce67b6ed647927a363632894
base/assets/bin/Data/00083222403878746a1ef1cdfcfec54e	48792	524f8831d15db905f8d37c15a1cfe086e226e6fa81ff34f7f8b66715a855a70f
base/assets/bin/Data/001051e827d68694aa25533b90c37cb9	5960	369e2d86d874b6e41490123278c9509e40a3b0ef5c4aaa6e87d819e5d510b82f
base/assets/bin/Data/001dc53e3339fe045bc63f32febd2c53	3332	2056d75b047b3cf9a640f523ebd6125523a716932264679479ec1f8262406184
base/assets/bin/Data/0026e760e33126f4bbbe1aa2e810f271	7052	7df2076c3dfa286efb071f1ae567b0e537da21ffbd4447cb09442891dadb0ae5
base/assets/bin/Data/0034c848ee0535f4ba34c99a510bf7b3	968	e102c8e05cd1401e64f6115773db402deecff80711b1e6c22384e3396cb4e2c1
base/assets/bin/Data/006f8fac4e80b304aa28c0bea4a06f17	8588	2d3de215800f7b094135ada329c7b94f7afcedcad30900a1dc19dece7ed0f99b
base/assets/bin/Data/00959b80210c53844bda23f10a115d5d	235000	fdbb1e509c91317aed2259a3727a0e1a4920ffe68139d8d58572989f1c64876f
base/assets/bin/Data/009b9dd0987386c47bcdfaf9a1a83d84	880	c97d6381ae6c4cf2d173af4e656d935ae2f8d695312c090ce87efae7dd5ba955
base/assets/bin/Data/00a8ea1350711c34b821407d411f984e	9856	e7b588bacabb43aec831aab42313df49980bfae8e0e169b65017345d572f24f0
base/assets/bin/Data/00db8dca56b24b14b90a28fdec2cf189	3040	75da201bad7c28e1ad3e22fdad89a7b5602cc91894e5581aaa3eda06a8d404e2
base/assets/bin/Data/00e23313b7fd7384984b6cd5bcef71a2	11156	81e869e6a60b0f1c0ca2e2a12924932cb259ae7f0887f3eb225af2d1e4a0d572
base/assets/bin/Data/00e558764e0895a49b02b41ecbf48f04	3964	a659780b7422e6abed748c301c8c189293123768eec43791f41228804ab60669
base/assets/bin/Data/00f58d566a9f54345afbccc263fc2267	502612	d92e1b60f06ca75cf5452c030dfc4e9d6581114c764c34f7a14055098658558e
base/assets/bin/Data/00fe0c16ffc029c4b8dd0353337d53d3	35508	eb606b780f39f52764f5a96830cdbc191acc4d343852dcf076056799e7c6be6a
base/assets/bin/Data/01205c74879764ae9b7e3fe90473f53f	7440	3ba50abc1d8e03f2180ccaf54b239182cdbea87b614f15a9a944cd7b3e98760c
base/assets/bin/Data/0120e805305828c4f9b802735c4cb1b0	44300	b579cce17230ea0a091b14a0cdd350d14c76a22bdadac2aef91f4430c0e3f570
base/assets/bin/Data/01229319c8130b64e9a2a2b1c0784fb0	428	bf1b27cfb70194bb914030b562b4e0dbb15fef670b0581b37b5cf527cadfd8ae
base/assets/bin/Data/0139798a5d040b548955c17252294610	4128	abd68f333ab1f9d0a1ec0502583f7116a255dcde8ca5068a0275c2f0a6fa8433
base/assets/bin/Data/013ca0478fdaaef40986cedb4aed3301	5548	bb3c9edb4cdea6770a2bcdc8dd8efc35c9c43ba705d5d62e0edcb8a07202072c
base/assets/bin/Data/01545b2cc73eeb541b06f62d6f782225	113728	8ad62df46143ebe2d07100069214f93ac42b0ec678fd658ab1e7cfb77caf025d
base/assets/bin/Data/0159c1918d478104f9f607c0241f1499	1184	dd3cd30237dce2b6de4a1adf8503395aa7efa1837256fb85afc15036e90b78e9
base/assets/bin/Data/015bb46287106094180e8c548f115c3a	31056	6e2e9891414424fc441871b5537fe07de43c45484fa7d2a441792d94bb515ec1
base/assets/bin/Data/015fa8b07df397d4898c19f41f69ddf8	2184	3f80f51fa1b136599bccf96154f9c24635275fac30212066bd86964d7ca2acb2
base/assets/bin/Data/0160266cfde0cf647ad4f2e1a20bbdea	61400	974537c82af9f246ed6f450cd1e9cc2f45d2e494b785d99ca00c1548c68d395f
base/assets/bin/Data/017c4caa7cc598b4c9c6cac1bbf0b163	3640	38a4aefed203256a7a2dd67667171a0e92098a0f03fc93fbdb5702181b51431d
base/assets/bin/Data/019a29b1322c08e4e938144cf708e211	5884	d29c0ec035451fa5f3c1a597093dcbed3908906a5a7dad7a0e20385e76094368
base/assets/bin/Data/01afc0c37c6539d4a8d7dd9004d794c6	6068	37e380ede93e370eedcbe1ed27271f10a2ee7d68afce570aae02ab92018cba0f
base/assets/bin/Data/01cc74c0e5aab1f41ad81072c727acb1	9016	36affe7187368fd473fa50e6dcce0fdc0163a94aa3a3592aac4f15636c6f46c1
base/assets/bin/Data/01d3777e51e13d146a0b866c0d5c54d0	4292	819d023e33e4cd2ee027180c7f92533e92fa46c67839f0b77b187bf085e2d191
base/assets/bin/Data/01d4b484f34e44247a0c110f61a450e1	216776	a84a065d9416183315334398073820185a99cf4db75e08a3f4464513642e8ab1
base/assets/bin/Data/01d5b504c6d8b9f4d802bca55f71f224	9164	f9afec8d754f251b97c8b917ca7f75979de8398df66cd01931dad36c926f6b1c
base/assets/bin/Data/01e95db8a48a15f478becd61ba746646	10728	961409ee742a6500bb7219f8e59e4247a0bfe670f30b67f62491a8a6e60ec865
base/assets/bin/Data/01f9cc6ab7ab196428f759e9b3ba4d99	6712	89c694d998de3fec7ef22e91fe198ccd66eae5794b8484b13c63bbe33b0bc13d
base/assets/bin/Data/01ff14af816bfac47843c22b4e6d5d5a	53688	25a763b3728dc1e2413135e68990e610dc752beb6108bb613717ec0caf79ed35
base/assets/bin/Data/01ff378fa068c644f95f8d5349333431	7116	e173ea5333fb7949c2879aba681bf7233945a85a04ddcbf400361d1c6672ea69
base/assets/bin/Data/0211f09cb4be152498fde0591b3030a3	656	5d43affefef534107a7630c1ad0b135401810574a64b8f25ef5459645c6d08f6
base/assets/bin/Data/023d2211031846a4790d6e0c7373c792	73892	9b547102ebbafdedc7a74141cca928bcf9363f851fa4cdb181d7008fb28b7cb6
base/assets/bin/Data/023f574fa875f594d8ec94d96a6509f1	2892	6d5b7750614be4a63750feccfd26c3e064a28378efd7723d597a1cd4b7ba0d6b
base/assets/bin/Data/0247e9857153caa4d984c2b6ad32f307	365184	30d378e98aa205d5aace9f6e1a8508de159692cc9447bfecb3b17d28c8714c38
base/assets/bin/Data/0250a4188ef012b4681e1d26c211a3f8	5768	608f7cee21f2bca8323d37cbbc431e451631d060cc479ade6defec3eaccd173f
base/assets/bin/Data/0259e0df015ebfb45927f2719568271a	21232	a5e31c4f01648de68a0306c51479f6922fcf9a6ae78f667e870f64fc93b16a6d
base/assets/bin/Data/0276225fc8c1d8d42a4926c880be402e	14248	af52097dc82b291a9c693977960dd13361b40b6a21188beca8036c5b41c56bc4
base/assets/bin/Data/0278b13cc7a0f954fb199c7599a9f371	104756	acdf6b2af3257cbd615a868862d244115ab56806ac51d53c7f635b7798248fa4
base/assets/bin/Data/0282937003acba74abe377d52de0f9db	4352	d5a64723a8aab67abc24796eaf0cb7e0446f7004ada3d2b70a9e147f4e8a4548
base/assets/bin/Data/02aaf89447b62ef4e991f59ba426c2e1	38448	e122468d7e85fd4a67700e4394a1d9cbd3d54619ff2f3ff09be97fe8a9551d82
base/assets/bin/Data/02d9e4ef129e0514fbba1fc419794ed0	6600	3ff417a197471584b13ecec2d50cf723bb6e7980d10e86cc16c575ac3f891a20
base/assets/bin/Data/02dce24a153e6e043bb338de2ea4a541	26884	5816626830b44e375da1eb79e462d159a44a43d1d5c2f5542ce74fbcad6147bc
base/assets/bin/Data/02e0392146936bd40950f556c7d653f7	13392	66af96e2f7fb540450ea54e11eed45bae2a096e6ad9effbd591d72f10a7bb345
base/assets/bin/Data/03095d402862b0344a83cd3ec8bdafa2	11664	f805af8adfae6aaf8681d1c09ed16631536eb09681f989236a53790fd9b3b879
base/assets/bin/Data/032ad0d9c832d4f41a66e614fa6a3300	1728	b097b22f1d990e063f04abb09c9ae4c5813bd9cbb00dc179a54e246ecbc3e4db
base/assets/bin/Data/034c818e90dd8d04bb6e5abae21b4e24	2808	85f2745e0451cdbb72471e09f40971e794280ec096535f5ee2998acf9180cf3e
base/assets/bin/Data/03705ea538f724328a43793f47125578	36616	3413957aec7efcfa18f70e0cbe5ac6e20db290b5db769ffd5309246633bf4965
base/assets/bin/Data/038eccd69f985f4469a0493a2b07319c	5936	a1feed15f6c7d47138c76bf3a0e6aecb6536c9e0ceed4672ac4eaec806bb1392
base/assets/bin/Data/03b25a0e1c6754101b598ada97f8a6aa	4384	86205ee3d7c35f59dd05d6254b550be419a8ed039995322104e37ffa287aeee9
base/assets/bin/Data/03b6e3456575246418bd3a3b0a3883f2	11512	345dcce8bc9e05a76974cdf243a8a28365c454baf89d8d04941bc5230e523964
base/assets/bin/Data/03caa90d4d7b85d4f83046c2d3946e81	1972	d680e130d5e01c0e5a730bd8147d497720dfbf3cf5ba4563bc21c332e03becaf
base/assets/bin/Data/03cb9241782d18743acd74b54b29e8cb	1140	f1c6ba90948d2bc706c7bca8d46dc3ee82fa5929c44529d2d645ac91bd7bb2ef
base/assets/bin/Data/03d2f7d78c4b24bd48ea6cd48392a36a	1480	fb1eeac2cad17401e9e4654ee289389ff52caa469b06b1700b7cadfa6f175580
base/assets/bin/Data/03d85abb164e7f140a7b0d954f9d53ce	238144	ce689086abae65a37117fb0610b719b717daebdae2087cf7d5bf3cbad1277802
base/assets/bin/Data/03d88da1b7c9c8b43bc90892136bb228	5172	95f9763ee253656a4442cee82fb76fa5c899385446d67ceab52f738576bf8184
base/assets/bin/Data/03fbb0f94da8fc9448133e24a130b075	492	283dc545ffcf2097a1f3e66103e32cafadd9710132130d0a17b9ddcadd5808d7
base/assets/bin/Data/04124edbf1247854aa608bc5a6113a2c	57664	c80246edee156a5a9d72777297bab5b759fcc0d1a019acd049432988c1a1c2f8
base/assets/bin/Data/0429e13bbf1e48842a645ce685c61132	6892	127477fd0b72c43112a16a5959cb2846d4c0f7f2f47faf3f06e99d0b7074dbd8
base/assets/bin/Data/042c29390071c498a9770fc3f9f50136	11872	edaa7b7c077c2766016575022a6364d1ac7edaa969fa04f766dc542dd1c5127f
base/assets/bin/Data/0455f2a8c128f4f46934f306f7d3e467	29036	170b5d057781e71827cd5cc4ac44d08ec45e445c9e8b191903fe52e3cdc0c100
base/assets/bin/Data/045835c4f11a65040b6b8baaa234d967	7612	e6e66879b006819061008c2480bc477f04b6e65989aeea633029f9d1e8ba08c8
base/assets/bin/Data/0477e5cf723749e4183f97be648287da	4304	8fbbf2c758f47898170ad957e747978942ec296aaa2b9160c2000edc140718b2
base/assets/bin/Data/048688a1bdac2144d8954c977eefd659	5520	4b4314c94d2194e5acefd5d07a9b3ba8d2cb90cd1915a4a55839fb9da53b49a5
base/assets/bin/Data/04d06bdb1becfb44d8c12aee5c5042f1	18140	1e91e16bdbaba01c40ce35a76e5ba147a2f15f309cb983886a90da51d52b186b
base/assets/bin/Data/04ed12004dccede49a59de39164afaa8	41840	c59e259b787884f91d43b48726078f6c9cf07c9035dcc849927701164dd2f0df
base/assets/bin/Data/04f18544eefe57b4788e30bacaeee5c0	86160	84413b322ee4956b4426d9afefa2f3abe819f5e12f0b792d93239f983be9424e
base/assets/bin/Data/04fe02c04b2d94046b360ce23b2b045a	21824	7fbec1010958a970a76b05401c2d42dd58e8b1f0502a9edf9f28027317dceef6
base/assets/bin/Data/052950d3e46306844ad9875b2cac80e9	19352	4df8a083e394086f7517de92e7f7604dabcd9a1890a77d525522f4aab4009dfb
base/assets/bin/Data/053dfeb4acf521c4ba9cf04f2b8aa851	215096	a3a0848e90f560a4c42b78a6e5596fef69caa3dca122d2ff6e3fa3bbb3ca3bd5
base/assets/bin/Data/0540ce8a4752dae46a1bf9732c57e5b0	4744	e9460569e64f79f2e93ad8ed57d9cb9225374976001b892ef5f16a305beb9c27
base/assets/bin/Data/0551eaa2f80b4cb47b87280f072eacff	4880	cdce61c009f422eceb0bc2a81ae0bf981bc3098c327be650af84ad7f33bf53db
base/assets/bin/Data/0565402a0da6dbb4fa25ae6e1ff629a2	2184	af5a4ad2487e5e562852da3047830b5c15fd2f7b30fe9a49c6c384de5283d6bb
base/assets/bin/Data/05722989cc164f34eaabdaec85e7deb0	21860	bf60f15f6ee7cc0dc3f97de0a8454dda5ec5b625a209024faec727b6b3ac97cb
base/assets/bin/Data/057bf86b7f749b94a82490d8bff4b9ed	14672	0cb4061e3a49945fc716951fbb0fd6356ed67a5822cec9ae8a80aecd770c97ae
base/assets/bin/Data/05873b0eb7aac08409a667a0f1b00e07	8952	a62d2805e6071e2f1b9a578e0b34187232583ff303d10d17af7bc520f85a8c25
base/assets/bin/Data/05f311b354945bb4b9a67f6d350fecb2	4724	e09966441a65e5001f75217821a561067a780e07e4eb0ec5734f9f6beca39f22
base/assets/bin/Data/05f4fb670232244f1bed85e7d8149bc0	14828	c22152a5499adc2631374e193efe145f994b23d20719afae1a5c72e19b10a671
base/assets/bin/Data/05fd373ac3014f84fa7894013a6938d7	624	f5582ede9cce78eb13f612ddeacbe803f00c6c0a717ed436624f3eab7335f5c5
base/assets/bin/Data/060d425bddfe3c544a0d63ed1edf53d6	28856	e8bc10c951b0041ce960e5083d6701ee9705e1d5bc4c0be57b03fed608f45d49
base/assets/bin/Data/06253c107dfa94fb88df18e2ba7b6e11	199696	cbd60f522bd2d3f1149e96781849a7843b73ab33ce44c8619a722f82f46d31a2
base/assets/bin/Data/062cdbe9a050b4a4f9fba567e9879832	472	0b3043e4f307feab8b81cfcaa87132a7c0dc115b4967f03ef5f6b421f8c20c3d
base/assets/bin/Data/0673fb74b12f46e41acd9c4d14ab3c53	8268	a2fe3a88d6066bc600cad427a9161ff7cb454ada60577b7e3f8fcfb0838f2c2e
base/assets/bin/Data/0677949f8fd39f846a7f8f2550d8af0a	3952	f4d6446a7c1aab24596f042f7292bc91c9676056afe68ad871069e3ec8e3390e
base/assets/bin/Data/06781da8d80ef5641a4781984c1c7bac	61664	a480a059ad6ba2736d32768c7b5fdd7fd93135e2ba005139746ca2b5c2aa25bb
base/assets/bin/Data/0689557fe725183439693d5fae2768ea	756	5a1d301953b8852c41d295f23aef8678629416cf162834facfc9a6be9ebc4219
base/assets/bin/Data/0691750caefbd7d418188d00aaf26b7b	11060	077843c07e4e8611e355ab220bd7eec466226103200950bf55727fe9c78078c0
base/assets/bin/Data/0698e5be8dc68ff409ff00d3b5eb307f	29060	1067073fb404b28d43574cf4db63b4ecc8a071bf83f7a38d16c59ad9e3447062
base/assets/bin/Data/06ce60dc93366b44dac93a7bc000301a	55624	ec33a392302e75e9237bedc95893a83b758f67088eb4ca91b81e3789dad1c93a
base/assets/bin/Data/06fbd7b950c3fba469965e282b7b7f6e	28696	6d268ce6d036584d85d0136c8c6f74194b87bfffce7ae183b389753492e9f0c2
base/assets/bin/Data/06ff6fe6c900fb049811c36acc16144a	4936	63e3a6efbbe78d0d240bbe0e496502553a38501f03785e8f34e2fbb05e0fd6aa
base/assets/bin/Data/070266b15c75b774f89f448bab784448	3400	d18989077050b1cfa032feca0186f5247e336982ed45c94f614029012adb38cd
base/assets/bin/Data/07271860df07c4545b16cf6615345898	94584	f48138a831002139ed9c8059096ac7376e0d72143fb0a30847a202b8e524af89
base/assets/bin/Data/072a288ba83db054cb114c808ad81bf8	56192	5f8c88b708b5d3023581a0f0c28aaaaa65581e3a16be1880e44a93ebf7a7fb89
base/assets/bin/Data/07443cd8d341b0744a0032533af817b5	80668	2c0a26735327a4e6e1be4038e3e4c2692baeb3a20ec7b3e82e1038881f1b66e5
base/assets/bin/Data/07480cfc6af628c458a0ae708559737c	5912	078bfe62149afe805225beaa3b455446c9b83ebb349629ca4e0660746321adbd
base/assets/bin/Data/074ba80ec98b8a04ebf8d32989f7829d	16132	7dda71fac99ac905c9c971679b5ed8230afbd414b90d849942aee80fbd16d7d4
base/assets/bin/Data/07964179f492290498094f4ea0f0aca4	4616	21185efe1b834564355bd9f39a73b7f1ee852b8e143d6dfa978531f18a6b8e2d
base/assets/bin/Data/079d94a4205641442adb6c23036aa050	238120	53f3621f57a942bb01ef5acab1dec9d2b05e9f323c1dab6c28ae7d83757e007a
base/assets/bin/Data/07cdaa726bf4a524588521e790015981	5700	332c8af7d90566ba8c7236e7887cc1170f7a386c1b342f2ac8429e7388906f57
base/assets/bin/Data/07d03071ac8611c4182375d72139c6ca	5800	91a61667400f2440d859dde2d8df0903ee8c1226878b1e44378a6155bbdf0d84
base/assets/bin/Data/07d6384adc4ba69448d0216f481b3747	1316	755677d01a513a57ab1a6fee1ffa00b4a1cfa0ed2d5fae0ff4b3640a273bc6dc
base/assets/bin/Data/07ec7f63690b41d4d96c5096ee3b6654	5860	62a205f76d2cbc2f1cd781a3317bec19db5388204f49101b1e17bed5ec5b87c1
base/assets/bin/Data/07f7e7aa76157924c858d7b54ddc6a0f	4620	927197764f12f23de2055a8ce9717147293f9c04cf248191b1b9b7c9480bf625
base/assets/bin/Data/08011d35a36a2064f82a161b4d990c09	5940	bf864fad03f8d90dd82dac05b4e5fb13fee6e2db5805036c1973471d21759eda
base/assets/bin/Data/080a757e569755142923243f59bd2eb1	11232	a68b78bda4c485fc1717bd9023ba79f6e15d99feff6ca3529b6fc75aa6b495a5
base/assets/bin/Data/080b3b016ca88b44a9b57aef24299057	4952	9ab7994eab1c96ffdc2f7e5c9933d6c4eaf7092e8c6b533ab731d6e5df04c24f
base/assets/bin/Data/080e4f74e685689468954d2dba6358d0	9672	8fa615d536f56a9042ea3c476587abb9e4ab914477c4ecce9cd0cc9b633b970a
base/assets/bin/Data/082194ddcb28b2e48a8a5e7504e5533c	4592	a91494c702864e093f1355b1730f04836b725d407a054bde89d35b768202be19
base/assets/bin/Data/083c3d178c52496468065160d794cb50	238120	4a4e20ca6cd5204d45621d96995e3eb905a92951208462e8e6bd6f7e263c2fe8
base/assets/bin/Data/08543d2d39b726546b84d791094d88f1	35872	54976988bf701386b48cc4399721a9bf8f013db7da9ebe4ba8e6a3c9ad9fd641
base/assets/bin/Data/088c2bdaff36ced4da109b6aebe0fc3d	12092	cb1f9e36721ee5e517f7e4ed2a2fd7e488e12e30eb2ba97ad2b82a427ae83fc2
base/assets/bin/Data/089aec4d619ec5240bd482cc075f1d5f	4272	ecc034a69f5d336d963da6cf6d86a5192d380fca0d27e36d858022c5d3759121
base/assets/bin/Data/08dcfd8c5dbd36f4e9ea6778182c97bf	157460	499f9e4a26e051853248eec469ef4287be3b59579060f0c02b68345b97e6fe33
base/assets/bin/Data/08e82a2fdc7a2e749a630164b6dcb006	13060	700bb8088d2fb367ebda3667d6576e769a913801a800db90aee91c423efd3696
base/assets/bin/Data/08ec31f25a84fbf45953729aa31800cb	6536	7c160e47b28a512a62ef5284b04de0fbc29cb80e6913c236ede80d38032026c1
base/assets/bin/Data/090134659f1cede4686cb9221f1eac3f	15636	4d8038ed9281b7a238f2b726d6ae44bd062df0777d1c73eb8292d3b1dd2fbd88
base/assets/bin/Data/090c0ce828c5dbe488f41c0975778a6a	31696	eee3ffddba0af69e40c4d2fbc21266900a8c009839ed7ef30623eeb77be7b157
base/assets/bin/Data/09190646a99e9d143abfcedd71224d66	51284	ccca266f902530e3df04c5b4161e4b80efad34350f0ef0478bb23e9d1a091b39
base/assets/bin/Data/09289e8e42735004a8a5a84e1a6f2a2e	77544	02b08ba15132f10742e7802f3580cdc2ff303a333a9926b41ed0a4c37d0692ec
base/assets/bin/Data/092c6f968d657ca4695452c0e34734b5	328152	333c3762186d0d40a08884672b6ad1e2a4d3f25827b56e1ead4889cf15c51648
base/assets/bin/Data/0955005a7d7a7f1419b74c879c93f440	165040	6897c5e6beb4326a984602d674c1b43bbe60f9f2314081203c83b42faa5ffbb5
base/assets/bin/Data/096d10dc14e28744aa01d5d9cee7cf34	5712	d97330912183c511ccbae1af1c7671760ce2c00115e24c098154114cad4b24a2
base/assets/bin/Data/09835f321409c654eb4d584326d92d3c	5616	47e6bb446a15f417451f620ffbab3a73239f28796c2fbb11b42e96567ca92cec
base/assets/bin/Data/0992a5af368e29d41b7ae3dc4edba9e4	10384	24a13738e519d8b72ec6b2dd0d1514f7746b933bf8a7ec3d3718d371b41ffd2f
base/assets/bin/Data/09a68cfeb379d584581e49cfac4b0748	42708	6bf80f08627da6344f02b2eef779622dfd75828ae5a5f1be4d2e400f57380fc1
base/assets/bin/Data/09b04b857ac5c294481da756163e8e22	9848	a8d8ea3fd1910d70caedde27b4bc6a7e512d0e554e1587dcec7341edebeed32b
base/assets/bin/Data/09b0fa4e4b8729849bf69741abe7ce50	1060	c03475166e0f7a25ab54dd7f0bb01b309785911f2a5fdf886034c2e42925826a
base/assets/bin/Data/09baffa4c50dcca4b87ca5cf4c63de8d	10356	a4abf928e839ff7231ae95a5964562e13ca4d8e0407c30cb56342a2d28f5d387
base/assets/bin/Data/09d117cd36fcfca49a5578faaf6a4796	33876	808c92c33008773eb45124e5d70038cc9da44b48b05a2ff72cf4d6be08f8dd2d
base/assets/bin/Data/09d2788175aa9ed48bc14b19af220ed6	26056	a843a7b06882e478c7c95c59899f6b9052a18c6e1a8dbd8ed798e0bd258289b2
base/assets/bin/Data/09fb4bd867e230c49b043e2ab0b49fe6	22280	58ee442c30190f88a0c469261ef52abbf7a31da684430f8ca55dcc8280878239
base/assets/bin/Data/09fbad6a6f11e8d47b26156cd81afb21	10160	fe45a36f651ce3be615f3646610c4488ee66ba191d5379ec4ed383f4add611ec
base/assets/bin/Data/0a16b88e000119c4cb8cfb4ae34e15b3	7996	4c26de387628cbce9569ea7ca9cf2c67fe23e04ad74cd5919fb228841070ae9c
base/assets/bin/Data/0a2f75994d0c34b0ca8026aa94cc1397	79312	f70bb89d97b2dceb4d5461a592852a101f77655880df5e216b405f464c115a95
base/assets/bin/Data/0a42618640502504dbcf3677ce382730	27480	2e763ad27476ffbb44a6c8ec8f25aa46fddabe32ae06b7e0c64851604cd355b5
base/assets/bin/Data/0a5b23b6428a34ee0acdda6f90e210a2	8828	daaf8f12fe76b4474e90eb99bc824eeafc03ea91b209e9d2bafe37b31f3c5c05
base/assets/bin/Data/0a61ed9f35e2f1b41826e514b095f0cb	13940	6b034d24d2d4d39b98422e418aeb423bae4f4a4612e84953ef1d06504b288017
base/assets/bin/Data/0a91239eea07ee34a91cdfae131f614a	8800	56711a232899f50c30f6c8c9e36349358f39a97ce4774cc464986e1f2f820bf5
base/assets/bin/Data/0aa20cb527ed6664e861f047c26a12c6	10128	a113cfa3bf2854408795bf9fc61c1ae1f32c95e31710e12f12621d6dba8e14cc
base/assets/bin/Data/0aa69178d5b3ad047b0928cdeddc4a89	6536	84f6b2359479d588db91af7cf12fc8bd430d7e4ef4640150a31ebfa7de47fac4
base/assets/bin/Data/0aac9b49d9f8cdc479e388bb81afa70b	34880	541cd843ddf8ddc7e61c633e88068c4263ce0b430ec0ae9145e9b7e0b319618d
base/assets/bin/Data/0aaf95d67acbbe04ba8661f18cd2df7b	16676	f063afa36514fd04f40eb24ef800fa9f9e371cf23c88966a3690ea784a4090fa
base/assets/bin/Data/0ab2e24f320ef014ba1cd9211a8e2fbb	30392	ae8d3e47661f77d668467997a61a1b10feddb5f2a13fdda3126f6d9754a9b876
base/assets/bin/Data/0abaf0ad0ad4e364489dee7739fecb31	86648	274f491e42c13426e21d7035783cc56c4b32d8a05cd50a83b921c69223260443
base/assets/bin/Data/0ad4dc0be8e93024ab4b1ba811da6ee8	13136	8ec49fd37ce58f0d149b1cf8bf16a2ea3f11138c5e91d51e94fb6c654ae777f2
base/assets/bin/Data/0ae405f69fa9ab446846a8cfb813b8bd	27288	a4733277711680f9acc1f86f259943dfa1527f101d66847130c506e11b8a49f4
base/assets/bin/Data/0ae909a739f0f4e47a05d044c137cb89	61856	51eba2e469049488b7ae7d8195e52c0fd3dc11fd8ab67aeaacf8b148b26eeef8
base/assets/bin/Data/0b20f572a6ff6844fa0b6cf888743d07	1164	c4ce0be6357f18c9d785ef9283275c7f1231cfe1c8b1738b2b1dcac5ac1bb7ca
base/assets/bin/Data/0b45c7b75c6f007488c3c71fefb55d45	17956	12ab675703863384f0d194f53982b80fbda08ca22e7ac4cca8c9c991d4f2ebff
base/assets/bin/Data/0b59a99b9cba65a459db49fb59012a49	33148	a1a5130375896e819ed555d5b73ceade12d14fa5d4af6be16f6fd32dfa712fc1
base/assets/bin/Data/0b5f9bb180beb6846a06737faccbebcd	864	33522d658a6a560de4edc885450b78b6709fe5b2bd5155ad819645c8ffc6e803
base/assets/bin/Data/0b8bde5edc4301b4abf7f1b802f5a760	1760	766aa13a4dc13170f4e498d863830fea0bfecaa317cebaadd91de58203cfc49c
base/assets/bin/Data/0b970b1569e46ac4b979f8f9ea768fe1	3924	e4ccb29a6489920f90fddb59cacd02454b3c384f0f3ca54ea7c4df36166c70ff
base/assets/bin/Data/0b98b82e03b54184f9bcd76e2cb198f8	46496	b4b64b829783d0a1eb8df55ba0032b1234e66b9c2d009b33df0ecc61fd9b05ab
base/assets/bin/Data/0b9a2f8bfb8723e42837b585f611b39f	15276	f082aa98da37cc718b341017e8e18957f790b5bed23e60cdc58deee1804b2b92
base/assets/bin/Data/0bc74b69ed457054b92938b4c024620d	4888	6288348fdaaa259579d723ad4991b8c8ee5dfa1d4ff1ed8228d78e02b137bb94
base/assets/bin/Data/0bdbc2b1ad995224bba18921b855f1fa	79580	7e37b9cb6514a1ee54c4c6b7b38b142b54e674ae2905508beff366d797a718ca
base/assets/bin/Data/0bf9e1793aacf45498b75d7ea91ea771	19104	5aecce51823815ae3d8c83ca96eac1d562205b82e3f6697d4e32921bce01f020
base/assets/bin/Data/0c06870c51bdb16498ef35657eb50dec	67380	3faeb123895d8de13a343e172904073fba6b42770f5cb09b490c13367de7ef3e
base/assets/bin/Data/0c1bba2dd161023418ec129157c9fc38	69308	10f022dba4b6a82973d29e0fbb0dc1a4abb3bfaa70ab12259ecb989a8cba4ce3
base/assets/bin/Data/0c2f060c40fea452cbd8d3b547bd4668	42928	56e72abc0ea1f9a4903a48d4df829b2b221c7ecea4304d8279698ed0db9d1996
base/assets/bin/Data/0c3dbf989f70f9c45af79c62dc5a9839	2116	f95f391036565b732108d9eebcec5d6b42a0507a111bc9bae1a51cb3b9310948
base/assets/bin/Data/0c3e0f3f272e7cb4bafab6844851c46f	2200	c458bbbfff029f743a66ee9f54e56d8845fd9b7cd92e0d85d1c5cdf2b0d49059
base/assets/bin/Data/0c478cfe2675bc046b185e86c1730024	756	73a77cf5e6672a30a95ab0adf0b17dc5dad2366b2b629c55afd89da1621c0040
base/assets/bin/Data/0c672f7ad6647e9489185c918eeb6b58	5964	c0c93b246a923d4fe10ef13e1fd7900f0e87b992177c903bbcc0920b034f1ef3
base/assets/bin/Data/0c8421b30b26cfa4b8fbbf2a9dc85270	1608	1b48b2e2e41c0f2947d7e5c1623823ebc755227b2c5f45cf992e6be14d987dc6
base/assets/bin/Data/0c8e9503e93fc434c89c5b7e2b3584d6	11084	f287c1503c5f6c418cada55b277dc0d4aa7eb8b825f72d67fe44f8d631ecbbb7
base/assets/bin/Data/0c9e88b45a5e67547a7bbbb674352408	5492	544ec52b08805644954834a4f91c39f11ef4dd3652bde5a164ff2d0be97250eb
base/assets/bin/Data/0cb0854b50b158149ad4a4967c8d107f	1960	9c3bbb1fc41c3fd48e8ab0e6c9476b5a6a2184e97fc2139641602351a6fdf93f
base/assets/bin/Data/0cc4be6e602008a4fb09d15cf461674e	3368	71d046d9272697eaebb1421736965722c776ebbe6194aecebe906e8a503269c8
base/assets/bin/Data/0cf4e9691fbd9ff40a422b4a1d30373b	4816	de252b0316bac96845cf0a333244b5409e65c77a108c502e7ef54a2c98bc26fc
base/assets/bin/Data/0cf7521b4c957d449a4fec998394d5cb	44224	d9654979854e0eccd746ff63684fdb5a148d62efae5f86470f74135991ba0c97
base/assets/bin/Data/0d05bca7d48614d4598838e944b448bb	15704	f32493e8b02c8a52968a58299cdcf75339ff007705596367381d6185eb9800af
base/assets/bin/Data/0d0c52ba1cc460d418112e7233c6b53c	456	3e6d9282330a65fd67b4d7e9d13837b043bedbed9f5f0159679d9f22ff2e687e
base/assets/bin/Data/0d0e64f5d5a847a4688e17c1780fc855	468976	bed9d99f959ae7ab57bb5acd2058e10cb8d6a78d087b3e6e15c32ff484493d9c
base/assets/bin/Data/0d32b20fa9f75df4db3778a9debd097e	996	75d4b590e0a3c69ad99e739a554d50fd501d2535fbb2024147be0b53943d70ad
base/assets/bin/Data/0d3905de239443249aaf5815fddf4524	7452	8abb87d450961bb9bcc715c7a058f3eccc391d4c90ba1b651a57d5219e6ff110
base/assets/bin/Data/0d64803d1e51d5847816be9d0124085d	2008	ead89f47ebc91f804c31698fe8258d54d80f9498a6ff97828f0e7edddc1b2d85
base/assets/bin/Data/0dc6016b15bb9a84aa5d5b3e0a26af82	5852	72e9876eb3f2491fcdcecf609b864730d02ac3e4d7e7fad56f49ac77df0e02ce
base/assets/bin/Data/0dcb8d28c196f2143b229eb09a576f16	2960	bc00e92881ddd3609121096b147f6fd5386094f64aebc6aa1347eaabedb7389b
base/assets/bin/Data/0dd45ec03737e6844ac928fe3881fbc6	9372	0ee673ff9a458d447650333897b56a1bc168bcb7b0f108038f85a2c3843d1423
base/assets/bin/Data/0df308163e2826f46958090c3f676230	63184	bdc7545d89f7d3edcdf7777a1d9947821b04c339938e99d6c4fd3136a02ab936
base/assets/bin/Data/0df92fd5e62f1ea47bd15497841cd43f	2184	97aa9d85f47dbd4f27084dd44f353a19b85ea901e5f9fe5e0764a294b14be6e5
base/assets/bin/Data/0e187a4534e20c247b333990d2d8e79d	21952	b5acf16f740218251df630d9671ffaa3ee09e4825409dd29f4ab68c749ffb738
base/assets/bin/Data/0e1e9fa21bf734a16890accf5c7eb036	45944	ae6e6f2129c8a746dedbae79cfc61741cf676303c4f484f1e787d887325fb502
base/assets/bin/Data/0e31f615b3e1f5d4e993685eacdb3950	10596	cc2bf5dc9a29ce84fb4e84ff254a729c1b046341049345a0bd29b2498ac8ecd5
base/assets/bin/Data/0e363ecab7d10874f8fe174b92c2ad5b	469336	cb63266a2429d2873856d42cd4a60aa4f219a42b20e0065f57852c076ec89184
base/assets/bin/Data/0e48659a778ab3c40b41783158ad0b49	3948	c9b25b5217933268e6f06f46eb5044a1a837a246e9bb72ec16b1d38fd1f09bbc
base/assets/bin/Data/0e6df238710217f4da914ca7cbe96991	17116	6ee76c184dc42741204abd8d66e27dcc6b4f035adba5a96c110f2c555444c49e
base/assets/bin/Data/0e7af950abba048498110412bd46fee5	1964	f7cd7e68e686cc42aa11b4306a6b0b82b0a3e1cd7b3a97f4b0f8112a5308cc74
base/assets/bin/Data/0e9dd73346d2e444aa5af48759b08a57	4876	d76e229675759bd1e6e72861e16c52b218017a0b237a617e0b56f6723a7a42c9
base/assets/bin/Data/0eb131708587ab044839699b6c29b8e5	10440	20d25b16acfd97f94b1e052a4041dfae60acfb0da459dabdc5d58729cda67b24
base/assets/bin/Data/0eb884223488dd943a37611dfb0dde99	3476	df9f61aa68faf9e406a5dfcbc55cc0b7b4fca02eae21a110786e029c0f8e66af
base/assets/bin/Data/0ecee65a85c71ce419323ffcc2c6a593	26156	f36042b46f6e3f6fcf13bf33005c819385e56eb19320b165639752c1c6aaadd8
base/assets/bin/Data/0f11a5d001549894e9ad16cf42cb81c2	3804	2649aa8d8cee20864c5fafc68859a17df9f2b79aafecf1eb35d9d87132e0d146
base/assets/bin/Data/0f149eb8bf5ed4d9481da0f114c28c0c	1216	ab65c9189244b607e6b6ce0bc2b30b2298c4362a7f2f9cd9aa78df58a6264b1b
base/assets/bin/Data/0f1b196e271822e4d844328af5515e75	56316	5c31a6e10222b56ad64fabe17c4be07750aa5eec43eb470eacd2b120582e584c
base/assets/bin/Data/0f2406eb88677d847b4d19da6a6511d0	7848	b800de9b1dbfe64315d41772d4ff0fa1ef0323b3d46d6b79afcbd3e671f73ae0
base/assets/bin/Data/0f26a433b98e44e5e9ec0c4ebb658985	175356	3196d60af52dbdfa2265da3401db4f825bb411ce8efde289d25acf2a4f576ea1
base/assets/bin/Data/0f29f397eff7c7c44b8a4b7509600021	788	b753f622504979a91b9cccf97b1eecead718e31cc7c318f5330e00fe769132c7
base/assets/bin/Data/0f355c877de581a4e95452c5eecdf3e6	13108	659d1bfde6ba0510fab4686972375416b52be50dd5fd01a68f05bf9b22d779c7
base/assets/bin/Data/0f50cf0886f3c234782667a58dd16646	53264	10e17033eb922470f54f746d778b27d966a0761f1e6763ff92a10d0fcff5cf68
base/assets/bin/Data/0f5b71944beab2d4ca7ee2512f5ac405	4156	47be1835a3d4e9864d68c19459be5f06be932909c39e8198a4e6e969a769b2ed
base/assets/bin/Data/0f7461138914ff442b726c8c923f5c55	93292	df427ed21bcc6026ecdbedb6481d0fd248f5969f57f9a5aaa47214b64c67208d
base/assets/bin/Data/0f766c9f0aeecfa4ba25722b5a7a3e62	132108	cf475ab237101c972b26b961f7683ef414c499255930f606d5706e701e754976
base/assets/bin/Data/0f90b489635422544872bd966940fc0d	5920	1ce3d673cfae372dc9f964ed998f4a8c4947facb3dbd60b56697d812dd12431e
base/assets/bin/Data/0fa7c0120bea9c14bb638a1aab58bb20	76420	656f7a0fda07d6a1948f7b57205618024050eac373ea8221f2e63472c0c534ad
base/assets/bin/Data/0fba27a5990c1674492240402ddc7eb5	25296	f22dcbea958f4945b2a94d59786ff45444b0c5ad47dbd7791b49df97e635779f
base/assets/bin/Data/0fdcadf9bb4915e45a7c2c02949ef42e	1416	9ece0c09bb3050886324fbf4d421fe1800101d53cb747e7d66759d13681ff2c1
base/assets/bin/Data/0ff5b141d045e9240a70cfea371e822f	5272	835b331762ee4eae400cb9dbd7a014d8c4c640848cc2704790e38104cadc67a2
base/assets/bin/Data/100f41724d3798040a6ad726c7e14d16	79056	6c1e318ccc02e296830a004bc0be48f9fe78bce1fa3f08adc0d104ce8f230e5e
base/assets/bin/Data/10171d33773c3fe46b84ee763783e077	6300	d1c1057e64c55a2afa735b9402482da79767d2bf85c6c0e96c9f0fc233001386
base/assets/bin/Data/1033769304fcf6045b194e423bbea0e1	6804	c262e6e32a8e2cee854d8c30a22026877b7f16fbfee382fec90d490d8d89e8ae
base/assets/bin/Data/105a95e8d066c474d9c2f73c24438b4e	4804	19529de8b27e383dbb379f9c92c0a8c6f5fa687559a86d1ecf21036b9e53c1e0
base/assets/bin/Data/106c0707470a371419b9faf6f06ad082	1872	31c6b4b3e8691595c6ea3efa366594c2388e34fe5ee3379723ba6aef72cffe91
base/assets/bin/Data/107252b6cf833194c8fb248ce24f21ca	10360	5c56a15a5d013d3c6c1f05d715d2e4a70a961b789bc70638ef4235f5a7a65227
base/assets/bin/Data/107a1c167d0c5486f9c5f686f1d7f945	38700	435c71f9ba7cc7ecb191ec5e89d44bb148304cda19eb7a2254032627f413a0a2
base/assets/bin/Data/107df801eac3a3a4ea0927ad5f953211	14508	160db494baae388e1497e088b151a455e9065a4e5e10f68983739e79bda35cea
base/assets/bin/Data/1091a96853f159e4a97a3edf64add8ab	199624	06586966a4897492b072be592380197b36e228adb5e55d84955409b436209d6c
base/assets/bin/Data/10a03cde82e04cd409c4f1b2831e9312	24232	493580ba31d13e553c514d14df2e74feeba44cca883f842130dec8ebb130499e
base/assets/bin/Data/10a25524b0986f9488b430e2829bbbe8	1728	ee2aef6288f2fb2441018ca275445aaf04df167a0994484526ee683a1e028e13
base/assets/bin/Data/10b03694dc3636041b1239663c2e7639	78408	de2762d71c7aaf3a14accaa749e09a30fb0c435d14d19b9294b85d97408edf86
base/assets/bin/Data/10d836310e6ee15478767e1c37e50141	4224	13a2019454961b0c6fded241a1187c96c9dff4af0a94488e1f80b26b0e451233
base/assets/bin/Data/10e5341eb8fab7a4f8650cebb6afea15	160732	ff51f9e7be1e6571dccfe420f462f97ec51ccae400e96c61662386f93433a7dc
base/assets/bin/Data/110c59488a60e764dadbf649443f2a97	8168	df812ba8ac3f2ec9538786b4e429c5a70134df4604ce8fc9ed600fa9d86fca76
base/assets/bin/Data/1114b91298363db45a755b1933cb80e7	896	7d5f600ac5aeaf34e998771baa1a077524ef00978d77bb1f4c9d2c4b27515f27
base/assets/bin/Data/1119f354f6a54c44b9bbd8df3fabf6a4	618844	4f6cbbcdbb1e6b5987801268c1969de75d87a6b039197f2f7be5fc86c8a03ee6
base/assets/bin/Data/111a471cb1d1785419e9ff80709bfd84	7296	b188c21d3f007d24219e0fba468f5633ad2f17e10cf6c307a09e682a6d236bad
base/assets/bin/Data/1123b95f7775c7e4aace82a3961c76b0	12616	01c4bfa05265493d2ffe5529253abb30288ade924842148b54b1744ed7b106fd
base/assets/bin/Data/113e0b2b97011194b9948c1733e87e2a	2408	65a33e5c7a5f8feaad91f4b3c65176b1a11fa886086d435912b573a39a988571
base/assets/bin/Data/114add8859b09d849aa47403e0067b2f	3876	1d848ca6d39ff409508d0234b2c1c9ee714dba65bba49d0d4c2498c0bc73336e
base/assets/bin/Data/114e4d1820a9fb843b18ff79d9187897	7472	ab46d4a2ab16a4bf37e6a14187bceb3af348d9c0a5d6d10ddc8f6c51ee1e48b1
base/assets/bin/Data/1175ad6d8a87ce94f9a3cd298a2b9136	58620	5400d00d8e92c1f1e47ba8a4f18115c8e224a3aad53ce1a8f3df5b4a7d6c5e99
base/assets/bin/Data/118dce1a2bc7f5c4ea58e3cb0862afd1	695676	b2b6fa2c3abded88395be881ccb8aea45477130ea81d42c9fd310d4b2d2cf26b
base/assets/bin/Data/1190114197aa9624c885f150cd2d98f4	4328	46b69dead2b3a6157dee5ebe9946385e51f8376b2af201acba2912a0d1b90a62
base/assets/bin/Data/119204e4f52a8404e9c353f417b31a28	4780	5323134fbb353084dbf37ff3fc2f0f9d818f3e236934ced90839b5907738b25f
base/assets/bin/Data/1196ab2a9dc79074d9977c9af2ef6895	80144	a7b20db372cff3d3f894f00c45ea0020290cc630e01146b537e10ad6250bb078
base/assets/bin/Data/11b234ad954491e4eb9496658e19f2c1	753580	80fcca26b297538ede57b12d7350818a87bdc26336da88aad4f783b131fa38cc
base/assets/bin/Data/11c67dbc5354b5e4c9415ea32ccf3402	10908	307dba150c3db9aab958cfa6adc83b735cc947fcb66079ce44fb436219de41f9
base/assets/bin/Data/11d7e6991767d9d4d96e87456dc8e60b	6420	29be3757ac6483fad882b0aaf8d867ccbaa514c2ef54241093842f699275f875
base/assets/bin/Data/11f23b7428545f84db8a4e251bc2e2a4	2248	57f1107f6da7266ce2867c8bf428153506ebf2a9c0a506e57acb85f61c5d53ce
base/assets/bin/Data/120016271b168964eb10923dc6efbda9	12068	9d0773538843b3412a621ea0a84a0e8e7fd00e7d634868e4dec5f51f0beef89b
base/assets/bin/Data/121b80d16526a49c1931647fd1e897ba	4700	ba259224b9d767baa3ebaefcb401c10f4121ce40ec7cd181d81b39f5b47e7acb
base/assets/bin/Data/12319341b86963f46805449f9b1cfb79	1116	3876d56ff430693c0d74e50da6c1581bc69ae8ee2cc5fea01561efcc88d85ae4
base/assets/bin/Data/127279d577f25ac4ea17dae3782e5074	744	74e3369a1c35206038aa58bcdf41db49d27c4a7957b5b7c5505c57fbf73d407e
base/assets/bin/Data/1285430f176615c47bd1bb73d5fddda2	20392	7bbe2e3dbffefab51ce11a32b25c006ee4b2abd076fe7a6e6ccebda8d15450f4
base/assets/bin/Data/128e987d567d4e2c824d754223b3f3b0	6524	b6015e05205a5ff8c48cfc6acbd76b771c127d53fc1fefc043065cb0aa80c1b6
base/assets/bin/Data/128fca0abb31ed5429e62ee1b4ec18ed	32380	f5b7a888d3b7e25a3ff38e4daa9d0d09b63f3ce4b9f2225544fb976cb04110db
base/assets/bin/Data/129759e6ca2ebb640b581dbec3046213	15496	3ed8b108f416ef62e320b95d8f37dc1c546c3de4bbe7b852ebef4d823177c2b2
base/assets/bin/Data/12af4b215fb2d3c45915afd0e01a6e1e	1064	d73d145b191edd55eab8031544935cd600ed128d46a6d39acd75e7d557e8e5e5
base/assets/bin/Data/12b1c25ca0546784aaec46928eb4561a	2728	1c6dcc4f4aa646034e1b9add6f18f26a7d1e9988a13be0e95f778e553dd75a65
base/assets/bin/Data/12b80fda1d354ca43b540b74b5b16921	21852	ae9c1241a9f4ecf79134627ea3049e7bcc75710cfcda6c7925c08386ad60d74d
base/assets/bin/Data/12cec665ca55a1e4a950bbf392a962d0	11960	f1242d05638572b4b503122da042a08b9d36dfc5ffb68db6422ff1829ba2c765
base/assets/bin/Data/12e2343cfbb4ff74d960f5c54f5c72f3	1556	b78b6c877450eb2039fd5790eb3c5bbfdad802718d7bf87585dd1372203fb5d5
base/assets/bin/Data/12e5194c29b5e0348a2a5423e6201d0d	23552	1a0cd7db8605239ab910d5990c71deacc3799f5d36d5508f982f522f3a92bbf3
base/assets/bin/Data/12f5f0e7d401c2943a69933769bfc956	9212	86896bf0c15359be51d86468cec0c7b42c334537236a36f51a74ba74a9cc1c3c
base/assets/bin/Data/133b32c957c5f4549844ada19a29d115	19304	1697673d7894a15dcf2ac9b2d30d6e8df3ee8c91f5f2400a4879cb53f5b7ec9c
base/assets/bin/Data/134f5d21de6893b409b30defdaef3932	4312	9992a6055bb33b92cccf5eed534a79ebedbf23fc697bb5157c1ab3760fb04f18
base/assets/bin/Data/13511d1ca9228994d89019025bfd82bc	5144	97dac44b760aa9acc5d8aedc063b9f93e96ec68e4d369e95fe5b763637e8be3a
base/assets/bin/Data/135db89eead4e3e408878c39ff29d509	48604	a01efb9b1c614515c388702d63ec991ffcfcd4498545a6c018d6d4d3de3c4174
base/assets/bin/Data/136e4ca5d097275498f2052515738207	728	7459f9ac7fafa7934aa2983ff0151b6f833dc0ab52f5d294862bb17eabbef247
base/assets/bin/Data/137c2277b4285834584fb2456d620270	15244	89b812ab3d088cc730b8da5b0252abe5109fc3381952219f7342401557a17745
base/assets/bin/Data/1385e18c249aee641ab19b45d7571447	9632	4069cc7b6eadaf231aa48555e80dce55d097f3bacc771fe3d6a75e2421598866
base/assets/bin/Data/13863a708071ba249b0fcba8e1221cf2	10452	4c2acc7cf3496a030d3bd736121f18e3bf31a8c89b06836e0c0a0a3d3b074bc6
base/assets/bin/Data/138ecec87ccbbc14498f19b96295f2eb	13796	9d44c52e812b4f86178f5e4f2672cd8bdd7fe8dce3736a4e115c30df4eb28f9a
base/assets/bin/Data/13998791bb3003a42adabbeeb5145f38	59576	418b5a297797a7668ca1aab05eedfc3b98da6ceb8570b37a05ecb6b09f461123
base/assets/bin/Data/1399f205613ed5f44a3c422f23210b41	6476	9f4228dc062cf824a386d09927f68f53fda92a595fa8ad4a9a85a3b59ada5342
base/assets/bin/Data/13a3b4cf61f76904a90dc10b1106fc95	12584	a70fe706aee6cf9d81118bd500b873be6eb5a9a68394bbf843d5f0c64e63b003
base/assets/bin/Data/13b9e3e0acfe10d479ea520714fef6b1	65308	5f0748b7474fc8484086e6064dc23fb2234ee5070cf3913f46d12abaf61cbde3
base/assets/bin/Data/13c9582c35fb4d14698a7e82afa120d1	512	9b7f8a1ef8c3238803e02fe349337e66b02a8ae870fc40966ec6634ba8dcc17b
base/assets/bin/Data/13e3c69c3ea81a44d83a328d632615c0	22152	12cca0a9b117dc3bcb5b2cca763c925fd477124dcde533c61d726c82a0741299
base/assets/bin/Data/13eab8ef9ac4aeb40a0d11ca8ceb2658	59080	792a9022851be3c7cd2137a8aa489bb752f14060e4d8024c18d489879e2aa89d
base/assets/bin/Data/1400a9bc0850bb146b0cbbb75341998a	5604	0ca8e1db37ed7387b756ed53081497919964d69fcd44d2d478b19d67efc90113
base/assets/bin/Data/141c401bf712fb04f9ebc86cd84305f1	556	b631faeccfabdbdf86f9e82f98252bd25d1422e359ac57b32d60067b3d7cb21a
base/assets/bin/Data/144d50da78070794ea99033b99419634	724	16bca053cdd36e2b941d3a7ebe55a31ee55635cae568983c34db8d17826fcdc7
base/assets/bin/Data/1460a2a5a0f309a489e5d4b312f58647	8672	294666a0e936652224da9aa27d70d4d60efd7faf755d0e632d1100338dbc1c32
base/assets/bin/Data/147e77bdd8bbbed4babfcbe973fb9c77	213880	d3c7f487deb96f0783d417e0c29039fafa904c7d2d9c19123277b75f94655089
base/assets/bin/Data/1490138024f1fb740bafc9746ad9b229	10704	890b455ddf6eee652229051e0a79b24ffa19f87c5096bd01466650c4c06da292
base/assets/bin/Data/14953f5ef40324f1fb0681c60854989f	39120	97ccb1bb1778429e4d45af30dedd1786f854801f5cea1ffa8399d7a7a2d44d5b
base/assets/bin/Data/14cdbc709cd0b9a43a6771893edd8b7b	5640	2aacc9dd03f8d37a0a034319ffc38906882a8bd90f793597f3936dcc98e43de1
base/assets/bin/Data/15150c24f5041de459d1ef5cbdf34894	6760	c0fe470e670076cbd5e8c5a6bcdd746330790e361aa3c56eb9a9a789032590cc
base/assets/bin/Data/1524fe633d675c948a5f1cab7d7dad19	257200	ca6ab28cc7a3b5f00727a27d6188b35a3abaa6a864773f4902cd9580cdea8021
base/assets/bin/Data/15871493dcbc1e2499cc51f85cb5bf61	224688	735b156dae716f2356d45fe403db1669cd7324c34b786a682272101677468de3
base/assets/bin/Data/15a99396938790243b814e0119c143dd	12720	288d42c8ac94acdc87641dadc6d1433b8d7cc99998d4744292ba918e20025923
base/assets/bin/Data/15b476846e24edd4b900af0e3d45c25b	54628	9a82e93ea78582f97f5f373d349289662582cf7428a1fc08e54bffe0d3cccd5c
base/assets/bin/Data/15c941057f71a5b4187bf8b787cc8026	1808	63bc0066df18c6c11803389cadadca0a01de0751e62029befebe4eb89954d931
base/assets/bin/Data/15cf8275bbe7e564cad3c7098af3d948	10700	9859c78fccb3f86e0392737f513be958ae4f1315247db7196995baeef3e5f094
base/assets/bin/Data/15ecabed711150547a5266963f49087b	37772	ad9d520dc88fc7bbe763a0ccc251997e5ac645d8b751d98d78861fddbdf67fb8
base/assets/bin/Data/15f5d1ce4efc1d248abd9156e40c6238	1788	14d69ab82a7c3a8091d8227058d4f1287f8d7403ce279957cf947b817a790b81
base/assets/bin/Data/15f71c1fb80528f48a18480c686cee17	277628	4d67c7e376d0153fa11767181b7828942e62078d7feb2ff865951319b09e304e
base/assets/bin/Data/161c4e8be1c9b19478130ed8c4601e96	78452	fbbefe371003a26bda2040573f84486050ef6c603cec0cc76f761002d7170b3c
base/assets/bin/Data/16322e2b4dbb4964ea227ac9aabc9b2f	1792	35ae6e56a79985e3758f97fc41c6f561edf7b516ce432d474526c9eef993f4fb
base/assets/bin/Data/1639724c3f8bb4e5f9cb776dcb873480	201880	dc5fc8e3195c3bd6b5dd8af7879d4c2d068554f36ae1bb72d58c50c6a5d79494
base/assets/bin/Data/16448119cd9bc344d97d9eba85e8f864	160136	747a85ffb94af3e95ce8c76faa02d03388088fb86cf44d86452dee0ff028275f
base/assets/bin/Data/164aefefe434aaa4cad0e00da96cf027	71028	3392fdf26b5ef2a8bd1fd449df5982c00c0cdd000957310cf4f47533fc2c1ca4
base/assets/bin/Data/165f68190b2a56b488cf6119f959a14a	2132	ecfc50b1c7daba7963f54dc40c7e6eefea828068e8b2e30ee5251cb3ace21764
base/assets/bin/Data/1684f34e3e121e542ba3c904b0db3bc1	11760	39f67bb505faf2252e8819258c0303a822c5e36dd993f58b0cd5cb60eca0b73b
base/assets/bin/Data/16c150a61f77b9f488777e0d88084a6b	748	73fa46d4d93a15e538f4a910ca45526a383fab55933ee0cfd57cd42155756304
base/assets/bin/Data/16ca2f590ed55ad4288e8918bc492b61	16744	1d6643543a6ce60f787eca90a8ed056a2d99d6d7818ac3918172cc3807374ca3
base/assets/bin/Data/170655b93e2ef4b429dae7d286a45445	55792	607b61fa1adb02d7d1589d9251906c2f3ebedb4f06cf5662763fe99e1dc8e24d
base/assets/bin/Data/17157f83b266bf045a9a6bfbd907489d	14484	f1c9bf084a3346d5c1b483f399f1c251d54bb832b6787c1bae442db23b378d9a
base/assets/bin/Data/171adf060dd5bc44fa6ed580f8e4b5c5	70808	67a74ea191f793dcba868da5f8897d083070da574001fe2c1a6a2ccb59d83323
base/assets/bin/Data/17202d2ca78df574786a1175bea6b807	8760	008165250c745384739401e0c685a4ce5c491842dc5ef5dcae573252a735eb8a
base/assets/bin/Data/1722dfe40861c954c82778014f05cdc8	62000	a3c39a23df548e8451d16a6cb43643116b0184b86fc921e529cdcb1245e85905
base/assets/bin/Data/17241507b84a841ab8ca696cdd81d947	78480	e2130f0fa3cb82c4d689b45c87fb2af419e935d717f5089bdd94db0f33f5dde3
base/assets/bin/Data/172fc83f24af59d4f88afbf8ca1bee30	972	6e1d70419d1cae8a5b8ebd76f600a0c09643b0eb75370c27303b2a230d31e26c
base/assets/bin/Data/1738ab6a170741548b70aef923d82593	14360	85ecbedf986d82e55f3781f7053388570f8e72aa312ea7876fd2739635a15e30
base/assets/bin/Data/174377ceaeece468ba6c67732925a0e4	7764	b86b8d034fbf366f32ac7fa13bbe5c0879732523d6fd5bd075d661162dffddff
base/assets/bin/Data/1751fba947667204bb8e4728f2be689d	43704	cd35d623b29680be82bf5921762abd4f3dd4e92be1174ee1f4a8b5f3739fe90a
base/assets/bin/Data/176e097e190e44ec59bb64408c022014	47056	542d20091aa973a08051c29185352373067e93267a6e1a8f3823884f7e361fb0
base/assets/bin/Data/179476af621cdd546845bb658d43186b	9796	843e792ad9e4b021846301de79af4c21b835afc5ceed7d968edfadb1bfdc3418
base/assets/bin/Data/17cd3063c4a4e694eb56eb57670d997d	76084	2456ce72cffd55b5a38ea727e775dc40cf0d21b4e96d721fa0b9e891a4063266
base/assets/bin/Data/17e82434db10bce4a8a811e3a09c3364	71464	b440cc2fc9dac3599aff677f3e167e0c99497661ae677a4bb26415a70d2884dd
base/assets/bin/Data/17efa782eb7a9401980d136d814a5bca	72732	ac370eb53f52d23479b7d8039b5712260c14d858d807e85d6c6feee04e881ca6
base/assets/bin/Data/17fe1ecec579a1b4caeceb3bca8b85f7	5296	dcfb0b412d354859299c8e0be6fad8508f38b97818448a5b69e84fdc235d9b6d
base/assets/bin/Data/180fefe3179ebcd4e81f7adcd79e735b	87132	77c096899c4f24484baf51a79b7590528947a44f9f07341361bab0a85bae717d
base/assets/bin/Data/182011281070be74fb636e179525cc76	45152	67762fdf2b9e732e493fdf3ac656b6666204f2026b54c1a03428d594af22b54e
base/assets/bin/Data/18518d14e9e3eee46a3189cdc3d308e0	2116	240d64c9bccf274d45e586156f6496314f071a459cc5f2d3ec0577a1f8d078d1
base/assets/bin/Data/18575d77a966b4e4f9c079ddb4efa015	6504	8aa7bde5ac69b9c23b3bd4ceaf10d21208f8c26e11ad6cc09bd4b9ec706afbba
base/assets/bin/Data/1861f710a3a07f74a961973d76adcc6c	4112	e9ba399a1b9774f68920a7913d2f77b36b91540e5fb5dfb16f91be4a677df184
base/assets/bin/Data/1892d38a58339c946ac426af7523515c	6176	c3d7aafe62863770576e2fe28ec752420d8891dd39662e12553444e2799d4ea7
base/assets/bin/Data/189da3803b5b258429008819ecfcd2ae	1495880	a7b33281aba56484ad36613cd952fc31d224eb59e45034163ee47f1c53de9061
base/assets/bin/Data/18b0168fa365197479d75d03436a06be	23156	e66bf54494aaf3393a08ec288d858e72a8bd99ad10468b952fd0fa656eb98be0
base/assets/bin/Data/18d38757153b9d046b2069a8e6f7194b	5808	f12918af64856675074edde577310fc24eb1208c77507d9d24e586a1ed4518b8
base/assets/bin/Data/18d41170bdcd034418751cf3d3dbb078	24944	916f5da89053f6412fbf8e430fb27f3217ac12ca24632cca359034d5543d2106
base/assets/bin/Data/18ecffc2ff4885b41a3c77b0cdcc6523	9452	28557abe14d0c99816ea614d58e840033365b7556e5892c4745c3dd99af48410
base/assets/bin/Data/19001ca95c156c441b6873bb456f39a5	3460	9ed5ad679d5d632a91192ad81c1defc12639b1e374e580eaca7220dad4986016
base/assets/bin/Data/1904d1de1b5a83f41a965455ace8e706	494312	aad8650d4eec2f6b9f125643ea2a94928ac8d03f93a86c5f9ed631bafbe96d33
base/assets/bin/Data/1915a971735dfe246b97e748b687ffae	4660	06a3bffafcb190deb7eea12e0ab0f2eb2229a6d32be105c1a79c08c4239aa9d2
base/assets/bin/Data/19332da3c12611046bd356afd8eb619e	211856	aaf69e57018b6d5b7668d21dbf934f8a9edffcb6ab88211187e39e79e7f558e3
base/assets/bin/Data/1934a5504f464c048b2197a700d2b0cb	7916	19fc6d06ad0123706579905f1099c31fdebb6de478d9a7ce8e4679dc37537113
base/assets/bin/Data/1936738789ae21c4aa3ee471fc90526b	20724	7ca15475fd93d12f3b5631549775b67bfe543b0cb2801bd8812695a58ed8f5f3
base/assets/bin/Data/193748743b039774baaac41bf378af65	8904	89dbd1274df342d3a437b6c8cc2c940ae9f0176ef1e8b2930e8b310a8c35bea9
base/assets/bin/Data/195705a236f904b4896b294b16e4e25e	18536	e9428304ae62f333a58d9c51746e44280236e545d04dc9764186574bd5cd08a5
base/assets/bin/Data/1990beb0e5431e645a9cd560afa5932b	628	119f9d1a95b042ce8999ffea1177aff8d6c17a2e07fb8afd1076d1b664a88c64
base/assets/bin/Data/19b1b4c88e04413439633a5072330b04	49372	f5bb3c7da69b75a8b161cc9eed3eb45316231dffc867e628c9551c3957b49eeb
base/assets/bin/Data/1a18eb118e7cda54d876e4d494c964da	8592	25a5b528f562086b8d6bd84d01228422ed1bcff3b86aa256169fa8fec90b6235
base/assets/bin/Data/1a1f87fbcb2c643c989c5fcdbcfe9369	80080	8252f9a3c622ede9a937b9d07e6a8a5131ea81187be68f2c2aaac520e47d8d2c
base/assets/bin/Data/1a3322dd615ba284db2183d99f2fd6e1	2220	5159be7cdf55142618450b35cbaa3e651af3d6cfc34523a3be8d9be0442d8fc7
base/assets/bin/Data/1a44468fb9bb001408410783dc0f5dd3	7968	c0dd44e62005e185fac8b0b17a74f374d70dd82ae3580732a592a2c2cfe87b9c
base/assets/bin/Data/1a470c8f66f082c4eb98247f443cffb9	5524	7d143dfcab495be504a0b30f51117b5aa8b4b01ac0fb60b742e9712511f75889
base/assets/bin/Data/1a540b29b02ce93499f26608d6d6142c	2316	1b9d01a8c45adf0e7d2c93df021d56c88b1be0c44f35d2cc432b2824492c2094
base/assets/bin/Data/1a61e7a959fbc6c4482b294592ee5875	912	8acfbd20d4003c01dbecd76f9fee7a61441ab86612413e433e18fc598de96fc2
base/assets/bin/Data/1a6db53f13e523b459588822df030486	10784	fc1f60d2594b6527d91ebacbcf8dd2218e1ca81aa0646200989444d3610702a8
base/assets/bin/Data/1ac27e659bacc6442b3f0acc74d8d3a8	252352	6d30b9ee64ff1c21c9100b7fab2bedb6fbd51741c34ddf3c564e5b520dec6670
base/assets/bin/Data/1ac7f9ee6084e48ac96b6c17313fea88	7316	5ceb818b161d2ecfe7fff3fd936d6445f39950d38be81e8095755a3c50652bce
base/assets/bin/Data/1ad2eb97a681f17439ef20cef90f32eb	443184	484c2fa9d983f18cd521cbd1e9dcd1570c321d64ebce86e7b191013a9d33ada1
base/assets/bin/Data/1ae340789632d264eb5cf09e0a802ec4	11224	ca8d66f965b3d4d8ab2bd3b3c4f91db658169ca8df6d28882821e8cd0fcf1978
base/assets/bin/Data/1aec4c64e93ff844f842d0a813c81f93	65644	a7b671560ff109455d7452af68453339d4aac8a00817db850ff5a0ec7d77645a
base/assets/bin/Data/1b029b89413e5ab45828e57c16120094	14148	cc6828c837548c9d1b11a13573222bd4dfb4634718f076910e5356330d147277
base/assets/bin/Data/1b1407e3177779e4297f14a9080829c7	1936	e5d49a1ed707b884f6fab984d62e8d5f8d7eeeb0eba9f7ef95dae85ba4aace43
base/assets/bin/Data/1b142112a7b581146aff48c4e738a5b8	49660	8e288cad9c1be2e2e4b191a8f36f7035ce393deba12a11dfd05403a4505d78bf
base/assets/bin/Data/1b2a528b1c99e274e8f2f5369ddb14c0	5296	2a7991fd60be523502f5f2f1a251619fd5a98790495e675723c40e52ce8c3aef
base/assets/bin/Data/1b37d66bf0e6a9e4681dcb2423b70e04	7360	7c913c6267b5d75fb6ff5731649868c007993ae0e6bba1608cd8f655c68ad37a
base/assets/bin/Data/1b3dfc9d4446ceb47b33120d762aa9cf	2444	89123401113bbc7755bc857416a75f4872b08c38d0a3174db0579bdd91c74147
base/assets/bin/Data/1b4a369824c1a784e9c505b59f3e8d99	238124	8aa0897e369972cd0c551c927ae8dd487b449cfd290e1c6c058a50c205c33918
base/assets/bin/Data/1b590f1d3b8a1466c90bbff56ea541ff	15832	30c455d85cbb309e0991ccfc771eae11a74e8a93a4fa22840f19a1057c1a25ef
base/assets/bin/Data/1b5b7755dc3e6da479e003ef2dbf2afa	28516	0554f051ab3877233c479de61bb143b90691a86319c23cdaec84567fcae3eb16
base/assets/bin/Data/1b5bf87eb21aaa9489ae3ecd740ff183	8732	3e01bba3b9b5613e845fe12ba2397f94ef2e021a2586969d7160994f56509fb6
base/assets/bin/Data/1b69df8598334b146964b5e37d26c8e0	26300	19cba9fb92c82fdec63ce37c72c23402eabddb8b251fba8e83de7803500575fb
base/assets/bin/Data/1b6a03363476c62409fc3ec116773c6c	12808	1372781d156482cf7b9768147b72110745f7c7a7373c436621bf7d409f4da54a
base/assets/bin/Data/1b99508c9873ad14cbeaf33edc452776	45308	34735868e599839879b94ac6ac80c62741a792d62d2fdeae3fda5ff000ad1035
base/assets/bin/Data/1bb3f71a339110b49b8fcc6bf59e33eb	662496	9f236d126b1b1e2510c51ad6a314835a7b87a391bc65ad9a78b23a6ed64a69ac
base/assets/bin/Data/1bb630a7fb13c264ab26663daa41432e	4284	879d3b181ca61e650e022452f2080675024b8da988f610e2f545725fd8f62811
base/assets/bin/Data/1bc7ab38b72f49248b1d4c7c1993db82	216296	da336e677303f7e8eee9a055e1d4eaba344b1c1791026aeeb9ba8514533dc6f3
base/assets/bin/Data/1bcb8ed244976b54cba67191dcc4bbc2	237660	399cd70b1ca977f883cc958a0b7da2654ee903b22f411aa7af48e216c8ce8022
base/assets/bin/Data/1bf5e063ba3984b8083b940e71eb321e	5468	9d6441dfb4595c7d921f28d06a023e1f94eb8df85e3e5dfca1ed3004ac5d7fbd
base/assets/bin/Data/1c1516d06d2c5454d82b5f026fafe00e	4608	ed13b70c34f11a91d5e564ee8a801469c1ba2abb3f9a3dee75daeaa59cf63adf
base/assets/bin/Data/1c5d6ad0b2b16394e9e42ef98841d4bd	25800	19e3b046f66b81dd3878f19163f2eb0fbd213f6434d949f5bc76b52ef4fe2a46
base/assets/bin/Data/1c665e4275ab99a4cb1adc9703abc4b3	145184	3851cef78584b3ced4a43166f0387c6545e378ea1c8bc9337f251a50929f6e85
base/assets/bin/Data/1c836aabaa8aff94398d385c61ae8c51	29572	06b36978d1ccda2c6ee2f266c67647ceed0292e0b46252091254848b847bb123
base/assets/bin/Data/1c8519933c10e824d8ae9be235e4ded2	45132	c038a78a59c545d57d6ab35315ad5d9859f11d9860c5886081b94a6ad91327b3
base/assets/bin/Data/1c87ab2ce8b8b304d98fbe9a734b1f74	3976	e5c47975a5d2836b28057078a2f66ee41337d4275d1927082c3fc68f436de688
base/assets/bin/Data/1ca78910959c26b47b214b538855ac26	75844	3af2b06d2e997be97b47c515fc608ed69a9d74ea9b5f0b909506341e1d728cac
base/assets/bin/Data/1cb5f0015db621940acc89ca5c58a6c1	21200	93cb9bdc80e7da057ab3ac8eef324609cb7a91f24e12626c9cda710892186343
base/assets/bin/Data/1cb77ed6fdf33564e9f30b11f3777bd4	6904	edd2c607669c778e685dc3931e18eecb01ebd22d0a9e89bf4f47a4167ed4aa2a
base/assets/bin/Data/1cd9233121e389c4da427712a04e35d8	6192	273c36148dfb6ed14bedb451bc509ca8a7a57731cff6d48c858ae78231aab59d
base/assets/bin/Data/1cf1c925c22d6bc4e82f4deac8c2af57	4892	b93283cdbb983784689033bc4cb15a4dd4b84ca55a35d33788bedfe83a2a50ba
base/assets/bin/Data/1cf56a735fc75b64088bdaedc11571aa	48244	659a14fd97bc66c77b7cb3bcd4e039acf9c7eb30fba62ccfada6a9453d7fcff1
base/assets/bin/Data/1cfe6b47b552b429b8c1aa311c6df8b1	107016	4f34c5886b69e63957e0f5a58bb9ca69f29f2fac46083c77247c75b0a03f2601
base/assets/bin/Data/1d0514740e260c645acdcbb413660ae7	2732	3875c7884fc81649e44fdc2857af8fcb31d2e1e5a351b72dfb70e2f401757aa1
base/assets/bin/Data/1d200f781a2d24a5f8ad83bf9546e093	4604	2b33071339610815e3b81db5d09516942ae7d8c56d8acf3d4e23200ea56255f9
base/assets/bin/Data/1d3787143cd8b1340be62f2e06121e93	64684	82cbf6ef6e633367fc856f44053eca8ba5906c8bc4e24be9f908f279a5a21412
base/assets/bin/Data/1d46118f1026b0740befc62a47aa18e1	927756	faafbc0b1e35c4a5edc5a8346ad1d32de2ae6282c36aa90cb6246ab4ae780f78
base/assets/bin/Data/1d5cfac2fd32f31429a8db06cfc55927	167528	50ec99800c0ec0b9cdbcccd194f0aa92e57174eb959e8379cff220dd881d6ed2
base/assets/bin/Data/1d5fb13ae944514498198333d7022666	16268	8874e9ed49a8633c832da9a9e635ea78ce0b6e2f8f2ea8b934c2a74245512754
base/assets/bin/Data/1d7ac71e1973b024aa27c6f1a1a33e8a	4904	0bda975ff80a1365c860ff8937fd76e715bb37aeb4ab2d29e7923cabc4ab649b
base/assets/bin/Data/1d9033a92f3dcfc47b8d5bcfb3849e25	212696	96ef3e92576ab72bed26ba3d837a6fb0a6636fe0adbb0b559e64be6fbdc4acf6
base/assets/bin/Data/1dc49bde6cb59dc49a2e9c2d38a56545	10968	ca322ca2a9e7606ade96d63da4e765a5ff185d61fc88453b19f5af6c55839484
base/assets/bin/Data/1dde53456d73dfe4eb385eaf6c6e8d58	10224	28fa3ed8c11fe89a97252e823cca8d99fcbbd3595d9e5ad9aaf431ddee77ba54
base/assets/bin/Data/1de841b2fbf722648acbbfd10c8d6ade	20964	8a314417bd798d8a4be681ee80b5cfcff65ae7d346d8a56eb1e5e8fd8eabf23b
base/assets/bin/Data/1deaab9129a7e4a16bfb455759f8e94e	650128	348ae28074f27922a5b2eb8a5f74856e3542ecfd23b1f0654a50affb211380f5
base/assets/bin/Data/1deef8ff57cae0b48834bf5a6b4eff60	7952	648b98af6051c0a712de4b1121627add213daa4612c8fbd26b281aaee322cb42
base/assets/bin/Data/1dfb4ef6bcd902a4c833f7d26e06574b	2164	c8cefbd0d4c7201d906024a1b53061069691da0bc5515b0115f8dc466ea01421
base/assets/bin/Data/1dffda57e08c026488557d4b40b9284e	1984	1dbdf326cc085c473f8c5951c8a8cb10787652c47f8588ef82cbe69e39c2a46e
base/assets/bin/Data/1e18b6642e026e441a893835f91f2794	5212	f127daa5f8d200d3e19e4562b17ff87dd37a485e36310c17c613224f87a78e6a
base/assets/bin/Data/1e23596319838384e9ea449420458532	140236	3c5f71b23cd8172be30db4ab483e45f1c21f453393fa5f5f680ef662b4b42447
base/assets/bin/Data/1e292fe0c38f2b443b73cdba025130ce	748	0fe2222df2083262fcae014dec4ad77249663be2d4de6682847b50a4b2b5154a
base/assets/bin/Data/1e3b057af24249748ff873be7fafee47	9024	f3a303be58202acf1c9ad60e3b006803f14e82e58f997b3c343cb977dbcbcf09
base/assets/bin/Data/1e4f3fd653d9e4d4ebe299b93618c05a	82728	dc939d0deca5084bb655dd81fe3099e1b4c89d5155faefd5093380da83e3bd22
base/assets/bin/Data/1e53410edd541ec479648dc792023100	8836	5e2902deb3d0ca48ece39442fe657a76cd1b558706e5beedddac70ae29c9f3e0
base/assets/bin/Data/1e6f82163885b0d47913ee778bed54ff	1820	8106992d460e2424dd44604a8507ed2d9286039d9e344faeb8b07a872ef6d26d
base/assets/bin/Data/1e7463305195c2f4a840a0c25f7f9f3e	5096	73038e33f1baf0b24bc0cacabbad15edc7cbb2f11503e303a007f0ba9580e122
base/assets/bin/Data/1e833971c4237ad4d87f669a80c3ecbf	1672	ad832db18f21d5f0e5fe0ca06b55432ebdc94f062a63b5942e150d5d97abd8ac
base/assets/bin/Data/1e96f8db9348c254f9cb1de5b6502745	2060	b83bc67df88a299da41211346cd4801149a9ce9bbfa1c908b8129f4d21ba4076
base/assets/bin/Data/1e99dd74dac2cd04faecfe323aa4dc9a	29556	abc89d530c98f61579fd720cc53a3b33847c89c9a48c5ffa284c733281a65ab3
base/assets/bin/Data/1ec4c1d374fc78744921785dfb111d52	21404	c6512fb50392350da84905cbac1f38c6ec0223fc11f6f1277150a7a6e9e79bc9
base/assets/bin/Data/1ecbfdb2da476e74b86ccfb7e9b0dd1b	53856	622106f748f61f10021c99951abc47c616909ed46113adac2d6b9cb6c5559a71
base/assets/bin/Data/1edb3ac1f2b1e7c4d9e5199432e540b4	7244	fe92d649d7ca354ec7a1f864b0b5cbfb0abee146c3db3fdf3f487c3aaafc64b9
base/assets/bin/Data/1ef467a80abd4584183ce240a5025050	5916	4aae5f2347a0573c12eea9a878a98bf8565d4cf0ec9cf4eeb299d3937e56573b
base/assets/bin/Data/1f1239467170d8147b9dbd883a335679	5320	8d37a4a388775baf4eec31ef6779a33beb6f349d310e1591374cb66106d49120
base/assets/bin/Data/1f475f238b93248d8a7f37a731213d92	1916	c0dd1a920b8a9cddfb85d5ad1bc7de5341b2ce7277cdc6d86e69ceda28e81fea
base/assets/bin/Data/1f5960fb782911d439b2f1c379dffcc2	16316	09061b4824bfd3a3dabcabbbdfadcd4a0a5dddc03d46a11396a33f2026c454da
base/assets/bin/Data/1f67176244f2e2f41936f01f19665d1c	24096	af49f5b42b831cab3a2418808d489836b10d3a2cfcaaa82e9923d39a989b2325
base/assets/bin/Data/1f6718a593094004e83ad3717744db49	49924	d0563eb692581b7c8b043e88d923ae30ca32cc22332c092c890425513ef6fd51
base/assets/bin/Data/1f6a017ad1deb594a8c205349365d619	29696	4fe6fd4673f72c82b71fcb9760eb4c62ea9af4c9d63ff42cbe726c40b9fe612f
base/assets/bin/Data/1f6d70f6a0d27ed4c8589746763092f0	31880	a80d24d1f538d1fffb36164a00f7b14281b449669b8d2fe70963eb4207146603
base/assets/bin/Data/1fb15a4748b36384fb8981329213d290	1254212	05cc61d2eeac1560cae280ab03fa7b9d9a64f857b87fef396e12a80c6ffd657c
base/assets/bin/Data/1fc1f8b6c31950341aa7a13303300dd2	2204	44b32c126a33f9f2d718d1cefa0a51a3528d82bb4ebd7fb2a8e056312fe6642e
base/assets/bin/Data/1fc5b44a2fce3ec4d8278ba216aed383	272972	289b9edadca17faa4133bd9f039815e8cbd5d72f5ebfd664366c1c211ab8a726
base/assets/bin/Data/1fdedd52db9a4ba48a5e6abd28e00816	5464	b73d649ec91f99210bf3bc36ff5ba870397abeb096522be507063562bafbd6c9
base/assets/bin/Data/1fe3897ca26256842b999c6ced75a6e4	13540	0078e5974073543705e4558bb2ec10be7d47c8983d9ead545f85fec1cd810bf1
base/assets/bin/Data/1fe795e9187d5da448a00d2d83490cfc	2176	83a23351720bdb5705f9eccea5c68b66368891f858ed7501e7a104f6c65a6909
base/assets/bin/Data/1ff781efecc503749999814be72f82cd	48776	70c3764ecdce27a2fdf4e68e0c0359584654b5880b9f2800e609c8961cbf0f1e
base/assets/bin/Data/200a991b37a5040bab4811211180b6aa	2852	f0bcdd46df6fc1725fbdb3221db741db919286815521b567c307a9f2c3cc0c51
base/assets/bin/Data/200d0a10506754c4db3ed15e870ccb9a	27352	b48b91d3c87d2588104eed65d054cf5d5c5c1f8135b0a9c5ff9f9c5c8be7154d
base/assets/bin/Data/202ab340b561a6a49a0b76b31b15cd9d	44400	f15a3e49f7c785d80d514b513ce9b544cd2dc2b466e2671edd4fb7628d798ba7
base/assets/bin/Data/2034406537713594fb316f2bcee46569	25404	33f3d19445ea1a7c00391bce191151de0d88fdb5cca5031a08a517c2c3515b8b
base/assets/bin/Data/203b5e4c82fb04b46a30dacd9e28a797	1072252	26425be0bfb04e9dde4dedb99b45a105929c5f36c27308a2e73b26129fd57025
base/assets/bin/Data/20482fee9e7c44ed991e503a5500e218	97720	eebfb23c497cc9c67dd675b0bf8c9dca26c91f779024f33c69805d243e835ff9
base/assets/bin/Data/2068bf037ebd75043a2a79551db7ed2f	5660	615bc406bf56920c8c98af30510eba74481283694962d108fb8eaa4a68b322dd
base/assets/bin/Data/206acbf927bb1534abad7161eff6bbed	6668	3a0be9dcc89e4bd94842818dfb0877adef1451544717dd3500818cc273cc03a8
base/assets/bin/Data/20775c7296cd74d12b2ec029b6d42521	46852	5fd5847d7898a233d3749af964c392ad49dcffc1b90e8898fb6ff7087b2d2ebf
base/assets/bin/Data/2086f5f55b94744498621a1fa2b61d38	10024	484b2e3205a4b8fffa71035f2559002e546f63f52ea511e2e1d9278344d96c81
base/assets/bin/Data/208be303e52fb444d82d98e11f427de1	149472	282a7701cbce446e244657e61f4fe8d74ea9c52bcfa0425cf8e0bad6d193e35d
base/assets/bin/Data/20ac04c32ea9c404b8a2822a44d1bee8	23508	b658f23a937468bd62deb7cdf6ba89ed12863705a2efc7116f8498de2007e5a4
base/assets/bin/Data/20c3831d35a744414a4aea43215d602c	79172	46a95128f462bd920f542c64d06711ef5aa62ddd1ae9d8746fff76a18446debd
base/assets/bin/Data/20c8cf97b8bff0a4fab86b206e7b3485	464	3c9ee17fbfe9db369432c6f0119d8ef7f4052a033ff0c7a6ff80275f227ea142
base/assets/bin/Data/20d761a923f923b4a9e82f71cce4d201	5192	0374a80b4db6b29705c60bac0e5fd5b2e1b9d5f2cf2f3b064d904dff27f127c6
base/assets/bin/Data/20db6505dddabe9498a5182932432e03	24456	d099615d677fbbab98fd562ee0e7468107138b205524a2c07725df0946703735
base/assets/bin/Data/20dc570b9b6178f40a698ae176fc7292	3024	a94bce79edc3b25f350821d2c663859e715232ae8fe4840b10e96cf535fba643
base/assets/bin/Data/20de718f02c954f4c8616da98f14317c	2168	fcff73ed85af237d44e48e7c15ab40dff4873197351dc6073321c77708afa105
base/assets/bin/Data/20fd25d8b3544d24c883da078e53a70c	4824	a91da9019321a2e3318817841d3faeb88aae3f2fc5a54186d8c0b29a992f3eed
base/assets/bin/Data/2105b3cae85916a42ba785a33063e9f2	94564	14b5a8334788ac3c2a296fa4541869de2f12f43f730899ae099aa82cb73f166a
base/assets/bin/Data/21216233dddef9446952e0670bb8c19e	24632	233fae1b3c0fedf58f1d4d797915facecb8dd91caa19996642f039ba517293b0
base/assets/bin/Data/21319853f473dc0428e683c52853138a	736	69be387997085162c620e1b799d4345342ed4e8fd5e51b52374343ed399ec23a
base/assets/bin/Data/2149525562232d241aa115547431158c	60872	2d73a7381445f8f4114684b4426647472bfd3f4188ac6eab9c4b493cf4d078a1
base/assets/bin/Data/214dee68d76321f4295856223f1e3393	73376	1221fb3db4216a6cb3fa5b8e1d0bdfd3e84ecbfea29401094de89e80b0605e0c
base/assets/bin/Data/2179462caf64ff046b3202b8a2619b5b	16492	ec63dde1682d928700bf106e7d5d9b4ff43857e5e4bac4fd2fd42e5a86f3fc5b
base/assets/bin/Data/217b742712f7ff34f8a6562931e1fa64	4572	052a8e48bc1ca36bb7b552fc5aa79d14088d61d720e92a70c9ea875a3268eaaa
base/assets/bin/Data/2180a98f2e00e784a9f0e53e654d4586	2968	554024a878a20eec60535938ede650aa994c22ed280a934d4a25fcb573e48503
base/assets/bin/Data/21a766be9d450694dbb945a4b4292ef8	7432	28154f748152fbaa89985cbcc9e36648f334864b42adccaf1c97ccaf53c9dd92
base/assets/bin/Data/21b77cd734c5132498de6f9b76d6d1b5	36552	0dd76979642bf6dc630c8a14d5338ade452e0eec2c5a1f1d0aaefef5e034a4d7
base/assets/bin/Data/21bb37085060e9d4db8cd2e3ed59536a	12424	dafc747ab9ee9be40b855493e1999c4dc4dc965a2d12d7d107ffb0e13d72977b
base/assets/bin/Data/22075daad0feca942a557a7902ea2d30	14788	9a77db744cf01c871df3f5cbcf5eb4a3ac5e5e6c2abc636352fc38294522f1bb
base/assets/bin/Data/223acf51933521841a54fd60f98bc474	83476	3134e3fac517d350359707579908d11bed557efda5c6f89ba7a7ffc1991ae7e6
base/assets/bin/Data/224f11793b20515428af9145fd2832c6	30004	6eb945cf4581b92da9e441974e673124cc692db56315562b53d50a3204651da7
base/assets/bin/Data/2286b2087ffd65546aabe32d6bdfd7e6	7696	e0f624c3520192120307bf1088bde7bb9c1d2c4b77136be85fca4bc1b07ca309
base/assets/bin/Data/229df4b3fd0f10341b97dbf860ab1f96	25692	d4ae9c60954e1fcc88005792d0c8e21b967e7cf3275234a2761d865c92e8a642
base/assets/bin/Data/22a3a11fb45e347a4b544a0fe2b4a9a4	4232	93ddbf35adc586610664df7fbb9677c390b1ae3e7b34faad846778ebcc5b69aa
base/assets/bin/Data/22e88703dc1978b4ca7ef4f4b4b8ada0	56064	559d184e868d01eee59b00c187e5390b71b3e62715ccb6a4d380ae0637d4c701
base/assets/bin/Data/231815db48baef942adefee709a1add7	65660	1dd7056c6213ae656b3cd0a207604e1a5a6ff67b272d6d56b48c48e0e2f6ae2f
base/assets/bin/Data/231e6a080132a444f96b0182d35cd547	2776	4e722c468a4f7cce8cdebb1ef22e40065c696021820bfca01376ef2f909ea304
base/assets/bin/Data/232235428cf63ae4e83ce221291c19ce	245680	aaafc4a6a48a75e72f27a298e0d105169786f28f4f30619ad92b660273ea389d
base/assets/bin/Data/234746403068b634fba592f6c63df9a8	20092	c6c3e892f7633552ac86584b2cca16b03213319db5e1a8a192e5a72d2fdb4cbc
base/assets/bin/Data/234c83ab76de74e4e94851d068701724	14492	2bb9432c2ac93939752cef858c2a32d2e789d3ce961f078fd4236879ceded41a
base/assets/bin/Data/2357441912a1c4e1cabc88a1942210bc	115552	a1d6792bd909f89af01732e0dcaee0aa8fc8bde40a553f559b768a0703ea3ea7
base/assets/bin/Data/2372c78e0c8a0454090371eeacb5a41e	4536	3965ee846b6672d253135be5988305129671d2d245701f5bfc30d0dae3d940b3
base/assets/bin/Data/2376a684f85f0b647904236eb5be06cf	3884	0dce7a77c9cae7adf15e7c77709f3c490f320bce63e4fec07f1988696b3f57b5
base/assets/bin/Data/2386c9114e45a2a40859b118a250450f	10628	efb6c9ee39fdf5b946d630f30d263ead71e85e6356b5b1745489debbaa380919
base/assets/bin/Data/238820c3b5187b9458ebb7e3d6023a53	18220	fcc83ad07d89c0c38600116f2815abcf32022ed27baef1478a6941e30c995b46
base/assets/bin/Data/239359ba912c2244381d4bf5fc2e68ff	8316	9de88879da904c89fce50a8ca5d02b1c94a4414698a0926c0ce8030a09448426
base/assets/bin/Data/23b3471a0a9dbd847bacdd376a565548	20968	4e042e9c040f4b0afd10be65dfca31a661214e5540ff5ac84d13637e1274fc3f
base/assets/bin/Data/23b657bd48b9b5a48a689f9536913a20	2748	3e251539640211e182ad0c7396482d73ec5c86aa9047fbc29703b5084a3309dc
base/assets/bin/Data/23b7253d42a872d49b7870d54e77d24e	242440	04a14d01e641f4672215dd6968392c1100d07fac8b1accf897d3f8eec7ddbe55
base/assets/bin/Data/23cba17c2a107534d8d4b6b422b3d984	1668	78135658c2b848d536b919d896d5a101582cd6612137f2419ff6ebafcccea8bb
base/assets/bin/Data/23e2c2adf19924842b5c62e30d82e5ea	7700	ee249ece4210c802a07b2ccc008bed3169f9061e05661731ef1a9d9ada7af991
base/assets/bin/Data/23f65f9d390a39b4eb47425e8ef8a480	9020	856032a00b86962e5178e79b1ed9a5ddf335f0d71eb1d58f50bd126f8c2951bf
base/assets/bin/Data/24136fee7e5ee094da14b51721293ede	13060	87ac12a0b59fbc9ea337fd1c5f8fb750b04b2dce7fc77ee96dbda3d35565a7eb
base/assets/bin/Data/241824d8cba65814285fc6f4ed161c8b	9528	9684ccb47777eccbfb9a92b8b40836328153885114bca0b4b93678567c9e0bed
base/assets/bin/Data/2441243b64d28f34a94b7777af5ec153	100136	5ab57fdf27c54a4971960472994b6abbf8500fd7cc444a4f6941cf5987527385
base/assets/bin/Data/244c6b6f14a4d99428f34115acb39846	252040	d7a5e7bba4a9f573d636e43860b2282190551baa7c8ed5de073e36919c42a863
base/assets/bin/Data/244f6276dab09e94692dbe01c45eb537	14380	4b70a153287d947f9bb05025b97158a28491b7c45caa8f807e1d4404633905a1
base/assets/bin/Data/2488f064ff6b30048aa3a7af25fed575	23576	a2d2b577b7edbbdf6c84845664e5a68ceee719a07edebabd3c6857edc796ec6d
base/assets/bin/Data/24ad6cc8adb44e649aab78554e9da48f	180848	a7ea3a04740efbb599e9a2eb1be9a5d2684abc8f8f0765df6f551f09eae2eebb
base/assets/bin/Data/24b40031788c4c9469313c8572457534	10808	3a39126eb9024e717b26e4b8ea86d537f25ff5ee858797e4e0360ed44d37696b
base/assets/bin/Data/24c22d129f166864a8ce24ca6790f1a5	327332	c53bfcc772ebc4e235b9f93d77428cf03b65bda7630cec0e23ada1e151192621
base/assets/bin/Data/24caf6c2fd9d38a4dab2d94b6a395f3f	1344	91f5010b5d1a256500883fcdeff23a0a5001c83c3bb3f8cdadb39d45e9db4b25
base/assets/bin/Data/24d6a83204a2f2740a89c9e0fd9fa544	8036	5ddf3c5bf21ad52dd964e82bfc8599fd55dc1eeece3dc065062e9c4abaea3fbe
base/assets/bin/Data/24e809bdb3d7cb945990749a1a9af844	54076	645824c57e3aaad3b1bfc510e5b0746781c51739b88977aad8886cbee41cd50c
base/assets/bin/Data/25019bb554ae16b41aa5b1a91900d6a1	5464	59c8ff2cb4d4982d0615ca54bdc9715865a384e2a6eb1752d2bcb7555f49ff78
base/assets/bin/Data/2501ab23840c78646a4ed90ed40d1b1a	16024	bca5384fd197030106cbeb142bda6a932f703af8feb80df8e5d60a21309e12b5
base/assets/bin/Data/250a46f2ddea51844b0c3fb8f95659a7	89756	919644ce374a4816920e3b70dd01ec9df1a864d3881ac4a183fd6f43540b5ad0
base/assets/bin/Data/2515516e8d9fdb143a152a3161cb57f5	10592	a651663393ba261a151efbef2fddb153732441004ea73b16445a299739530dc4
base/assets/bin/Data/251e6434c9bc9f64795b289a69f99a76	4284	28759d6d58716450aabe744e663e6dc414440930f48d84a35408e205c8396689
base/assets/bin/Data/2545a9faa718b4afab05731675d14880	6784	303ab84a90608774ca5732eb56eef228f2248e75a1531dff775d81b89a0f1671
base/assets/bin/Data/25640895311e3974b96cb20552a943d2	36608	bad59a87de0fb9032dc5c750b49499a843130bf5b2db7de97aeada3b9015a997
base/assets/bin/Data/257272f23972ca845aac05feddffdb7e	50252	d34ecbc2282919e9fd034fd96feb82f6bd27cd7713660def1cb6001d1ff4dd2f
base/assets/bin/Data/2586a3c14e02c694b9e278ec0fbc1ecd	2364	f439960bf629d4e3e6070645a257987d71727236650c1c8291810fb79a57454c
base/assets/bin/Data/2590cb4714f4e4646b208b2b8102fb6a	5308	cf3e3abaedc34c2ce5ca31174aca3cc56d8799d9e8c94b2731a9e772ecfa6b65
base/assets/bin/Data/25a0449a53353e94e8f8921f0ad27d31	6544	1a56985271c49bce9d44bdfc005af0786b4e8214ab8049e8701cbedaf5d1cb44
base/assets/bin/Data/25db44e4e7c91a144aa1a84fd37c93b2	49720	679066f16de8b3975ba43546416dcc7b01cbff7302210b7ad714f9c75a1f8da6
base/assets/bin/Data/25df170e71b0fd047be9e48c78d4bf8d	5036	2eef0ba20e6316f3830d0c35b72109f279aa525caf342ebb76d1c67c74019f57
base/assets/bin/Data/25e7d1a4d9c11f84086660f1b5a86d59	202444	c5566ca059b87fb336d1cc4ba92e6aa24e64b654b4dd5d2d29fa689bfca9da18
base/assets/bin/Data/26031af68d1c74a9cb52bd219a2c04c4	2556	92e2780fcb2f8d25eccfae3e5a5770c4d57c18b2404d004c68cd39c122913249
base/assets/bin/Data/261d637e7116ae249848c801e7f60abf	2688	94ca52fa30f3b1d7f64608ba0739a28eee446f17dc1c3b4d9290f56835e2f9ea
base/assets/bin/Data/2623d564d7e7ced41a5ed0a02df251c5	92896	a97cbf381b956a64918308a04c8d71311de40f8542e5023a41e792a1fc0b6d39
base/assets/bin/Data/262d436c425e4f74eadf684abb9d5406	15312	ac1294fb7c593e03616aa041607dfe320339bf95780524b077d62dcf93cf758c
base/assets/bin/Data/2636638b063bc4645a8095d7442a5c4c	3768	d2919447286f900f17cd1510d3236e0dcb63bc9faeb69e2ed3d41f0eaf1e281e
base/assets/bin/Data/264183c02df303f4782f41f802aafabd	2848	c5d7ee37e85e34176b5b341b297a3c17956739d4364f64c3c6dc25fb57e30eae
base/assets/bin/Data/264f72edd2cdc264891fbc986a5b73e8	40024	021b68174b6ae31411dfecad039bf9e6764535ac191f15c0cd0a030229b871ee
base/assets/bin/Data/266a65302bab74d48a000a5b0add4284	2360	37a9368dec94b3d71bb11a78349f6085d742d7796fa04a91e64e9eaa6f3a23ba
base/assets/bin/Data/266d79f0122263e4d91a2352a411268b	15544	d13b47ed81ca52ec1c9e04f87dfaae103302e54bbf74adae57d2e9f2ab2cd8ac
base/assets/bin/Data/266f9a9feadb9944284e3cefc3db0ef5	980	550d70c08ae129c175e25f88a173100e0c7e06941eca64df36b7dedfaefadfd2
base/assets/bin/Data/26860917588d44541b39db2feb8058f2	5288	c0551db3e05b77fdd7555821e0aa6098570e7c05a64f1efeb33de02d033c3016
base/assets/bin/Data/268b0e67325822c438b5ca792a078f67	13092	e08991914e7d691fee391ff7db789046546de990580551b5f1530c0d4a117bfa
base/assets/bin/Data/26a723f5b1c3a3d47af65a9653492a6c	67352	f3b9ee06e8ae9560209b792f62c3fa43d4a2920b77ddfd22c41160e84a1374da
base/assets/bin/Data/26aea5c353c5d834baea4c38279a8acb	896004	4694cbc51048b6aad9f3860ae3ef85c29809c6898dcae5189ff2c0a44c7656d1
base/assets/bin/Data/26ba3adad4a36284c8df29f3312f710b	1692	acd023f1c0da86e922461d9ceae843688a05c1f74df666a88fbe4037f7ce5c0e
base/assets/bin/Data/26dc4553446f80342ad9e1c1cdba7678	32876	434b5c28714af9f94ac467a9fc216106529fde229681a536f701f836b37e428a
base/assets/bin/Data/26e3a3a78229088479159e9d07744bbd	33984	e75bfdac4934068f1f6d6e012e8eee5b33ce31c5b1e496f0b9c5af29bd56d49d
base/assets/bin/Data/26fae31432bc97d4cbfc38a67e8e3f60	7856	f081bb979428b778a6b6671fc2148be84897c3e22e3aeecd8a9c060c491defc1
base/assets/bin/Data/27298d0fdf08ad9488e0135491987117	656	a6f2136e02af0d5a9ddeb9aa152aa9d6dd15bdafe91a68223b5ebfa96b68b6f6
base/assets/bin/Data/272e0956bb1257e43bb2cfd86ec63e30	7484	514657a619096cadb31c312dc5b4066be8d4804366ee6a9ff387e56aae612985
base/assets/bin/Data/2730764f7a27ec84f8880130d4c7d2cc	520	0ebfbddb769ea266af8221bee213f5d11da6268041ecf704ffc3b362fd1f04c9
base/assets/bin/Data/2737061af7dd12e42ac6e44bd870ebd5	87516	a34d2c6cc5c0e68058b06955fe0915255fad37087a0167331dcc2b66b742313e
base/assets/bin/Data/27470bf53b4e2ea4cb83772327c7b979	6308	1f80f3401d99333bd592ec9ede7105f815829364971bf217d10abbce01203b29
base/assets/bin/Data/274d9b705677fa4468d04dc329595f63	9692	9a84db39e76c8459c114f692a5d3e7565630867990f83ed3a1aac1e41f11d623
base/assets/bin/Data/274e034f8feac274b887d047e05b187f	8888	fef1304b476124b831643f441a96a68911b7cc5a50273366629444212f25531f
base/assets/bin/Data/27656dfbb8b31df41bc11b1729712825	6064	4826aedbf14495158857ad1b47f04eaaca8888270e0c49787ea3b2fac79755ff
base/assets/bin/Data/2765ab6d0f8d45e499cef29b56cc70ac	8596	5776d0b4ac70dca3a02583fdf0f039946f0bd11d15ac7decdc5e19f508752c6d
base/assets/bin/Data/276aa607c9061bf439cc765c0d9e7967	8132	da102da49bb0b786d79db675104d9a18ec322012c18d7ddafb6c25ad87d7a6a2
base/assets/bin/Data/277748dfae585ea45b2589819b163ca7	736	6e922d3efc6abcac2ff890e2a15b5568d02383351548cf71cec2add6e8cdb358
base/assets/bin/Data/277fbf3d85626cb44a2881342f22d19d	42568	646bffd7354692eec0d06d9d48b01dcedd783f4a9cc74b4398257d974c637430
base/assets/bin/Data/27ac6b9662e9b31459173ac4539de9b7	34000	24ef1e8b3742201cd4bf1f0028f5d7122cb59e05da1212337b0f0ab793a68d13
base/assets/bin/Data/27d3fda5ccd4d274aa8de703fceeae89	58796	e3869fa7b45226581bcfa408d305219d9ca802163d44b0c50f35c9ffcb2aeba7
base/assets/bin/Data/27d867d1dc4e30e4b82aa56eef7fbc03	2804	6c66d20ca48625a1026df31e458169b833ffcd67399792397c5e8425da884ffe
base/assets/bin/Data/27dc8790a5ecb744b81dc2efefdc5b3b	39728	161a3bc818efb907166b34ca306ae62d93aaaa674af8d0311beaa3c7fc32e6ac
base/assets/bin/Data/27f1a4f5259ed4b53a4eaa469f276d66	21484	b3b406fe59f1434de404f14ed9a54ef7761a93dee48dd55bfbe6890e95dbd5a6
base/assets/bin/Data/27fc6957e9c4bb54a9cbebebc5c02a30	57208	26809b69871cf5490946d519b1f95343b0968843a66bffc711fb6f1ee663caae
base/assets/bin/Data/280c705d7c5baaa40b14a1eb970d6ada	1052	4a91cd4833afdac692777f23ac51ed3d841e1338dab8c1bde83aec54e86af39f
base/assets/bin/Data/281d2d8c8de928e4fbe7c3aa952e7223	5696	bd317a220cae6d589efc7c4431c3da4b6d1c97138079276754ba7876935c9bcb
base/assets/bin/Data/28295470e97b8a948aea1a1647c2fc8f	237664	f7fe5dae2fbe47ce1dc033b7373dfbd0548767f748fbdf401165ea819650db2c
base/assets/bin/Data/285ab65c9c3a84ef89a57464b48102a4	175232	052eb70b0e03e583e29045f6bc2b3880fd8e52d14f2cebfe9ee23eecd7458adc
base/assets/bin/Data/285c18ec23f24084d8a67276dbefe2e0	11100	1ff3030b6d35ab189471df9bd80a7bd5f68f792f498537f26263d334db5b4ff7
base/assets/bin/Data/28b0deecc8b14784e873e2281e1adae4	108912	9e891921c21634a80c68ab86b59ddb7476d892cebeb55e297ea075082c7e95f4
base/assets/bin/Data/28c1c414777818143b55a750f29ca19e	3240	21a00842be0b0c754d6012ed82bf16a49eed3889f9ec7a52ccbdddd3400a2731
base/assets/bin/Data/28df6c706600a0847a8c4ba9f7f8f4fc	10980	8e7db3d10b662f612d35f4a5f78ca4a831b4a349c27959ce0bd8d1cff2706501
base/assets/bin/Data/290ee9261ebb9ad40b0a8b915a3dbb5b	3208	9436dd39aa8df86749dcbfdccc0f3e65762f610fe20eef4578ff7ac4d301485f
base/assets/bin/Data/291bba56361aeb74cb911687200aa0a5	1244	d267f2b6e0e34bbe1a83eaa29c81bb4feec43b85dde11abfd99454405753a233
base/assets/bin/Data/2924714e3525f754d8a21e946c043fa2	15004	c0871b79309f220130223780d9510323913e28c1b985dd11c5df4d005ea1994a
base/assets/bin/Data/294097c90d3b8984da228ca82e1ab88e	196056	80055e5578fdae18f16417ff97e7d3ff23fb32549f2871770514c8d4f2e85262
base/assets/bin/Data/29536d9d214524148946160107bb3ffc	44512	8b7e03e3b5cce8d95136c5975399397c8d51d0ff92ca4463c4b0f2451b0320c3
base/assets/bin/Data/295578835bfb5014fb2da0bf18fc6b4e	11976	9629d8191b681c05ac8734c988cc34a3eb3b3b034797c2662e1b0203c166df9b
base/assets/bin/Data/295ce067db1169b4e99650b5fade3b3e	17484	2314af44198de4b019e60a72c4706b2866b802c27c3a60bf7fe3d7c2c6ff50a6
base/assets/bin/Data/2963eabbde11a3042a4a3bd8129f6fba	90040	1c7acd576dda51c1a7704beeef22cbb9b11d47f7c50b7ae91fce2c4dfa2b080f
base/assets/bin/Data/2976ebe20cb198a47800a3b8f750a92b	1024	02d4839626f982c0f9593dae8e71b09adefa139d973875b3df56cfc93d610787
base/assets/bin/Data/29828339cb8b6c64f9932800c7e847f7	5972	c8dd1d6c5587ba21ca33aebc53b358fbab31048ce380c25c0ec8eb06c0f10c92
base/assets/bin/Data/2998bc403d4d21843a1f9c4fc01b9afd	3700	e054ab38e7f823ad6a407f5d6381ae1e845af294e30750d1224e2d33964c2ab4
base/assets/bin/Data/299d26221c69579478587a7e8b0d109a	10628	d20d9f97fd3d47f74279ce89373e28b5ea2b97d0a37a2db4e11891c0cc82372a
base/assets/bin/Data/29a0b139e31d44147a55b43b199e8837	4128	98f0680cd0ee4f88b15fc7b1a5019c01978b96cb5798f5f70bc6fdff7da557b6
base/assets/bin/Data/29ca031f090786644b123698f77c900b	3608	13cb1c530d7013bd4e414392bf2b914cbd011efa6d8fb1ca998b54eafea8c863
base/assets/bin/Data/29cca2df53899d44fbfb1c35e2dd9eab	38956	bbe62fd7c11893444773df4be93bd5645b3b9bfe82891a9928a6f4d7c3d8086a
base/assets/bin/Data/29df9d75686eb40d492f20863b58ed70	12920	9e6bf2b597a1b30303d3ed4e4e3ecf393cab8b351aea7ec3102a8fae4831ebe7
base/assets/bin/Data/29e435a15799c8b4da8bb993fa6a8f73	28520	64ccc01051f0ebfc809e123b8bbaefc366c4c2e091ffd40facc537b3f4d2e36c
base/assets/bin/Data/29faa1f48a46d124cb00ef727e296c78	16484	c244351866fc227874412e268bbcbfedd82c46d7bcbde25b1893a35cc90a9d93
base/assets/bin/Data/2a06589dd1324c8419e886360701ca0b	5168	fb7f95b0ac9a6087cd9a7a56c75a189e07215dd34dc2d1b0d01819eb48863722
base/assets/bin/Data/2a09795ae4471734a96c54863415684a	12784	eb15b457a896fbcc7fb57ffd6ce3df1a8389c8183dbbb035c2907d854be14b4d
base/assets/bin/Data/2a1946a01ce8aac4c84e09f4146573bd	1464	e064fd1b14c5facb29e4e6d936d3d3285ff0ad4a8cd643b47a98a12ca9b40cfc
base/assets/bin/Data/2a287078d397dcc46acb9d38e7314314	58504	29ec8216dab2c1f7ba6c0acc189d5ecdb4e21d421b134096facc9e85a841e7d2
base/assets/bin/Data/2a2887643241e044a98b583e8f65f1ed	7404	80e3b3dd2db16ce89d02c563a437907a1f09aa6b2ab016535c7572b92ba2715e
base/assets/bin/Data/2a2efd114709c1a4f83c9fd29a33c309	8976	bb38fcde866efcd3d8806fad617a58c4a73ef610470aaf0f50204c2830791079
base/assets/bin/Data/2a3eb9f1284f9b64fbfb9f387e05d93a	6564	f7e0cee6032b4c8eb3532635701786394d47754d3d9d62526bb7774185fc086c
base/assets/bin/Data/2aa1d70ff5ed1ed42a45bc9f80de6982	5596	4934b479480cb39322bedfd29bb3bc6067a6a2bece6da55210479d43d285898c
base/assets/bin/Data/2ac89a2fed0a2a9428ddb725f0d542e5	32068	ef7e0a93713c3dd694c84951662ff9dd35716b1a10e08c64b7e723aff3ed12ba
base/assets/bin/Data/2ae0a7737f39645ba8222d7d95a03c36	1200	49714eaf64038fd4d9bba150059cb6123aaf752558a9fc6fe995c43d24201628
base/assets/bin/Data/2ae140b95d4a4d54382bf2fc2795e0e3	49028	327114912bfbf5f3ef5b7fd8d41b2e340278e78da0fba9ea971c3189e64eaef5
base/assets/bin/Data/2ae67c0f826394cb6ba658dfe2ff96a1	21596	af437dcebb4a421d94151236654d7b477ca557948823f49ea0d07e24512db386
base/assets/bin/Data/2b0356d55ef6dbf4a8bdda019d6f188d	10856	d498b55115ea63c865b5ee04949d716ea16c4bbf2d865e890696dd9dfb06abc9
base/assets/bin/Data/2b3178593226283489bb63533938b284	24120	0553d9754ba71bb2038fd123a85a5344dc33d8a71452b72f1da97859d5a9c5d1
base/assets/bin/Data/2b336444b18980e48b0927552565ff79	6448	fedc298f75ab55c7f398b6a30623a9a569936a86d2754d5d9acd2e1d57e0b710
base/assets/bin/Data/2b39aa9aaace43c4089184604fb78743	728	e867fe1b59a560d259dcbd1a73f1ec58da19f592d6957b7a55443cd3c23719db
base/assets/bin/Data/2b497ed0e7e969742b1caacfbb17f888	10132	dabda289b29b10760b88c2a22958645e2bf8f7808d65f1782f9a198ae6999710
base/assets/bin/Data/2b5d64e8d07f4c34abd9848dc33abd7e	225296	5f1c24e58d0c0f6c47627fd174e25bf2fffed1651279c56d7a46360456166f1c
base/assets/bin/Data/2b65acfbed5cd064eb18abd1ca1faab9	3816	0138fdcbc021c0181863c6ded32df97e00e0e7e00bf221ce69f32543569e54f8
base/assets/bin/Data/2b65b4914ca7b2546af36d408e4b9a9c	7840	feffeecfa5aaf3730ff6b79ac9fed8a3642d690702b38cb70b2a70b8851dc6f8
base/assets/bin/Data/2b6b5f2c232d6aa4dbf2a4a82e0f81ca	10772	4b91012adecdfd76429c683f7c27a1c8cc21a5f3c4cef8c85b9adb4b92e2cc25
base/assets/bin/Data/2b7554b8e7df3ec48bad4c3d396c4fd6	5332	c2e1bd804dd0abdb953028a71a4b73c590ea50b89ddd80925950b30335dd4943
base/assets/bin/Data/2b81d80d30bc9374f9484168d15d09b7	12536	df3bf77fbf8b4692f7a766f57cf01d84dca3934c29b83fd0a20df17a221cd1e7
base/assets/bin/Data/2b84b6f5fcb21ac4698f25f5e52383d0	1301464	b183fb6f215da52026059256f0fa3c763795c7f70c2c2d2d934553289133eff7
base/assets/bin/Data/2b884560e9936294bb06513780385571	85940	b6c7ee9ee62b6ea821d7b1e81d1a6a5085e0af5801b50e2cb234781f9ddb7159
base/assets/bin/Data/2b8bd13277edda24f906360bca170a8b	414880	7cdaced932aff71fc3df7c7e7d99fd30d10278bf7ef83a5418827c5b3032c819
base/assets/bin/Data/2b8d6c6bf3f142946bb67d068284df1c	16212	8fe212a34afd86bd33fb31aa3477e65dde075b419fc928dbc5e3b90049cfc758
base/assets/bin/Data/2b9db261f27eeba4a9253bbf734584ff	93000	4c19129093b9ebd5b21d1d0d974d392a20ea3af3e7824effd7805f947e33e608
base/assets/bin/Data/2ba97453db5bf5c45a68c7dac1948b83	8132	1e73bf9c4543310319c2fb55fa3024d9cfe2f1ac506b32809da86a279ab93351
base/assets/bin/Data/2bad745e478ca234b8b92763cf15381b	29068	bf57ea1742d15ea913921c94b8bdedb08fd0d9378e7b43f547163418f6e5b4ef
base/assets/bin/Data/2bc16b8eb8553b34fb7c4fb4599b91b4	4896	d51138c163e2e3bcfd9ce137c8f4ed8462146a3573677e2b7dd815d7a80195bb
base/assets/bin/Data/2be1394c02515f242895f7e77af259ad	48652	aea95e8e88ad2932066064ede143b6eebb634dd99ba3b0a6a2116819f10f1c0d
base/assets/bin/Data/2c133503233ffe247a6fd9a09398f4e9	16692	1c9aea881c3d0a887aa40841ee86743a708d080f65285bc47c91f63b7fab1274
base/assets/bin/Data/2c3d33adadae8ff428527e5453cc64cf	5800	987fb1f41304c0cc1ae990fa691393e244fbb0f248fca7d98d8a0880827a9ea6
base/assets/bin/Data/2c4bd5952f0861240a283fc193f7c3c4	57252	8429457c6f4d6f2da7a23fa004f5dfc09e5fcc3b5d8cb8d579bc46b50b6aafe9
base/assets/bin/Data/2c4c7e30aae61154aa5324873487f63b	10164	a12f2b4ee71e10553345161dc473ede282989d497b7a144b3c805c1aa1aadd7f
base/assets/bin/Data/2c505c5c6a7c63b4db9dfde22656cc76	17024	577c1e4593f9a6ec9188f25ffa4f9e3348a747f2d79b4c54b451f0388cb3f05e
base/assets/bin/Data/2c62456ade0ef9049b250846d25719ff	70848	74ea1be748bbcd9a65e554256bb4ca2736d954042bcfa0e68d0038a8bb52699c
base/assets/bin/Data/2c66b5baa23f30e47bf169c67c79d959	12344	ba27179ca3a53968c6dfbce9f4286033ead108bac58ea5bbab2b6227d6c2a235
base/assets/bin/Data/2c9df78b0a745624eb02fd68dc92bd0f	4796	3643522ac5353ffbea78dbc322539f11efc808c6a7b7c4741625f331b0089d5e
base/assets/bin/Data/2ca501b877eb3774abebc1fb1344d578	41056	7e9f00d60dff3db16c21acd771559aa493f1d99c49edfd14bfbe637a19f84941
base/assets/bin/Data/2caa0b4879a47374b8ddd8f2c2836a10	9576	ae74cd96733f25ea610a7711abb19253799006f2b85c0adabe40677d8dd48897
base/assets/bin/Data/2cb986386cba512458ef4537b5074ab0	16896	d556caef15282ba40f48df7c27c72cccc5811726a026a1bc0bf221cd08f32e5a
base/assets/bin/Data/2cbd748779a0d694f9344946cbfd005a	8620	ccbacfe62d46efd505e88a780e07a8af687b0c1676d98650a2ae315196041bd4
base/assets/bin/Data/2cc5e357eb89e594d8750e13630c7492	4956	d8942f785b38ee663cd215b400810de3691edce5e3789435d0ec624be6145508
base/assets/bin/Data/2cde3ba447d05b845a73095fa48f00f1	4796	59121d968c8162e4752d3c810d80e3f4139613f61d1d7f508c33dda38a741aaf
base/assets/bin/Data/2ce166d9de841864d8aee584d43595d7	328300	625e4c1ee812a81d628b5fb84ba46aa22b07d6f4847f565cca1410fd1c146843
base/assets/bin/Data/2d019437ff89b8d44949727731cd9357	3968	118dd5781f2172d6b8412fa9bd42c4b56c61275dd399c82a312b8c4a599becbb
base/assets/bin/Data/2d392c0c1d5da964aa8fcfbe0a12f585	5056	1b48a5e2a6597e18a4c0c4470cb3ad5ad27742a78b97b4503c9b93e9eef038a8
base/assets/bin/Data/2d4000275ba93cd4685943df3723c039	5372	11a3f582ff48492ad56d0059e9b9bc31a6b2e3f8499b4bb7d02dfd09ea204b03
base/assets/bin/Data/2d429019916cf564ab0b153baa9ad96f	20088	9370f01a1b13bf535b54e3bce7325816ac1d67e4ecb392372cc8145f4e7d8fa0
base/assets/bin/Data/2d43fbf9470f444c2ae83be4189c56f7	37076	222f0e4a0242ed1b48d204f12d7da29c892542cc9ba7acb8c3313195311ea929
base/assets/bin/Data/2d46bb56fc2916b42b19c842f22446f3	22556	8287cda65eb886364e71ba272469241482c2dbb9d5864558f795da9088078a57
base/assets/bin/Data/2d47df4b59fc34e4aa1cb2209b3a0e80	10908	814166b51acdea2859bae05b37a6a2ce1f76135b17aefdce1c0e435d9e8d7ee1
base/assets/bin/Data/2d7ecfd1ab467684a8230378f70feef0	46584	42ae5ccdf6c48f9d32183e31c09fa1140642f860cad48ce6a84ba1ee89cbf0ed
base/assets/bin/Data/2d9df89cd86482a4499be64b01215197	11544	f59364f72cff6a56d713f6335718bbaf2d21256489eee366ba4f458f808009c6
base/assets/bin/Data/2da992551d127fb4cba74d46763e2d99	495736	d93617f27180a02d52485b78550ed364a652951eb4230dee7f70a0395f4a96c3
base/assets/bin/Data/2db2c504c13293c439efe2fdef81bb49	8828	4496c3bbee63e80ba107f77f3dcbe603ead229da7ffe338d598299a9b7ac6b74
base/assets/bin/Data/2dd4f5445862be2479366a62e24c10c1	159232	44a883428dc75dfc3deaeb8f68e2f7da5b0b6cddba8f2868b011b865fab1c55f
base/assets/bin/Data/2dda8111ea1c1394b8e0af328ad16d06	222784	c24e031a83246208790786bc20b5c6c1904f9c83bcc01c1af63061780040c9b9
base/assets/bin/Data/2de6e45015bd9fe4baf71a49f367c04d	3264	37dd7fe6988cbbb6536d4a12b7a9aa909da0b35bb10ff3609c82dfd8a3a72965
base/assets/bin/Data/2df5c920a4e34514d9d56ea9c48e00cb	876	7b4a764fc444282f2b12c93ad76f50eeb3b0d7918542ba5311d671b0317d4c72
base/assets/bin/Data/2e176d367f4b01b4a96639babf076180	624144	1a1aa68a178f0ee13cca2cd73dc4e08e4ea0a46f33f9d8937feda4d3c9f1b467
base/assets/bin/Data/2e32508bf11e8274687450e37f141715	2060	a80fd91a49a28ac2647d29152c05b88ac02dacee06b6db1dc0ba7c0d71ab02c4
base/assets/bin/Data/2e3a359fb2ece374390cea51497b050f	16832	648e43798e6fc353755b143ac4f9e83f5b7345e8728da8634a296329a062dff8
base/assets/bin/Data/2e4f0654b740e7445ab8589439dd424b	13904	5a55e67ccbea6a0d54a26f9b766d376e2a821bc4cdcae1fadb69ae3525b88dc7
base/assets/bin/Data/2e794fe9ecfeff743bcba738a01474d2	28272	87255a6a6bb003985c47a110436cc304ee69957a897c3ccb98aa9e7a4b7a4764
base/assets/bin/Data/2e7ae708022ff7b45aff43c461cc7459	20856	595fb9b5df8bfd4e26209673ae7b4a002c0dfd9828bfaa9af6d4efc189c0f191
base/assets/bin/Data/2e88929f71a090441976ad2f5e58a61d	25008	cf897f3fa5218fa88de66840faaa07b3f01a896230f24d3f1581a43c40d4ca27
base/assets/bin/Data/2e89177baad771c4cb7c434f4d73137c	25256	24ab199ab8ac7dfbc6cb56872b8a20e4c40d2580e6b2c9f27a9141eee1e9268f
base/assets/bin/Data/2e8c25af81e4dc54f9fd6531657fb468	47232	fccdd8740fe54c91f00f8926fde67e136a1b0975331354660fcbd573e78bd282
base/assets/bin/Data/2ea3a19a7286a4b59a28dbaca4e93373	4372	39ca1acf08354c98f0714cd4aa5efe658001c3a0e0a00b5ac6e581ad29ffce96
base/assets/bin/Data/2ea57c4c5997ec54dbf96f929871ec90	5560	2d00e5e2e38ce249d09bdbfcc707b1216ca13f1b25fb05e91de612939e29b697
base/assets/bin/Data/2eb7a04ce0d465e4f8ffd72a4d6c378f	26684	47d5c8494f443553ea6e788eb6e31f97c6ab9e9e929288f7786859bc436162d3
base/assets/bin/Data/2ed3242421f094d4492a7b520da2b682	16568	e7bc93f867c40229c7762ac07b7bcce2e42a9da54ae82569d2fa9f2176bf7b96
base/assets/bin/Data/2edaa81d82bb31b408ff5845f4a23dc1	2424	aea11044de614c485704ce62a244dabc4477e6c13907dfef7b433071de1afcbe
base/assets/bin/Data/2eed0f5be74b8104a84d0e7b73e5c4ef	393248	e0654ac956b529c9f1d0c15e721538c89a2967a1ea02f0c26c0ac8955f7f4bbe
base/assets/bin/Data/2f0f0ac9cc0a8664ab8e225455cd2312	16848	8bf7292bf307c60962c7adefe6ab64956b9e5f2c2adfab4937aa2ccf9c30c2de
base/assets/bin/Data/2f232bc08179d7e4cb130f0c499055ac	7304	2d1e4b3339c8611267c2df7b0bd6a25836a4df6612a56135c7aa4b4cb15cbcb4
base/assets/bin/Data/2f2d0ee0ecf019341a1e2055602d9521	1016	9ee7fdb531519d7256213e67572790bd75bb5892332c8afcc39d7ff7ad419472
base/assets/bin/Data/2f3beb7ed697d4d4f9592f6b5dfc86bd	4796	f81d9b9c65a45e32b2090df06d33b49679c9989666d540d878da46e218ac8adf
base/assets/bin/Data/2f4f86aa27e513141a70669f1baea9c5	908	6bf43947f72d323c0f9c7b77601374adb3735ec2fa4dd41bc27ddf27d745fe1d
base/assets/bin/Data/2f5747cd4dbfea4459fc5bb527e18ce9	16572	ffb3e03c0f012a2d7d5a40a2c12ce53606c732044ac29f7147428a77d1df88f9
base/assets/bin/Data/2f587764ba9d8c148af0eb765ea382bb	949328	04d43951d25b510c348a6493cfda48dce94906e319e66830829818794e74a3ec
base/assets/bin/Data/2f5f281b7134ae34581355934b7b3ac8	208048	2bc2d716de01462432659ceece6411eef0a454e2f074447c1565001efc6967ee
base/assets/bin/Data/2f61911c4cbe8ae41a7112b908016e8b	2532	a7a56aa96031feb38e980c469972cf55013a820c7481da8b79afdf433c245b6e
base/assets/bin/Data/2f7a10dac20a2aa428ef2253f200a415	728	c14a57b4c53ef3d03e16fd02e8d5dba56cd259c0f4b296ecee5652413444ad78
base/assets/bin/Data/2f90df42c4faefb4f85c70c6ad8d4b94	3352	99e73cf97f754ee0b1f55efd33746c7d7fe244f9c64b366f22cf8774c73ea047
base/assets/bin/Data/2f94b0a323e178e468ad6118d2f504d0	30916	5a8d24edbae9cb502ccc37eeaefe6f94731df530d989b96d9cfc0ad693463aa9
base/assets/bin/Data/2fb18e2ab123a93418a7e803ee564388	10648	c4972de1a5b3d36c92880afc36d3db59dff78c269e4b88ba865c48da69985e2b
base/assets/bin/Data/2fbb296938dfc544a984acdeae696ad2	12092	b713ef4434b629d004e34024f3f3cb2bfe5036b5cbb9bbcc7588d362093a53c8
base/assets/bin/Data/2fbd38f2615839d43856a54116a0fbe4	53378	caf00aba56604b8e7af2939184f058f3f61f1f5024f7588ef17c1472b1ba7dae
base/assets/bin/Data/2fca00c301b2a034cbe2e929cb7ea74b	4300	55d93ea7debc58ef9a6abe1858e169403c0f693df74b4ed53e15b018477c841e
base/assets/bin/Data/2fd541b1aaae88a498b71243c1f01a9a	1368	2363843d3fa7feba7a1a6c943544fc17e8b4fc43fc802ee56d4c43a773870dfa
base/assets/bin/Data/2fd7779420e52064c8921f676f88d571	748	48835808a6d35a8481ef17276b2742d390bde73d6876b36f2fbf986ddbbee947
base/assets/bin/Data/2fdf5f1d8a8fa49249b2f103301c26a9	397044	8e495498b915b1652c8aff3a99f4fca004bb1af2e360e9a85d150c8ea03425a0
base/assets/bin/Data/2fec34e2bc4eb471286dae6c0658c6af	5732	2a4650f11631ce10ba011b7046e3318d7a257ac4a4e3215902a8b232f42e8b04
base/assets/bin/Data/3009e04ed608b874f97de7c0a404087a	17520	ac52fff6fa1a7571d0d239e1c4f013148c83a2409727f5c5ff74a8659633daf5
base/assets/bin/Data/30208151a1a983147aa85305534c2186	6520	6e70a7877448da41be62a6f9ec133533ab8fdcc82800616c9cb24a56e9d3a01f
base/assets/bin/Data/302f19bf84573fe4ba0cd202e0bb4392	5880	ce6b4f1414c22a4eaaad132380b6e6c69b90da04ad809dad0c8e25b4fb063241
base/assets/bin/Data/303c9559eb1e3be4eaa41b56cd9b691c	36024	125a5175a7017b5789f1352958421255de43d65a425cb1d4abd2d42c3e3382a7
base/assets/bin/Data/303f464ec98e11343a2d9196204423a0	2824	283cd83ea71f4fac10b3570e339d56f5e7c50d749295cba2725efe09310fce36
base/assets/bin/Data/30649e46ad2588649a193700322d5808	4676	ac581a9d4e09d6383980ae9d8e964268ffb8aa025f7c4f609fd56ee9297b2824
base/assets/bin/Data/30965daf97f80c34a820da16301e668e	83920	2487ad36bfa1ca2a09582f2c32fd570df26b1ff6f026030b130d3253c5860742
base/assets/bin/Data/30b70b4d587caac40bc73ead94995e05	48016	4e9512204a8da604a433d7428101b94f4ae72ebb354e0d9dac501a4afb155f78
base/assets/bin/Data/30c6c47b036a258459c689cebeb30dfd	16972	8d79a51256d955de9583792ddb0b1bf7f8a907998dec6cf90a9b811e6b66d7c6
base/assets/bin/Data/30d9676f394b0084c9015c3f5b0a42e7	10920	cbe1862c6b075914b3bcb368bb0587b549b7b9056e7a8c23fe666263b32872c2
base/assets/bin/Data/310c289b061ce4b5ea9bf45a71d3d4be	10396	a6602c3bf25848288aef496cfbe0ec67d7daa3111874561f93614edf7b71ac80
base/assets/bin/Data/310d8f0bb0999ed44ae167fd5fcf6f19	8040	9f30e3312934df6e0b50a321e0e2e06b1d490acbbd25d7e3f66f8188267edaef
base/assets/bin/Data/3123c804236acaa46a5df1bab55d12c3	237072	b3363dcb01799f957f0f1c294b78c5a8087358bc990af1f2039cf5d23edfeac1
base/assets/bin/Data/31257d615594b6442a4b9cb687c90b17	32124	16f0475fd2374a008590d64c07f3a6cda44547e5e1833af397da1760412f1802
base/assets/bin/Data/3143767ce4fde434c9ab9b54ce004dda	6968	429b18a7eb7c801a5a20e8f0afafac7e2acec28c73e7d498f257ab4cbebe7faf
base/assets/bin/Data/314db0d0340d31d4bbad9242a2189d54	62728	045fc4e76c7cb94d027cdf7b87e8734fc962e4f399fa7933f8af7a79daf9b9ab
base/assets/bin/Data/31639dabfcc8e664fa38d62db8f21d53	52896	7e6d5d4dc55efc96dbde5e24ba4b8b5fdfcea76e948594f598ecb32f18ed7182
base/assets/bin/Data/316b5cbc3fcb25349b6c21cf9ef06862	10784	aa735cb7f150be953c72176194ecbb290231594b791cbe4dcd88c47892831567
base/assets/bin/Data/316b80a734e12467f8842a3a09b07615	64744	cfbdbd1b7053646e2cc89166d570b439c0969bc83bf1efdbf91f9bbc53794367
base/assets/bin/Data/317118f68c156c2459978c3d3eb19776	2640	df6aca525c45cc66f4864bf930bee7db62c292268d67414d8dcfb155fcfb0b30
base/assets/bin/Data/317297089a325ec4fa4ab4b8e79ce3b7	47920	77f1469aff37f84652a67e60dae47f0381979d611f72ca841c8303b7f35c9050
base/assets/bin/Data/318eab2fdc625fd4a98cb62b655997a1	14768	4b08a2dfb527b324c5b412b7f77aef2cad9ab815362ae3ff1041c0a705a9c06a
base/assets/bin/Data/319781e0999688e49a41f50914a6f682	8448	747c7125976fd2eba364a080b7ce7cb567d859453d3bd90cc12c1271c6131de5
base/assets/bin/Data/319ff9d6d28a51241ac6ed06f5c04a3b	740	553b18e5824eac15c34166a98c638bca143e880ab682a594c246b0cfbbe81b90
base/assets/bin/Data/31cfedc1f60420448bccf7247418670c	139032	b642de0eaec72f7cea6e02d3871f906cac0bb580ebf37283a9ab3716e0ca75a4
base/assets/bin/Data/31f13cceb30e827428f1308fccd3ef48	1180	afe6d79574507a0b982fe303225365eeca9165a3322e069efe16a849f74dcec1
base/assets/bin/Data/31f392c803101a647a177ff0d265dd4a	3684	5aa00c9bbec8bd54ca24966557946b8d5dcbbaba1a2f5dedaf30f6b5cd39b95a
base/assets/bin/Data/31fef915239a10144bd654b1fdeda7e6	103840	35d3bb1cb5b7a320235d5b583dcecea0947fd93dea8fa009d7bfc245daceba2a
base/assets/bin/Data/32075825c215fe24087f72d5c02bbbb1	2844	7e4375f57743dd51b3127386926a8b1e7b78ca44779a8610515614d6787577ab
base/assets/bin/Data/320893508c5c7e745a5e19733e06a7ca	7468	cc7c0ed209b4871a0616432de0485c423b5ad81a169b28bd275b6dc87ea9e782
base/assets/bin/Data/3233b955e604ccf44b73e259a3f89653	4548	fee10d7aed943709b6491e3afca39a534378aca7284bd2baa2141f4c4a955caa
base/assets/bin/Data/3236c95349346a649a47f59581ec0d0f	37632	0e5edbd2a3d93ad9e65a2233c9f051cfd81032b086238c6fb9ebcf3c1e961bae
base/assets/bin/Data/3237ad6182c494741bdb06d5353e14ed	660444	4959f41e3bbe2961c108ec63d12852acfdbaae70a63f321a3e78ff0c4b0fcde2
base/assets/bin/Data/3237fa101238142f99de56cb65cbe15a	2248	b5a3ae8a08c7897982485ba974b9d359f16618361ee91cab4da7e91eb1ba0642
base/assets/bin/Data/32412aa013af7a244a5967cf6bad3b80	7892	c2d0aee9291a579c68d64a13b3d0b91627c7efa85b8a176fa5071849406ba909
base/assets/bin/Data/32423e3335c60c948881245222475824	5672	0457d5fca2274ca194ee65884e3ff02d05db6d26c8ddb327d3edbd7765c91d24
base/assets/bin/Data/326f7c58aed965d41bf7805a782d1e44	6520	00f68c36de41c17c7360b51bd30fa5b016b27c4d1fec007dd208b767cc3ad6f2
base/assets/bin/Data/32c381c10602f9d4b998b289837e89b2	2992	e3b6363a96488866c337defc188ec2f0bcbb7cc0932b4170380b37dbdf76845e
base/assets/bin/Data/32cdcc1f146df0243856f52ff086ab0f	1988	b1148ba93eda90a58387ff5474a4482f1a7d44662f8306dd4af003051f1ced9d
base/assets/bin/Data/331ebca4d20235a4db7ea2c265cad971	25732	7ffa483675a3e8affb74bd37b370e8ad516caea3bc07ba4e033043aaf4dff46a
base/assets/bin/Data/3322da902fb94e24fb3e6f600015081f	5336	41271ecc0653990aa6a7b6e7a9993b57c5d65526df494b88b3f9c5adffa16668
base/assets/bin/Data/33303f0c897dc3340876bcc2ba3c87f8	5728	73eddd730fd25fb40d1d3d422bb8120a61e590fafb819711db3d4b05d369619f
base/assets/bin/Data/33386f491f79e824a97e5f2163b0befc	59936	2d5f7158ca79b3f434b528d75ead653b5dd32043aad5f0a2e9382a795477da00
base/assets/bin/Data/33801753072a5fb4dbf28d2033e2ffee	8056	7c2de4e17fee735c1c3b27e91d2070c957d91a5883facb96203393f2984dfdbc
base/assets/bin/Data/338c4b14a7eab9b4eb57a3686e37aec8	8756	2c547970ec02c463b8f365a09f59677d4a5a0a8233cc8febbd8cfd7920d15e53
base/assets/bin/Data/33e14179cd1b26a4d9308141f2704564	3216	38433646a32c2021bcdd326811ae97c8172db6bb0a2d3dfd9e22027b2991b58c
base/assets/bin/Data/33ef40630f0046742b3633866ce2f1c8	6208	7a79114a9ebc17dd419cbe8c734e61db8c81f9183d57788644e845ed220c7823
base/assets/bin/Data/33f7ae201f6c62a4488b943240260133	106864	d1a2f26b8b65eface0c082c4576845c4b5ea6f418206c1b07077ed8880a0eda7
base/assets/bin/Data/343417d5623361048a1a37204e482679	6208	f7ace914b3880f59e6323d2bd3e7c98c9c311bd10672c1a86d5a7157ce13b328
base/assets/bin/Data/3437407254f4ea0498047b4cab1c8736	91128	e77c6b8cee9cde0f6fdac1af876a438539663fbc85d21a528844121ae9e3c1ca
base/assets/bin/Data/343b8db4e5ead92409c9204d89b39815	14520	0980b5e40296727530609c3b3d433b9904a4043278a08b404a1d829939931f12
base/assets/bin/Data/344f61915a9da494e8344ed8d582a2a5	14124	1651acec8a5404bd4e5a73886ccca906f37df80759d31b2c608d8c4b874d538f
base/assets/bin/Data/345e596fe8894d745849e8e5ca7e4d84	6212	61cac7bcc81bdfe239f60a8966c454dbfd889197d2b6adc4adaeb68b97cca0a0
base/assets/bin/Data/3469b26c24aef1148a89c92a054cc209	7496	d7d1e2cedd80936b9e575d2a368f8081b7075b37ce8606ede2039846854158f0
base/assets/bin/Data/3497ac781f8bd0f48859a40d7ccb6cc9	11736	a84078d5fe594110ab635540547f521279180ee4f99cd016f463a4279b6f8fab
base/assets/bin/Data/3499d78272f438b419a7d989d4c5693b	512	8d2db64040b82f6e0fad80dd8853c5daee4e73bbb7a72fd4c0411030407da7d3
base/assets/bin/Data/34b9c3c1710843141ae4c03e7247098e	74716	91db032c88c301671940f36858ba70a0c5a3b8522fdb25de4e1d41a8c0a66a92
base/assets/bin/Data/34d1cde4a592947418de005cb7c4802e	44948	1941a8a31eb5051472a8d85761af42d22360d130286d61b9581bb1a4bca6d37f
base/assets/bin/Data/34d52966ac6263640a5942179eee7cea	12272	c3c8505474261f793677dbe838ef88d3766b8a2ed8dd6007e64911dec94f5a8c
base/assets/bin/Data/34d69943cada2f14ba19a4ac11c5d140	637860	f1dcb26c1e088cfa63bb7846a1e8f9f6633f67675cb695da89de15a9627c233e
base/assets/bin/Data/34ee1ad96cbc2d74ab641ccb4f74a2e6	137296	b25440cc7914abc21ff106159d3a155eec766e25a4d79fc4ee2fad1a27028823
base/assets/bin/Data/34fcbdc38a30913479133ff0a1be2f9a	3064	209901b206b153fc6d6f5c8025c59df1fc17f47fd155938153234172044583a3
base/assets/bin/Data/35066d3e6cb93da4bac47fdf469e2776	2852	1f61a59f2e9cf1e9617765d7126822179dbf10004b513cf8e9791524e24d4089
base/assets/bin/Data/352c2a705e8534044b55eeef0e5ac267	63320	abc27ce06c411d16dadf1b934b123468808741987c2f7d6bac470a36e60b46d9
base/assets/bin/Data/352cb6caefe6d8c48b268bc10458e2bc	12632	9c9c39d5a862fe72391ac9ae76191ffb69c5244107119d4901a9d5d774cf7995
base/assets/bin/Data/354486579755aed4cbceb0a93b7c2721	234704	8f1bd2dc0ca7a67a48e1b7ace3a716dd171bf820165228847944bc6054d43d33
base/assets/bin/Data/3550b2e62f224bc40bf7a25ccd47c9f1	10972	85c17c0bc3d22bdc095667bfe77aae852b1595838fb985290f26f09f7c584c13
base/assets/bin/Data/358f532ab6fb7b04a87f7864bc02c25a	2568	5b524130d8d68d2e28d5e1c27dcb0b08ff177ac1b0539a3b3d7f4d7f07e1f9ab
base/assets/bin/Data/35a2131dd400b544795134d9f10c31e8	5092	7158682b2438b4e90346bc178ab000d9afc46df4c06a6f7a0c4546a00f52ad87
base/assets/bin/Data/35a6e288bfa1ac540b81d0b7fa7ea53f	5679784	23f1f0fa8377bc2148a0455499c546bc459647196099f9cafd76a0c97d5cc566
base/assets/bin/Data/35bbe5a7c8a647443b91450c929c9739	9012	55154ac49e61e4545c3c07c966e87330a1d77bfbd88933b0feef01fba2b79742
base/assets/bin/Data/35c2af30db82d45d0a5ce0fbbc1f37f8	12464	3180feb4bc715779bed717443b2dbc33ef7aa5f4a5336820fe374a68c3d8e085
base/assets/bin/Data/35d0ff372bfe02f4fa84e61d1b59d59c	3048	5d3d9f792871ed56b4e5bf29b7adf36c3c77b66199e3b778166e2d24e05c57b0
base/assets/bin/Data/35d9355653142cd469c4d157b6dccf10	1684	c10b7a6f19dc71587a370ef6d28d8d68a54c18ef05224953fcfa27e3b62b2cde
base/assets/bin/Data/35f2f3fb4cfaef74fa696971c7e01b6c	5948	a01e19e1d4e8c5f920cdd1a1d78faa5e3a1a211549a5b6049e1cbf1bf42269ae
base/assets/bin/Data/3600b9c790f20cd44901d6b98087ad16	15448	b064e7004ee4d5cbee1f1cc71dbfbb06f31f9e4ec7c5fc0de941e0a71e4fd6b2
base/assets/bin/Data/3619999fb1ef6cc4994d96d046a30d16	202184	7eb0b73d25656d0d1d68dacd1c2507a0474da6ec0c3592837c1b1ce8a8ef824d
base/assets/bin/Data/36294670f57e711449e37cceaf1735fb	6904	649783ff4c725eac3fe4f691dcc7d372ca1a49c47bbc5035dd12f3892bd1851d
base/assets/bin/Data/3631800b53a59134097c9fc20e18b123	3544	bf16da862aeca69c5c74666e9d2e1b40c5cd03343f6ecea9279afa764a801535
base/assets/bin/Data/3637636f5d3fa994091bf5531d1b5ce0	5584	d9441b4df2a6e21885a82d76ceed21adaf2ce3883a1234bf73e6d78276fd88e6
base/assets/bin/Data/3646e487172dd114b8657889959696e0	212976	584fd9d476646f697f903afb319026530901cefcc9e4a36b53465d594e96b3aa
base/assets/bin/Data/36528b41d2acb554395e1d3c586bd4c8	620	97c53425da1916ca7ee9faa315d24cc48538644fae60f4e23182d9578f55630c
base/assets/bin/Data/3657a8d8bff0637499222a5bf759fdcb	50396	39b5b9dd4316bcca930ee261bf19504ebdd69c37b5582c52db4b903b54bc63a5
base/assets/bin/Data/36795134fa7af0c4896518948ca3d4c0	71160	e94d0535705ec9c6373fc284085ca24b1c83f936dd2bbfb2a17d83bb5d8e883e
base/assets/bin/Data/368a3f4ec35a84b49829c051f2b2b490	8320	75a848f6d519f3d563b1875aa43f494a684dfe2bdac4ad91086ae3bae76c8827
base/assets/bin/Data/3698f49e181d6dd4989eac3ffb116ce8	5108	4ee974e14a38fccd9f6a08f7ba2b5a56ca7977fbeb0321266235fdf2c1b9faa2
base/assets/bin/Data/36b1a7e3f3781164791bc07ad702681e	87800	afa7356b0dfca3f7717a5bc341d6d7f2b118322d997dd20cc003645ce66df8cd
base/assets/bin/Data/36b448607aefe2b43895a0b8b92b3a6b	662504	5966dae3ddf7c41d6f2262c654cd4ac53ed3f2782fce3aae321da60c464138f6
base/assets/bin/Data/36b57e1c56ec46744b43ad46f181153d	95240	366a632534d7df0e533dbddfc42ea9020b9b0fe485957eac6a04cd46ecfd9fd2
base/assets/bin/Data/36c33d36dc75d8845b5d473dc980c486	33432	8fbbb94a589aa4f9ec92132788224fe3edb68e3bb39aca153528eb7bc7ace451
base/assets/bin/Data/3718ca001b3ab0646a6e47ffe99869ea	924	a36efedb6602d0c9366fa70dfed8998a8ea457ff4592fedbaff56d8cd1623b4e
base/assets/bin/Data/3720a71e76edb2340a85339199a91a85	20224	057c8f16b1e81c2e4c5a5fdd132738380a84ab3bba7154981c331bf03467e35c
base/assets/bin/Data/3733b1b154940b8499cac73f3e2bc3cb	4820	08bcd06939b7a6b85326a3368ad16e207775750f7ec7e6876a70f59c5c44b7b9
base/assets/bin/Data/374ec837452d63f45b3ccbfbf22626e6	1828	68d501c8a49e2d4fd5eaa90ef77a03c294e307214a82569269cdb3af02307e9f
base/assets/bin/Data/375fdcd85a9255b4f8295bc4d5671d2b	2688	3203ab279efedd80da1aa494a8c57ebe270a99dac86d93b2065edcd8ecede716
base/assets/bin/Data/3761874304fa64c419e469818951a89f	15732	b18669736b127c11e20a0379e0c1a7cc756bbad4383ee3d7e54c46ea3e41e2f4
base/assets/bin/Data/3786d8b1b4c8a5d47982297e31799b2d	103400	3debec2b6cebed8b7ec7dca4d68a2d9a9ca498ab52480a49ad442c453274a040
base/assets/bin/Data/3794658b614782f4ea33c1cbcb2f4322	900	0275a7642b9731abbfc8fafc2d3fd79f902c5246e0f780676aca861719961d81
base/assets/bin/Data/37a08d0ba6f56024ca0f89207904198a	16436	21feec861fde1dd91db052f2d54c1e44a2bee4bec0d4555f7d28be744ee15294
base/assets/bin/Data/37a3952d3ed4a1b4dabe9a82cc9b6e14	25024	6abe8e3d83411c01283937264516ee6342b6af98fd69e44d553257602232b886
base/assets/bin/Data/37acc8e6d85a46f4ab652b9c59344f70	80148	37318f61e42034a7e4d3405385e66a5579ba3c6b224bdd74da802d6b2178d7dd
base/assets/bin/Data/37d51aff81c2e7643a79745d9520a700	24660	2ae27416b1ebe093d47208b58db0c5b182fbe10b3b34044d2a6bfdce7e6ffc7c
base/assets/bin/Data/37e891c361089dc46b1646114568fd2a	11404	f3fc96171899dc4bf34816648d04d5506c971b137c3c33c8dcde2533611b7dd3
base/assets/bin/Data/37f5024605a504cc68e7ed99e88231f6	50072	607fe88d1b9c2b6676f6741dcba1f35cb459efdee384812541881a6635eda129
base/assets/bin/Data/38076b7e3849b6740b16d677b55e0ea9	6592	effd783e2c091b8db1793d3d8e7dd06f7d17af0519d0f0ee134a0ad63e894a3d
base/assets/bin/Data/380e73a9ef182eb4ea70a07983739e50	13844	cc7caebfa159bcb5bd4edf115550b417d6a76aaf78e2267f89aadc86aba9b5dc
base/assets/bin/Data/3821dfcfd2680ca4fa5ce32f5f376a58	3360	934176fd48b38d00bd14438994ea8ce5f229bfa93f0d0429eb88e55534a63ca4
base/assets/bin/Data/3835872348147c7408baa806613ab34a	956	00fc262c992f8676a097287cbfd2879e4ca0ab7b9fc77d745c534a72a0f14061
base/assets/bin/Data/383c6354fff927d4ba34412d14c81c7c	202560	099b258cbc54e3c177522d0072c877288a5de664d0a99fe98cceb3862c41d968
base/assets/bin/Data/384a252d6a588e741b0dcceee88c70b8	5944	58fa68eb8c8c6d04bece97212976dd4f8377857ec187d52fd0e3acee823cd3f2
base/assets/bin/Data/384c27a596ce8447ab80ae961c8c1741	35508	19109bdcebd285e2b00833fdce663eeec8a5d32e4130907c693f5ec218bd5b8c
base/assets/bin/Data/387fef19ebc422440abd3a44ca65ba0e	3388	c0fed2b109334f343b85838271362d3f3c9eb8ba82a0d8d71bf8008af6cc4443
base/assets/bin/Data/388366688fe68404ca641c0eedcee6ab	13200	e54f921f257c92a117768f63b9d230de201d5e0979a360bff955c95beefda51f
base/assets/bin/Data/38a07789c9e87004dad98c2909f58369	2528	b19f7ce2f43cf8329341e914247355490e3d312b9a990f0adc7977fbfe908212
base/assets/bin/Data/38a0cc35bfccaec4fbfe75bc4394329f	107664	ed8823af7060bf18f3338774469db18208cd98e679ae867822f552dd8c607f30
base/assets/bin/Data/38a1a9c1ba281c341a59269c3d324da1	4768	f8f3cc482142877a6a36a53e102ebf56b760bb15c7c253084eeae15e5440dee3
base/assets/bin/Data/38ab18d0ca1ef51439b76edd6cf25094	9904	4c2e7fb4a6dac03ad71e721824cfdad941cb76b643baa218e8c7cb24dd32bb30
base/assets/bin/Data/38c33eabdb374a447a511f18e50343dd	4808	94d9f695439133d8db01f97262504b24480d87e936d7bec993a0299408050f96
base/assets/bin/Data/38e17aed38577db4e8551e656b2eb0a0	111656	9c471dcdd500874803ecd08b1089b29a8b3d46733a8fe4a93b40d79f4668e0fb
base/assets/bin/Data/38f569afbf0eea5449e2bdd8787bfb0f	50624	a725d8261060075923ad68c90051065c8a2067d20dc065564e8c90efbfdd00ef
base/assets/bin/Data/3908b249876377d4fa7550308913d32a	8688	382fe310fc1182d0d23d2740cd9f377dad77aefbf960003d04c25e4cd351b847
base/assets/bin/Data/39303fc456f72db4b80e3a0b77642d52	11064	f38bc65193529abf10c17bc93da4080dfcc0c372ab254b9345b3331d4a1acf1e
base/assets/bin/Data/394796b044d097542ab9dcf96c184e8a	61912	b053f329b05c02ca275f52cd2b81a56e9a37182afba99738dc198cef73e1061a
base/assets/bin/Data/397cbc0544a4fb64eb6ab28070bbf90b	908	951ad21528b0c035652fa09182551399b044054335f35786cad06576a8624fe5
base/assets/bin/Data/399a2a7fb1a14ec41a113169e2e7c5b5	213056	e4a0fe6aeade901760daa3e27ad985241524bc1ddeddf167a82978595b5d8905
base/assets/bin/Data/39a37b3785a830945a4e4fdffaced989	29264	4f3023547f4d6bfdfef8edc736bcbe234f05f1c62f1db6ca361142afb9614d32
base/assets/bin/Data/39a8d1645ccb54e41962604215dbd0a2	92536	8c83361c66eb603e26f38cb1a266c78fe2a2577e1fea48ebf2ea11ec05267c93
base/assets/bin/Data/39cb130098532c04db1e995014bd4f32	95128	e02599623da62f71627d7b0501e46ee6210ab335f374f5383e4a86633550c58e
base/assets/bin/Data/39cf789085274ff4a8f07e4e088f8a10	8212	db918c2abac81f23acc516871e82bd92b73bf4befcc3ef480160179072485861
base/assets/bin/Data/39d5c0f0bbc52aa40b736a82d9da1735	924	2a22c643bd96e3d78e998459414e59c5d5434bec57fe61716fdde38613b7ecc4
base/assets/bin/Data/39eed190f8f89a443a15ed30d9125336	14008	58f41416c4203d51b26455fb8c30b5b1f465e92a686425594d51100b4cd906bc
base/assets/bin/Data/3a0b144912264d244bbbf69379e822a0	34536	f58fcf5db5cea6ee50e647ba030337b016ee50e87404ee4544e7b895ebd10bde
base/assets/bin/Data/3a0fb79c82d380346af5094aa335d018	2184	77332b3bbd3f44dcbc93c981b1d00260eb50018dd0201987e0d81835fa595af9
base/assets/bin/Data/3a689052a22f83c49a5b6ef88b78c28b	299608	ea483972857d86d5e250429091da538bb63aad30a45606a4a526271e5fea99a9
base/assets/bin/Data/3aa8058b3b3a47d43b6094242ad525e6	389388	3aec5205f580db6edea92710a0875934b95cd33028bbaa00bb706c83dbd9e94a
base/assets/bin/Data/3aa93efdafe570a40911e46e27cee719	14508	8e69a906c2b9eb953a8b97fcec68b95fc02e1293d65d28dba9ec83b9862a8936
base/assets/bin/Data/3ab131eee74c55c4a99605de7b6c8a76	38232	39f44e14a2964d876e7c5403ba284e4221603d20d5f7ab094539f4beac23a2f3
base/assets/bin/Data/3ac8a1082678a264aa7b370fa414bb07	223368	c23a84db3d1073836a0beb8cb4fca389ae9ceaa3fadd73e02818bf78ad8527c2
base/assets/bin/Data/3ae71ab57f71caf4394d4b6d02b64eb0	8256	40fa058563544fb443127e7855f6b0c46150bcabe1278fc8f216c0a46f66e0da
base/assets/bin/Data/3ae9fd8d3c203c641bca350fd89dfa19	812	66899334d66c21b14500c507512f4b8870e3e040d6a21b7aae14afbe5837b847
base/assets/bin/Data/3afe5c6fe3457964c9007c2525480306	4004	93f39195e3ead84fa3f36272d0daa8b93c22feaaa82eefd1cc7ef1e25afb0c3b
base/assets/bin/Data/3b298d5458a74a44191d32318e1e61ce	261000	04ce910232e0aaf750b54810eeeb31f503feab68e80da88dbdb4159a56ceb7b8
base/assets/bin/Data/3b49a288b6b90e240aced56e0faa0f63	4924	595789deb6e52f369668c18ad5b0ad693c3d0c3bef0875b1ea2e3b09542e3a68
base/assets/bin/Data/3b712728e3948da4bafaed11f9cbb10a	2576	c43fc0a3876a24956610ba90bc583178f6860d72611a2f65a9d37bac7de66740
base/assets/bin/Data/3b769c8dc1e87c84a8206b75ea03441b	11656	5b3ee7798d9fa4d4a6388211e10407a45fbb688392c0bb60dd730033d31d2728
base/assets/bin/Data/3b79714b282717e4c806527d5de34e96	47144	161c493514233cbb7cd26c5b5f9096e7e1ddb38c95ff6c8ac1d4263d89db8201
base/assets/bin/Data/3b91599d2d6dc6a48ba0c7c48941a307	10740	704aebfa1ae86e76aeb2ce43cb3fe9753e182e553231d23f0867fe2875d36924
base/assets/bin/Data/3bb3936bb2c3d1547bc25d167681d196	34004	a981f3f0635cf306d5d1fd4c4d74ac77a88422845623274dedb55f7b96d624c7
base/assets/bin/Data/3bb6161b2cc843448aa67a7b22a3a063	12404	6d1ead75028c5007f68759fc27aa6a554c864a753eb365e261acff3db998c924
base/assets/bin/Data/3bbbf0c17eca2154a817192077161bc1	82260	6fe6edd296e4387936f4db9e168705eac90aea7a8f170dcf3928af974aef07d8
base/assets/bin/Data/3bd40576865286b4db7ff931ccb81e20	1444	fb0e3a1af2c101f1f8c4ae8923bc13b88fa1649cc68f6b3ba96a47e0ae93f894
base/assets/bin/Data/3bf8ac9a9cbbddf4cb41b82272e48487	5464	9f2c6fe1b5b7a6224f2a4e1981a89f9b6b18a3a434e8c28a1ac4ad09ae4c3849
base/assets/bin/Data/3c1a45a7c70c9134da910dc4d3d9840a	19912	9bfcdc27c74acfa17aac14fc0aa2a4bdbe792441130f2098635c90dba2f5d052
base/assets/bin/Data/3c1e7cce8fe57274496ae763e14ba5c9	23452	f634dae59818c54bf0594377566e19b7b803f42bb4462caa5efb5e36ba537778
base/assets/bin/Data/3c21abb42a69fa940bad4b8ccccb26bd	18692	1c7f2ec609ac4c66dc198ef2599023631e6f4286d99173d48e6786149b100ca2
base/assets/bin/Data/3c33bc6dc6c59054b97c9376208dca21	45164	93795533374c76215c3a8ea5e61c9e4b226165e56ef57f1374a7cb27cd144873
base/assets/bin/Data/3c358bc1a436bcb49bdd7242a1af00f3	5708	82da0e20a11595df74ce00252e7077f9c43747c61c1d9e423e43dd9ba796ab7b
base/assets/bin/Data/3c3643b38fd67454c93f9c55933e8bff	72976	4030a938ee6090caecbe29f1318c08463d00b9be7277f7999ec00b5565b634ef
base/assets/bin/Data/3c4c58f5cc4173e4bb90a828584437b5	8720	336ede7dacd9c66b90a293afd4ea56f45dbd53960d8cb76d701986e0d070d3b9
base/assets/bin/Data/3c4d865ef29593b47b3f8fb93f198fe8	12568	efe6d0316d0f2ffdaac68ecccf3a1146e103eae1c05b550d77c87e05f1950e7a
base/assets/bin/Data/3c4fb09c9155fc745ade0b05903335a4	5984	1ff203d74d58da0f465d59151c1b7f25005440ac9cd3f93ac1df02c40a948be8
base/assets/bin/Data/3c58bfa72f8e8dc4e8763c4ef2e85502	5296	57c5a84eb3947b5f1f06e9d21a61a62eecbf6bde7df1296d0372fbb308b73d74
base/assets/bin/Data/3c6d5dd39f18f494d84143e1b92f1333	11768	bd2784298387432360344b4d3293dc50550ca81b2de8a0b2f01f4613a2c275db
base/assets/bin/Data/3c6fbc56411c3b6419b1f3a2ad7332cd	345828	4fede47c7a9aa99454a2744dc79009bafec59d10a073949e3877e9e09242b115
base/assets/bin/Data/3c790b2e6cc970f41bfc5df7e4b3c4a2	14824	5a83f4e53b208b52bfdbf87848d4803235421a9eea95c11b145e1d5680863541
base/assets/bin/Data/3c819f89971142944a808e0b869a236a	12756	365d639d9d1600e7bdec30737367cf8c9f27187a81402cbb736916595733f235
base/assets/bin/Data/3c991650eabab1b46a959fdad8c1f48f	5624	78ea623ee6f7532c8a8831805360cdc283faf46e098bd9eb85f62839c077d443
base/assets/bin/Data/3c9b0a72dc1f2d741aa12c44e911a8ac	10588	5be5677c82abae8bc102a1e340c784f2d97b863d7b1aba58e3dec19749e9bc69
base/assets/bin/Data/3ca0a80a4c99e0045949fff2b2d473cc	2696	591c0d5386bbae81c59489217889fcfc52bddeec522ac84106cbe016e59c22ab
base/assets/bin/Data/3ca0a826559951f45b6d0903d29f0a5b	520	13075696ebefc521178e4ec33218ffb3c5b96f63313d9db5ddcaf51ff5c669ac
base/assets/bin/Data/3cb29ed7aded92e45b090a2408b90645	13352	a097f28a2ba2d4c0931b0d98493aba11d32e8f8e614acb19af3549bb345a7d98
base/assets/bin/Data/3cb8b708cbc5b8544a9bf22194e73a7d	2580	212a7e628f764af242c6d0469f4e81f1014a1af5e6de5941326262b25b8978a1
base/assets/bin/Data/3cc5a9fa3b7079942965378b7796882b	44828	64b84e5c0d6c4d9cbd89224f5ab6fa4903e6479938cb069952c7a8769c19f9c9
base/assets/bin/Data/3cc7c24ba40a4d540bc5f97fb0a13596	436	36b50f6f9babd422fea95ae97d2460b8576737d1a6cc50449978167a85b1f21f
base/assets/bin/Data/3cc9135b6c1f66b42a809a5c5c63dc32	16268	1e6cf28c23cdd553d48f425ca2eb9aac5f31baeee79c69399b7ecd4e53d3298c
base/assets/bin/Data/3d12ecdcb92101049be2f88fcc5ee3a0	54968	a94aab958890d53432f71b3d2c79689f0fc41dca0b6d2d399b5846d88739ce1a
base/assets/bin/Data/3d427ee7de9832241b7573a0dd6be54b	214416	eeb9177439f404126a17ed2bf513bcc90b063aafe520bbb240147da6d1e7dab4
base/assets/bin/Data/3d4fcbf8a31c8694ba0595400abe0b38	2236	11331a3998bd994f74e1b65197d533916e874f756fd5a05eff5fad2dc8296024
base/assets/bin/Data/3d56bcb2dee7c5f468ec1679bd13578a	8288	b06f675316a1d1ff46eeb30cd4efe90ac487f019b5c78698d1b1908718e8733b
base/assets/bin/Data/3d6293b6fb1268941b878f09c5cebbdc	13764	1fdb19cb1afede0ee3a411f9a2944d63914b58c795e944984303e0638343cca8
base/assets/bin/Data/3d78e4aae12cfab46bf5ffdb1893fc03	15624	b97c5def6bb08f22e6750727d1feff44b448df0eca0304f0c8516a66c7698115
base/assets/bin/Data/3d945e131e3ff5b4eb3cd665db7eaa51	3684	482500812d3b4a898e50c6d81e182045903488587a8445efe958fed74869e96b
base/assets/bin/Data/3d9a8816d637ffe4386752f17b228b4a	2752	9ced609ec77b29fa7926b6c4f51d12dea86bf624aeb70c5a1af6a91f3e88cf23
base/assets/bin/Data/3db7749454c946f4ca9f28d729588a14	34472	5d706937f3a9e9f83efc9e1c08b6dc3d18b112081b9cd517478406ed4ac72bd5
base/assets/bin/Data/3dd71147a2bc96440b87251801981eaf	19792	d876a790170819f0f599e09252c90ffc0c3a4c324411c0a59949d17e3b5eac92
base/assets/bin/Data/3ddaf88047ec7ef408b4773f447d2813	472	2ce72e20afcb083383cf9393c53d16b1d536d7d9ae347235a98f9edd10c971d7
base/assets/bin/Data/3ddba493befbd684ebb7f4f1ab48a651	10960	49e9807f3780f7eb55f1f24391cd0ca57e35d8d32d980b69275544f43b1a05f9
base/assets/bin/Data/3df34e7219f4c934391186a92f9f762a	5152	920eab3db28456dad3f8ff34f46b99dbd512f46e2c6820bd5070c9a74949848f
base/assets/bin/Data/3e539cbfb55f15440a268efd1d4ce26e	632	2e54792abda206b8275ba382098fbf13b548e9d00a2873208dba08552249c976
base/assets/bin/Data/3e69bc4e460c8ba4e96adf3b6e688d79	40264	570f1775215c27ae897b7c38123826022c2ab9c387243283a7bc0bae293411d8
base/assets/bin/Data/3e8129f327f4ab745a29678536af3852	67456	961fe091516b1073bfedeeb459733f84f3d11e54da590ff2d8e5217e8b8dd77a
base/assets/bin/Data/3e8187a8082341a4dadcc45650d03ea4	6412	60f8d1b76e1a7bd6e8cd83cf9323950e1508d8aed471500efd6ed978a2043a5e
base/assets/bin/Data/3e8b9403d75cc4d51abc4324731e47d2	12232	e1b6861f05fe83b5f8bc797165a063bf6219f29711b7d846fe3aec1707d4476b
base/assets/bin/Data/3eb0130c8ce2fd644979e545b530041a	210496	00ce3720832fac2e578d41382682078e972b8e557fbfc81d99d717394613ad2c
base/assets/bin/Data/3ec1420c96ada8b478278c8fdee69230	64888	a5706307359e7399699e85193002975dcc7534570c6225d8196fce532d18cae6
base/assets/bin/Data/3ec8f670c69252244b9f19c8a161463d	183140	6ce335556aa0629974e9ba10ffab9959176d83b139c82e9b67e08f706a97f100
base/assets/bin/Data/3ecadf8cf71554c599b839bc4a1933ec	6628	073bfa0744dfd1316b91272d9a755d4f92fd3f1f7bcdc8600adafc4e44fb9528
base/assets/bin/Data/3ecf33e34aecd8e4da2605b8f0e9090b	160824	7754267593bb91757c4c4e2567f320a18fd5a90ed0959fda6cd5efb7e3c75e99
base/assets/bin/Data/3ee0c50a84c7b964c9347f9e5d23f11b	12108	7a2c561256b89d8602b612d5885787c17f48afafdb28587b8e15c4bdcf942cf0
base/assets/bin/Data/3eee5fd9da1d729459a5c060f460f09d	55128	d006e848f1b72e19d738ee07ef63aa9ecf5624776b7543f93749eaac17779eef
base/assets/bin/Data/3f123dd44afc6c14f8f33d19d242fb73	4812	d030615e3a9beebb16e76832866b0dcb6b9b5ede672c921a1ae480b0775355b3
base/assets/bin/Data/3f168cd715f6ad847bffd792e79dea48	3364	f70f8ec09aa8d7e1086aa12a57552b8a210cf9498b33b228c7adc5270e6a043e
base/assets/bin/Data/3f232f39feb3f8f438cdfabb82ac3b94	11976	b1deafede6e015c1442640a4527866f991e48d5607d687a091c57c85a033e46a
base/assets/bin/Data/3f25eb13d9905054886ac13e4264a940	305712	9f2b07288691997595bb80e4c422ba172cf86995458a8ec2f19675d7b5298597
base/assets/bin/Data/3f3835ade69056940bd64f1cf3b32689	16856	9c9d0ec815145a0cf7b9edd5fe0262d43e9a56dc57ab17e32246496e1bf05ccd
base/assets/bin/Data/3f56a8358bc65c243b564bd4fe9ec917	93648	291e370f87e6cf599d466251fc0173a686a4e9e129da6b2f26a523104adff291
base/assets/bin/Data/3f5b5dff67a942289a9defa416b206f3	752	27b10248d5b2c61ab76ce291956c6e2cf2e07419cb542e8b69f80f7daa3d979a
base/assets/bin/Data/3f778f9740a73447f963a29bad9f190c	15128	1b35741acce7840419e31b9e1db7a3794fe2905dbe1d82b27192ec00ba6b53a5
base/assets/bin/Data/3fbcbe63597fc7e47ac7880d9aa9ec14	54512	cab190c9fa01d21070deaacf97d6485fc611bb086020d6c11e66059e2fef7a3b
base/assets/bin/Data/3fe89de72c9b2bb44b182d994f8e983f	43032	b8d28908d310235f83fab924e75e76e5f725a1c79668837b9043352403b65e39
base/assets/bin/Data/3ffdf582b5bbf804897f20abfcf80f76	127788	8ce8102c2de9e0128f89ab9440438d5783c2fdd810178f32d7cdb46e2d5efda5
base/assets/bin/Data/4009cb91cae426f4bb757f26b5e86ec5	13344	7419bd6048eaabdbebe9ac85522e496c2589309b15efe3a71aa2b504252df2df
base/assets/bin/Data/40158804c2586a14da5f5ae8758fd7b3	12980	bce631e9d6b8393b0714f3df53e3ce254a710888c0657e9aa0ac1b8d3d7ef210
base/assets/bin/Data/402f6f7ee4f7ffd44af63dbd0b27743c	121632	acc27f33cec6f5e0bd64b6179f7b9f673f26ee298bed426ce87b48b200649597
base/assets/bin/Data/4031dd509583b78459e37faab4742db0	13888	77ecd66e4dd81a842d05b640d99afb36bb2ed3fe7944392e9ed97fc80b10b1a0
base/assets/bin/Data/4076ed62a557e7445bdb01316f230af2	43360	51c146206b2a2eb4d6df9c3c168eee5e68359a119ff2981de81041f2a3fed68a
base/assets/bin/Data/40b825f9d9038ea45835b2bbde8e893c	2712	9ea6b50297f0d8033936cd4b97cee3051c0a23e7cb75e6502874fd4b5664c421
base/assets/bin/Data/40d75b072ef9c344695dddb812fa5557	85920	247f199d1bb25af8954fc2a8a05548de94c30be779872683aba1b2eea672f8ff
base/assets/bin/Data/40dbea998e67e8a4cb56c59f9837034d	4144	425d15c55c8c8873763c385a55fb0ee5beb24e1702a139756ac408ba8fd8d774
base/assets/bin/Data/40ee7bd6258b0cd43864849267387333	12700	89bde97808c1f088a64d97b2658a4ef761227821f7572496bcfbd5e2337d8b96
base/assets/bin/Data/410054be7eb228b469853ec83b8e6807	488	413c5ff2b38fa9941edb2580b2ba5229ef0f3538af8701aeec9e70c1931388be
base/assets/bin/Data/410d05d5003f32c44b27a0cff929187f	3048	39bbec950edd1571099d0c2066c87580480e2e4f4598d38509500f324a581118
base/assets/bin/Data/411d5e4c4aa922240ab655f198e055eb	1120	0a1ed651b79d1ed24c3da1553f1a9492f40be6628f620e219011817081a783f5
base/assets/bin/Data/412332b9e059e724083dbb7cd6c3738f	93400	035ef58ab4f3878ee074ea89e1ad15f6cdd40a6084d11daad5ea6131485f24eb
base/assets/bin/Data/412488d131c92044882569e5cbdd30bf	6176	e712398a5df2e57f1a3831ee0d97ef00c76e9d48003230a673587afff9863f83
base/assets/bin/Data/413c5d17a9b3e1f428111b42f6e6b3ac	2788	140d7e8519a47d90aa9c135d1a49fc3d1c207e9ece27f76f76c571d3643905c3
base/assets/bin/Data/415ed763f9c5b73449a733b6747a4a14	6104	8064aeb52ba6fde98d83e56795a883be1e931e3482577a2add83d18345e4f06b
base/assets/bin/Data/416dc10b75b7d3f4fa27a23f092035e2	3312	d67fd644fdb439391fbfeb6568d956cc656bc25986646f7bf052377e2b198077
base/assets/bin/Data/418558e007eec6248b6c0177dda573ff	105008	546bf27f613e70e140f4ca8c1d8c94443d2b73e56db0634ecc7eb1bfecb0849f
base/assets/bin/Data/418bf385c97f30145983e40ce387bf1a	42744	fefab62bd9780ad2b070dec93ea60f0618f757a1567c4c719caaa9c377ea464f
base/assets/bin/Data/418e22c9b94b8d3498e8987891702ec8	6728	ee1f108cf942fa5aa84609381077dee50a6a7711f6174f5c19f5e5a1ca823585
base/assets/bin/Data/418e93e4e44bc9a4faf89bf704eafc47	593324	6f5add58899c77275164bf79127cf6755ef7dc2200fdcb4f6ed176d236cdaaa3
base/assets/bin/Data/418ec2531ee64a94dbe483df4c465a93	420	69827526ee48bc2791a27f41fc47b00b6e75c63181c1fd9d42ba561775980a07
base/assets/bin/Data/419ab87e3fe2d0745a9ff5525534eb6e	2888	186c7d2fda79c7117a654ff008e2d9fdbb884ff71aff5b07969ecc2cb0fd6921
base/assets/bin/Data/41a0f18f6eb4cf54aa4ad6dfe31abb83	980	c0b8becc5ef3a98f58c0f99df7c40f0da509c9a6c2fdadea849a00a39334454f
base/assets/bin/Data/41d14fc9d48d226498170f3c97ed69a3	36064	7c676279c2859d1d1b372b1c0916d9ec7e10f7b5896ab709c273a87a7cffd2a1
base/assets/bin/Data/41e399ce4b605c14cafe404890ce5ef0	2720	ce78d4bfc69d8f179d927611b3fd8f63ae1979db3126b17f01ddbb64d6a83bf1
base/assets/bin/Data/41f7653f741c2f64783693eb705e65ca	888	6c712db9bcd349cf34c6c4625e684762b4555ee836b24a6710bb6201f7f59457
base/assets/bin/Data/42300faf4a0fc57488233071e26e745c	12948	b91f5013143a092102dc56e5e6786bb49b2b67ffdc6c1e06d876c6a0b261c952
base/assets/bin/Data/424ba975df4219f4ca72a09a570bcda7	71536	d1a290fb44b758f1a0ddbe42af07b20bfbf2dbe86ddcf1686764103b4b588173
base/assets/bin/Data/4250a53d7b4025e4b88728103d21648a	272612	6074608c38c701b804430832bbd195d15cd9669ff38cddb971f909deb8486212
base/assets/bin/Data/42714aaf053b8734d88aec35ac43283c	15196	05baf1f07ae656c8e87fa62a001e14638b12de0917a9c6c4945d9b1b12869fe5
base/assets/bin/Data/4273c5e5fb5aeea4e8e056e04fb4bb6b	5748	0df73d10f370113ad5eaadd8d5731dea9ab9bf0fe0d67bab1db8d35fe4c505c1
base/assets/bin/Data/4296ec7896881194c9012fa47065fdd0	36204	2d39885f529fc522552e4ef211d85a7466a656fe398b567d11318f89762cf47d
base/assets/bin/Data/42997016a7756cf42b1c18f5dcdb320b	21028	354552ef6418ad943b02062fe16fdee8de4a271c559b37b6f2052e960923b051
base/assets/bin/Data/42c60f5cc509c1049a83ecf965d3a75a	9032	9f49d129124be8bd4daa56be07767073c4d72708ad074705a629e31b901a4588
base/assets/bin/Data/42d7f50e075170a4ba0f084610f1a7ab	113960	9db1e59e209d70056d9a73f4ca793d22ea1b0d1aed63cde15d51ff0e836055f0
base/assets/bin/Data/42dd128dd97b275439493e938aa8ef0a	68112	c053b15f16ef96bafa7eb354c8b077e7bc772ca2c5c1e89cac1de99ddd7a00e4
base/assets/bin/Data/42f17bf2429539b479872d56dad44201	8856	c8cca88ad40fc15da32e596e32317aee32dd6fe7ebb1561c3c8242b81266a0da
base/assets/bin/Data/4306d252a957c0d43b3f2eb2573afb83	34588	5505238b62a2d8a73e19d6995d77faf5db6c7c5323d4e5a6c735e803cf3205c7
base/assets/bin/Data/430d90c8133ab414090ce27f3982e1a5	1148	ca2d49d9dbeffb0ecb6e71c7462490d452c317e6e835ce89dbfda4b63287cc1d
base/assets/bin/Data/432be6f0267b5264baeb963cb0fe80ee	89152	910bc60b4eb7689f38f0043d234255d9a1f92d4b122e8858f2c2360cde3280dd
base/assets/bin/Data/433135c78edf4c246b566a42f3501ecd	4552	5d246710c0e88fd1bbd7d513c1e34edd592f0f471d8d839d6bc0c3adb811da5c
base/assets/bin/Data/4331e2ef427b9a340b5e592c8cc23326	61932	3331a1b67d20fb9e03c78ddf7a8e7b7061e7e2f3776b206854d19fe37122c9be
base/assets/bin/Data/43332dbb0cb39984ba2d9be5e610f481	86928	7b36fab62d0f1c95b2b1663d2b4b6ba4e356a8c10b43cd2761aab83d3f612675
base/assets/bin/Data/43386666918fea243bd2c59f9571b04a	4452	ed04d9767c1622571e3c08e6acb681a233d418adb26123107f33402d32e9869f
base/assets/bin/Data/433aba41bf87b444f89dc3706e68af3b	117888	ed7fcbd7e9c38760427fd80d7d84e0a8139dbb8ef6de8aca2145043156764a35
base/assets/bin/Data/433f212c01f5a7746a1e2d61fa0674a6	9848	e7ac0e81ad6af0b1aeae4006d337a40d7f3e6b633e43903cf421ea42dfb1b2ed
base/assets/bin/Data/4351d5761f268fb409c5567503cb529a	4180	ca5cb6067175a1f8cbe05d5d6e25ef5cda3527fc8d190ed7fc6968eb9c4965f5
base/assets/bin/Data/4377724266ba7c946baabbc9a63c4d9c	5188	162bd3fdda3c121cba56830839ed6cf7f4e066a57eb79e4ea8c8be02a22b48bf
base/assets/bin/Data/43807c84aff8a994a9ed0d3aca6e7941	768816	d86d95a96f8b0ec743f209fea1eef19e05a5906f05b71cb69b73aca95fb57cae
base/assets/bin/Data/4389c77b389f5a74682580c155311b99	147804	e2e90a911d3e52c0a814d06b0de809d84d9de51340470d612d26b84bf4fbf545
base/assets/bin/Data/440b93f6181939c42b723a4efcc3835f	23456	a91567bab1adf75a21382e360d95cddbac2e3a992682ed80089950876616d854
base/assets/bin/Data/441f6f57fabaadd4986f1a79638ac3e0	13040	90505d84509c4fe000f68d3aab85f79d46fbf1a099de03f718415b559ca19765
base/assets/bin/Data/442faa66c7de3fc4aa4d6102fdcad649	12560	a77212648b22eb0f04dad18ce6d3332f80ba38bdbac12b4b9829168165582827
base/assets/bin/Data/443aa1f0119e82548a385e242f863775	33176	22a183be678922c887bf3a4aec737f5ed688f96d2651864aa9688ecec7488381
base/assets/bin/Data/4444887f675b64d8b81b83dcb54294b1	23340	74511f75de6c2c4f57c3ff56fa513381076603cf18184c59c72d930a512db17f
base/assets/bin/Data/445291e5d28db3046b138d6810a63a48	5144	798c295395544dfd6688bf2b9a4238636c0ea89f1b9783a116d822de4e122d75
base/assets/bin/Data/445756a7e4c2c8b45831403be1dae61c	2196	b6279cecce702921fec6f90002457d6028c15557fe4bdd6175ea8cfbd11d2744
base/assets/bin/Data/445a6042215d6a94a9cd48c3b8404ef2	295920	2b210a47a0d8c843bbf4fce1a21a6fb114cdeb583df9c394edf06af6b469b7f1
base/assets/bin/Data/446227ff0612f0146851a143c198a09c	16072	d0859252ce59660ce0bb84b8e06efb4bdbd62aac92c97664f5d0f5196edebf13
base/assets/bin/Data/4474a5574f9eb4842baa210901f87742	26780	e7f555b6c2aaced5f48e0966782943299a6ecaa998a5cd7468b19ee84fb8582d
base/assets/bin/Data/447605d2466377245abad34e3fd217e2	208184	7154af9c31315caaf1bace9c4bff53bf188d5415d9cd8b2bc81771070838c6c7
base/assets/bin/Data/44841df3ac80340eaac693d38fbd7149	5708	739b1c9e1c4256f96492c8291fd4915261a95abf64d8f9cd80d680aa9ff0e09c
base/assets/bin/Data/4498823566270b84a9a611eeb135aaa2	26372	b79bb5982b784e4afea603bbdcc6a531e1f2854a03e2b46e11ed36941c6d44e6
base/assets/bin/Data/44a5090aa5db01a40a451232d1c9f6e2	7652	7d16180c410070dbadb5990913385485c59778a5f93ba2d55298ef7014ba6c7d
base/assets/bin/Data/45065c1effede434eb9813a62f459758	216044	52787a088b6259a2569ab460292262d8d6a51a56187f48aa23d4bd0588eb17bf
base/assets/bin/Data/451a0690b996efe4da7a45b0540e4c43	11236	a897c2303fbcc6f818c65b2c6756a841fc5195060d956f2b391c8c865155751e
base/assets/bin/Data/451fbf69fcc33234393b077063e804c9	6988	becb7b6d7b4b860d468b7639fd5482f5c6c16d68eba81e60f33f886de98f5e0f
base/assets/bin/Data/4548cd2d1e2fd9a4094b781a718c4dfd	5848	5f83101d99719e162166cbfabffb40d2e7f0acaa70029946ab102e07c8902252
base/assets/bin/Data/454ed89b627060a4bbcb546d12e8e19f	7500	feedfa97eaf1f890698c402c96c2ef4320844db98ea594ec0bccbfb9f53f676f
base/assets/bin/Data/457245217081f89459a5fc2ef2e49979	8644	4a84d61ff2a552ab9d2898978cdb2f2e530b585fcff3a36d3c5818d2305ff5d1
base/assets/bin/Data/45876bf8e5e134c7188cc173a4c32343	5392	df853c852465479fe68904687fb7d718cc3874d0fa87af35e41d6f9978b49398
base/assets/bin/Data/45b3158cb3af0b846a716cba815297b3	1624	5b963a3876b52b52c5bbae2e0d497ecf0bc07841ecd04a16107b1bd2bbc6f08a
base/assets/bin/Data/45cb4f332668284429e2303faf22d479	948	592d019868f61eb0b200123f7d6ae6d67e2d381ba94e44aa30d3772acdd98ab6
base/assets/bin/Data/45e04e38decc64b8c94ba7d3e0d86b55	9072	649a1834b14664e3101461682e1c81d0549928a6c593a5100546808502f99336
base/assets/bin/Data/45fbfcda2c26272489c5ea1668556893	676584	b084a9bda5bcb1d2934ad738e277ba2ed7a56deb550db67c44d29be43cc6c1ff
base/assets/bin/Data/460552437d2095948918c26ce2aa40db	6324	b7c4ec8b84c03d587bc8ba91410c13b5054dbf93a9815873fadd6394e47b44cd
base/assets/bin/Data/4605560275976c743b80903d9ac42df6	1768	b8564991c69c799bfeb2fb11309e66f0b6244ffc24523203c58d1694f480b711
base/assets/bin/Data/4605c55b2a0fc8c4e80dc4147ce01365	41088	e6de9c8e7e9fd63592661cb247604c400b279eb0b382adab1972b70a220703ee
base/assets/bin/Data/461eb9554a093cf4c8e132a1bb8cad10	18228	0c53fbfff4a055c77afc4fdd07b2c973c23e7869a6a04487934a4b0d2715e700
base/assets/bin/Data/4628e389ebc6ff449b7da77c16f8ce69	40116	2de4d8be1cc710eb34d07d9f3d19dbcdae8ccb51f47bb0eb66b8e26133345b5e
base/assets/bin/Data/462c9feac3c42480d8d50e16f0f6c9fc	321848	c793ad35fb08c8cd58d7fe283215a08bb605548b5a67eb739fe28885d40c5cd6
base/assets/bin/Data/463cf53e66fc97640b10d5c3bdd15f31	7400	1d0add1314e116cce59e8138491e1941d827dde3cdbc813a7b546eceb24f143f
base/assets/bin/Data/4657080d773ba954cb5db79913073b8a	29836	477bf0827be93d478a6bb07bd4e622eb47fa13b22e720594574c037b7455bb45
base/assets/bin/Data/4661d1ee3eefded4a8003dbc1541bb65	23068	fd8d63b4a0a373bcca59bf0f49adbc12126b0dd7c859d2377a0c5f970c53956a
base/assets/bin/Data/4666478bfab88e348a86cd63d1317918	592808	4d07b63e08f8f6037d1501fb0f11b2ea14058bf955547ad76c8e9eb0d54e3a68
base/assets/bin/Data/46760c3b13e3e47429cc4c17464be338	3232	3466a468b5b536d38b441bf694db9c9917a8012c165137b28dc4950a20d8ed41
base/assets/bin/Data/46a1c6579c5d21f4d9a9d5f68f110742	8480	6ea9b3337c4a26d071d67fc8a302032ada7da5d35b8e77299ba5a9585bbef454
base/assets/bin/Data/46a3a66bd218ff345b9c0fe29c1437ea	3800	2ca2cfd5644aa3e652228197c70e2fdb3b021541d03f52e0c2b5a6c5e9102345
base/assets/bin/Data/46c94bfcececd884488b21fd9bf81e06	7708	98ecb061d804cf63721c97656e7aa944ece3dabb6523505b76f11fb2c790aded
base/assets/bin/Data/46d0d76b3badb7a4b89c5b6ecd23d88a	16556	6caa60eb413c72f2c4df28fc115464c6b3d97c96c41f423e5be24c9802f880dc
base/assets/bin/Data/4703cc9e6572b604f97ca4da524786e0	2784	00cce66977fea00c28d64d04cf85129637c5d16b9fdde7d1076080eabfe62489
base/assets/bin/Data/47152eefe8d9e714cb659ce154142fd1	3900	67279dc92168d573029b3afb64203d8eea082e7a3b6de20ba4fbce69f2811e7c
base/assets/bin/Data/471dfcab0e5858c4086896bf7c63efa3	1259736	cad0f202f0b5b4309b5007df8f7d9e4179cd00d9c308f9ac1417013e0268aa69
base/assets/bin/Data/472d0d854b454454aa7b25acca9b2a3f	736	c5ac6066a812d70e99c325ae022e37d9a8966428e422c28b30c9e47adffa90ed
base/assets/bin/Data/473c7a303cc624e48b2d994d27310c21	69792	6fc0ce324c4e047c023e550f885c14a7e98f83458fa0acc7327533584bb23493
base/assets/bin/Data/474172b1cb8cf1a43969c5f66c0cb63f	68780	03a0108b036f9566633510660896924a2e4801bfb87faf6a600725c4d9eecef1
base/assets/bin/Data/4741c7be0ea394c6392234dd093a8621	960	533348e85a049944281ead387d0bbac3212ce5ee4ec3e0ec17106f6df7b116cc
base/assets/bin/Data/4743c2542fd6b524591d128cf7092d36	5932	5507b9a4ab392440919ee1227f4c3d915b0ce29f473ddb62276014153dfdbb4a
base/assets/bin/Data/47580f7adfa975340b85a523b3462bc9	3172	bedf4299f14ee6d76bd3ce26b0f8dc2616b36f30c6f27c58bbba52d21e25f142
base/assets/bin/Data/4760f6d1c53e2904dbac62c91b862781	5716	39014ac61e8e19582ca882c18cb123b59ef361e90be6313f1965a3cb868a2c79
base/assets/bin/Data/47620ffd839a512478649395ab52e7f9	90144	607779200d9ff4dd744019290545fbe3490c09ab4e3e13a0406df17fcf50c2b6
base/assets/bin/Data/4775b60c22fc05845847e418f9de977b	5160	f408fa80065567d71fa3782c9d67122671ca862c066c6e089569c954c904211e
base/assets/bin/Data/478709c0b23fc32428c0c4ab9d5b6c36	8888	0fe33b7b7d35b2c8eff1ae625b82a55bfa73293771e8a6336e585a51a5e1f01a
base/assets/bin/Data/47ef53fba4bf0054fbb3c075b27145f8	3524	b3726e4a999e7cd2ed0073eefd998780f06cb77d2620bebc6bbe3a9a9621ee13
base/assets/bin/Data/480b5ac924d2c954c88a66cccce4b4a3	4676	88d9c5603d879c14d8c2680f4c06c20df2a2ed6051bb8eb78482dcfb6d27c2d4
base/assets/bin/Data/4818884fe366b8d4791041839e2f468d	14600	f1ee24e18a80f3a621aaefebc7c5e8c70ce07d052e5bde092f78dea0de3c06fb
base/assets/bin/Data/4819b2537fe9f0f48bda5c2d930e09ba	3992	9570dd9767bd0d2565935208e48b125d26a26af0e6f988b15245a31c8c0067ba
base/assets/bin/Data/481f35b5330b0c048b38124f7c57c5d8	116788	469cb099052ce95126d303e2f63f6601d898db0a1d88725385edc0c694306df0
base/assets/bin/Data/4828b96ff35b8234a80502414f227d2e	4504	b6117b01c0a2dab44e7fcbad33e3718fb5f7aaacec88decccc148521a6bb8cf4
base/assets/bin/Data/4844bc8079b781440a8223d53c8f146a	920	96b2f15703bdf34897bf1f4149dbb4ad5a485ae38cc9edc13ad4459d3c3fa137
base/assets/bin/Data/485e5983d00524a49b01c4ead3ed337a	19944	af30706d53c36179e7d068b418254273f94bc18bb7616707b3ccb1580e03b37b
base/assets/bin/Data/48888e158a7802e41bbfaa1c542be601	5960	6e920c2502bab1d1e4e2ac6a8a8379e42a409501f8bc920db8271f8bb05900d0
base/assets/bin/Data/48bb5f55d8670e349b6e614913f9d910	6520	ed09209151c8a270785580b618dc91ec97ca5baebb9c7f2ad338f1a1c2a934e8
base/assets/bin/Data/48bbe944e3af4d145ae4e5385bf7faeb	22664	cb67c8ae61e8e989ea0d4c0141b449b5884fbcd9ff3faa81082955506776a349
base/assets/bin/Data/48bcf9fde64c55349b5f1f9e85e61f87	53560	372ec4968e752169173f0f4e7e7978bce7d88d197152f34d73d376b6c920f785
base/assets/bin/Data/48dfc130ff3b2c845b1f6c2702f43a4b	7412	111dfddf70cec7f9751fc73466932154566c468fb405e3b164e2096c4bca6e3c
base/assets/bin/Data/48fb043c850cadc4a883b53785e14c6e	3904	7183610a9adc63929a84c920c24230017e07a23f7c1843d3381bc0ef36a5e8fe
base/assets/bin/Data/4917db1ad005b5848afcf7702c661d50	80392	f006be074f818c973b606386522f027b310362065205ce0ea3c52054194b0d0a
base/assets/bin/Data/491932b20e394a44aafe5c230c0744ac	22776	98495b1146a27147fab4ea7b49ca99427b55c019b544e88d471d58bf599f7ff5
base/assets/bin/Data/491c1dc48c9160f46a83c15563343963	12700	81491e4f732e896134143a28051e9fb738f9eca5f65568fec70724c7c47a6ee9
base/assets/bin/Data/49385f3fa4939cd41801f96c2dd2e04a	10788	e2ddef7f9aed9fc7840eef0e604866a7fd6f3feec23e62d7891c47aa339dc45c
base/assets/bin/Data/49406d98074556947a3a77750d6ed00a	56064	e2adaae3994f529dca566776592cb60f5882651c48d03faee53c0eaaf6acfb89
base/assets/bin/Data/4946229ef8feac041b09e3d928547f70	5944	8df5303be3adeaca1ba37646f7b73a4ca60d35a24e739526bf52c5316bc1c098
base/assets/bin/Data/49498f9c910eba64f91ed7993da4198a	2964	a08c9c2078ed33f2bcd71a0d2ece04c798637918994fa623870ef208975b7441
base/assets/bin/Data/494af04800419f14f9fee87c06a99345	21920	4edc61a7dcce2d8cdbc280b740e6d86fcf199cced724486e9fe51f6b8be4d08f
base/assets/bin/Data/495abf42e98a4b74384b2c644610006a	34312	b1e1fe42fb96522a4ce1200d6f68981edefbe1e1ce887dff96c00ca5608e735e
base/assets/bin/Data/495bb0e7c5b01104ba0e733d92b9afe1	49772	6e0ef134b212f6854b1c639256ffdfb98c22343c20f448000aeb1e7ab5d23378
base/assets/bin/Data/495ebcd5ec55df945a83a70f33d656f6	1672	458d00e6d91928c37a50552c1c4051690a22aa2552917e080a168a41951bbbea
base/assets/bin/Data/49628289bf6fad2448d32071d241677a	18216	2f755c67cdc7fe7012a47b63879538ee7d11d2b2164f0c9b865cce359afc9316
base/assets/bin/Data/4969dce7a9156b04bb4f8df29b660609	207864	3854586890acf091f39b7c46692675b0f8806174f0f47d59dd3b5da09537f11a
base/assets/bin/Data/49716f2f32b85b340add0dbc0b842e80	16336	cb0d5733f582a0c2d2a0ba4b00135b6bd3bc6aedf88e3891f44ece6d9b67d1b1
base/assets/bin/Data/498a5f5389c493b4fb317a4f690dcc1f	4388	32d0963baf81d51a434256b70f3a0a44306bc06ecc9e8317c7c27b796e1b1985
base/assets/bin/Data/49a09597616f4f746868a4624248fbff	48668	6e34197d5e35cb30492dbcedd47aadb470dcd2284282195dac8a79f36237feae
base/assets/bin/Data/49b8ecd92fb15de419105c7e74a092b4	12728	97f4b36121ed32c429c878b1acebbc49e5ec8ac05fb033458367634c42fd5777
base/assets/bin/Data/49c75867b52be5f449bd040139296765	1260	b63beb3c53bbd62a4cd76d3fda9ee736bec442beed6ed9f0ce9c013833d3aa58
base/assets/bin/Data/49e7d426509ce1e47b72ee81254e6870	56724	a981ed46c887988698acc71a07fbacdcf1f09843af183fe7373c47d7ca40e400
base/assets/bin/Data/49f94000a080d224898aa0b526b51eff	33328	b09b7f3f1a1500d3ea734d1caf8c3d62254c2f329bd50d0f856890bfd96d5b8b
base/assets/bin/Data/4a56d38ba5b50a64591bc7afc68862c1	147396	f3d45f747b5e7651d1f9e7ee2e0ad3ba21963a48ed041589bf31394778c47422
base/assets/bin/Data/4a671250287a2a84084653c05bdbd1fe	7168	b2cd5dc19cd7fb5177a7ef54d69982a5478499c2f40691b94078a3ecb4dea524
base/assets/bin/Data/4a67cdd0c9bc8a24ea63b73b84acedb5	7492	dd700901eff925ad568685eae2862a2a76325d934f3b77bf92b2b3c13d6c8cfd
base/assets/bin/Data/4a8293bc21e196c488c6946a22aa47b2	8896	dca7af8639c42d06dc159d11e41e1188d6263f4121c72c0d4585ac14b5f8dddb
base/assets/bin/Data/4a8e19988982f2144b98785a6b77576c	60040	5c14dffd3f2befd9850e0f90a563f5cee80b0849796272414103aa939e30ab76
base/assets/bin/Data/4a963f21c13fafa41bc2565862a2252a	44704	f0ae20f365edb0c132cc7c85f8ab28f8d0c89e92c818da20b8515af4e7a2ef83
base/assets/bin/Data/4ab5d7daef941fd4a9bb9c56a4abf884	1408	2eed29f666adb828e204deef62f2b57972c8fd187654dd8af924ca8de3bc57f1
base/assets/bin/Data/4aba55d56d6a28941a4ff6087a7d4eb7	64112	d740d7335721fb047ee199baf849114e73fa8004f1b4df72419deb265b81caba
base/assets/bin/Data/4acaa21113dd0394bb3b0634035790d0	47280	219e443df0448b7011d064d03166601260377a54afbfea458a651e7b69bbd49d
base/assets/bin/Data/4adc2265b8bc4ae45beaef08b1462784	66064	7be6cb3efbeef82e6b48dbae876b72ec4b3e61350ca9f81c57bfc040a5d815f5
base/assets/bin/Data/4ae199b172ee14955b7610827b2d1fd9	30744	d1843f5ecbff69635855aabc7d7ac10b5346d51f1dc1e45cf605a2b5dce31a26
base/assets/bin/Data/4aedd06430411f84fab44e9ddc60f004	7172	dc553b692704a1cc04d9b1e0dc427f1af844eec5de59c791cffe0d408d92e075
base/assets/bin/Data/4b1954fa68354fb46806f65d81176b9d	11804	79cd439a0964afc327e1067485b5b8f1dffd989968a162d1f071fca3c136ac6a
base/assets/bin/Data/4b326b4f1f67c404c9b2b825d20acef3	3488	e493781c8a58e61946477cdaf344bc41ff6d52a1fdbc37afc52110ef641148da
base/assets/bin/Data/4b7e731ae47d609458523fa0e86ef508	368	370de5eba514ca6c3104ff0ce669d8a16ea0777ff2886d3c7871b9bef73d1418
base/assets/bin/Data/4b8a3d95693d1eb46b53ffe2fe7b5dfd	218428	2ded1214124545df9beac24b58602c2fb8381d99319dacfa1ef86229cf059a3a
base/assets/bin/Data/4b967bae19d844eca800036707c22efd	35932	d1670ba7b4323ecf9060dd9139f3689bf0303c9529b93ecbc9b0e8cdec822da9
base/assets/bin/Data/4b9abb47b23f61c49b8fedc5ee9a578b	2964	1998b1442b52dfe6f5c9f2cabc854044ff978ece824cbec7a51fb8be6331eb36
base/assets/bin/Data/4ba471e1ddb5c58408822c0836c4aa81	6424	a3e8e08c781af815ff04df7985b51d24d3fb6439bd5fe8e74bc2e645d6dcae96
base/assets/bin/Data/4ba4f3a59b694ee47bc708609605897f	7136	40ce09a7892030deef7816e3301ab8cc5b80e8b8bbe98d2ab0e3fe97e7c5edbd
base/assets/bin/Data/4bc9ac09270a6804ea6c7cd89d6827da	40600	d68af70688c10c1e71dc529f55483fa2a5559b55f645db09494fc8105d083da8
base/assets/bin/Data/4bd2e0be009eba849af82675f6cde004	476712	e6e0fcdccba09965204088f6793c8276596c0e9b184740c0212d2cd6d9c1bb72
base/assets/bin/Data/4bd6bf65928636b4ca7c20a780dc1599	12536	3c8ba8b48bc4f2ba98e55caf7633d753e84dbcab7ca74b066dd5142cd74b22b9
base/assets/bin/Data/4bdef9c80c254ac469d7aeea6d4d60c7	1028	f26210cf24e6e45a244d8675f106e4bd83d07b4c6ea05dd2b9c54b6a68864526
base/assets/bin/Data/4bee6dbae6890d943923f391380807d7	30220	a8dff9c6788910ee0e3f824e9f098b49f5972510ed82f060b107ffa2114d523d
base/assets/bin/Data/4c140ff974b6b254ab17aea028acf153	740	e02dd106705cf8e03515e5f27b05de2c52d9d78392444e570f57995726e6be8e
base/assets/bin/Data/4c4eca9588ca16d4bbe09f59b393568b	7156	e89b74731496d028b134a0122c94497fd9438af4df3c8f3272f5f77f41b7c437
base/assets/bin/Data/4c5d6f35050768e47b8afcfb5569e86f	2856	0f35aae5a501b5c25b4c3f6436787b7019edb9e58fa5ce3e5f8a5d6126776c15
base/assets/bin/Data/4c753dbfab1e4894990f6c7924eb0786	4772	4bd58bb29b5c7006db2803f916d4d262658c0da5f41a15d6660e3f070f8e4652
base/assets/bin/Data/4c7e7080464cf2e4ab5e2d5f59d2a23f	9608	bf1bab47f791c0fc2626196fa1d9698265bde09f9cd29ef495715507c0bacf69
base/assets/bin/Data/4c84f3e9be0d9644fb3c40a62559a78e	6124	275f7c61842bd301a820fd9bb85e09809d5a45bfe46fb86f2bb274221312d241
base/assets/bin/Data/4c871cddb75bee7499433e9298628268	600504	07489acdf2074e1ca33e8e42db2661a2ec9d8a59af0fbafb4c394376860d7570
base/assets/bin/Data/4c8880ed1ae9c3641b655747b055e60e	26340	57eae49a087d7edddede12d7bb62ca4a30c0ab3a587f4f5faeb2ae5d401dde23
base/assets/bin/Data/4cadde8d414021644be40c496ab7732e	86744	fe441bf564b7a79b04e03e1dc61d1f0b9df6cb5223915461a0b6bd46e005ff17
base/assets/bin/Data/4cd09aa526c806744860a8e1689f928c	8592	418a83ef02d2f01e3586e73f5e087f1366ce69d2af7545076f133e6a2c33039e
base/assets/bin/Data/4d0ec2cfb9df7fc4db777e67994a4b67	4536	4a20061861024fdb577d2bdcd4a3fcbbd7300c98ece5f56aa020c452b4f3217e
base/assets/bin/Data/4d107d6820fa9224a97d6759c5f6c834	10300	fd4d2907cdff8335298db0134e078602f64b78fc1560435e477d981f99058666
base/assets/bin/Data/4d3850fff65af484280695d8aaf652e9	219696	0da49c3375f91e1f5819628fa3c9708061d01579292a3e54840229276632127d
base/assets/bin/Data/4d40efd89ef0f7347ac1ba3372bf34b3	22148	95c31db9c4d7f2b045222e5434e06242e8c734ad13c1bf24a4d9a205c4a43b02
base/assets/bin/Data/4d7b959216b9d0d4da5bd7369a12015f	9164	a7f856920bac25bae62e02212e3b61e305fcbd74475ffd1ca1336bfd9ada514f
base/assets/bin/Data/4da7b3c8b8c37fb40890069250278281	131364	1ca3e8c0c22f9606a53af0238f8fa6c1f3de95ccd6b197822b33ecf321e0009e
base/assets/bin/Data/4dc6a7a20635d8d4285c8bc7768fd67a	2752	a16a88091bd4879b7ef6989d2600bb7d41e9f2169f16f7357062cadd1b32b2d9
base/assets/bin/Data/4dce91e53e091de469784a8b5f18de76	16280	3ce2c6554271f419e216fcc904a070727922fa54d1595515147ba435517d4d1e
base/assets/bin/Data/4de635b4420ba4c459a9fee25ebd82ff	6040	a8fb7d35e455fe2d2bfb7aebbc55b80eb6e46d72fa190c0b2e8f16b20a3b813f
base/assets/bin/Data/4ded28861538ec84e9cfb3cf0aab33b7	5708	90caa5a3fba53f5ac3e9a15f2cbf2b2e8b0d96931fe33e4f0db24714d8d309f8
base/assets/bin/Data/4defc849bc95dcd4b9edebd41f557569	14492	330c26f488e97e8b81c4d828b1a4bb91734f7f13e20af45dedb7d4254092a350
base/assets/bin/Data/4df0ba254402c4209857c9a430235085	2944	29267194233cb36eea1090e80994d77b348069b581ca4d690c8fb12372e75cfe
base/assets/bin/Data/4df8482b3ec4f2d4c9e63b9cedd022c5	21176	54b76531dc2987d37745c221081d5815bb13b18eaf6f02a2cc483bda17d72c24
base/assets/bin/Data/4df89aadce6b60c429f7b023a249790b	2968	c64b308107564e3420165cf6b23b10f988ab800acfdfde0945e9779ca2d27dd6
base/assets/bin/Data/4e14005f9a4581340b4d2623842fdb94	61972	677dcec8f418283fd27249b412574d37dfc69fe40c2b2df2ff98431696edec9b
base/assets/bin/Data/4e26b7c4366165748818d3414fa1b26a	49528	f820917cae47edc00e2ecf096c35bb7f8fda5c007a9ed411af8457a06497cf8a
base/assets/bin/Data/4e4cb534a3ef13a43b53b5786592971a	29044	00e1933a5194c8416627e6018f2803bde751417c7f464cbb97243e2dbd0997e4
base/assets/bin/Data/4e536754f44e44e85b3c86521e69f1e0	106920	91975e715cf1fb032cbc5e953aa823ac49a685249eb7370949cb08ac0ca3539a
base/assets/bin/Data/4e6c76fdd6925724ebe857f86986e408	49912	bee002bc34647745bdf910fc0f008d1e55d3813b05b69665846ad561af64eb11
base/assets/bin/Data/4e6f8cdec025d4d2cbdd63750af2f2ac	32060	a2db7889d5d432e2c10ff0a4eb3abc57aebde0c803f7ad44150191d6516e2412
base/assets/bin/Data/4e6fd8f63c73f7e43a628cab7899b285	59796	0681a77f61eb0f0a213af6a98b281e8a3fad8d29aea3571d1189437e9e489d59
base/assets/bin/Data/4e788d8ee8132cc4f83250b9e6cc2633	2300	26a94d6fc48506c07268b9e2d29f3c41bbef0fa9894f46fa23f22bcbbf3928c5
base/assets/bin/Data/4e896c12242ee284c9129f931de31423	1968	0ddba58e567aeb6f696e7466b60f7e3d4f70d7231c72ae3990e1876db43c7981
base/assets/bin/Data/4e989ec834a524c418e4e0edae7d6624	1408	72f9e58a6738d19600480a354006eb8bb3b50057a83d6118c0acea6126d1dee6
base/assets/bin/Data/4ea22ff34b2a38b49bc9dfbd649c1668	41712	8467349125d561a25a54e9f5c57355e2bf47ffd79b2f4e211a9fb02a42751d1c
base/assets/bin/Data/4eb4dbf3ff2f2ba4db8bc9abb01ff24a	8172	aea29e19cfdf78471c7a0aae59c194efdfa2232cf3b496f44b40125b98b17eaf
base/assets/bin/Data/4ec12ee92fbb0f44dba83e0b28a74e72	12152	ae9bf0207a067fa292ac75d5156607ea1804a8ed3e6c93c15c18d826bc756ec4
base/assets/bin/Data/4ee41bfc7d793a94ab7b1130eb8a2a77	41828	fb4a0ee60631c48fb35546760d0fb95bf609c0ddb603e49139dc83ef1f206049
base/assets/bin/Data/4eeb0f0a1b53bba44be1bcdb8273504f	4816	e8fd05e484fe7ded74c83f03d1c73b844c0c97a2dbe52790e14ae497fcf1984d
base/assets/bin/Data/4efe39656be3e834f80eb175efd9e8d8	1164	58a653b32cc340f587bba707b451129e5eee4f12cc79a7365e1045bc76fb8c0f
base/assets/bin/Data/4f1d3236e27bde34e874566e14972f8e	12992	76009351e9cc822ad628ff336e76cb8a55aae16383d707ea2df6b7a2b51d288b
base/assets/bin/Data/4f441f20fed605142a0278e8ea5b4758	18936	4e73822cb2230e38e1f79ec36d51c9aff531f68cc9f6d55493591bc81debb4fa
base/assets/bin/Data/4f57aca5ebf8571418108c15246e050a	2228	23abfbb77da990f7983866c292be6939f765d7e1a57d418aefde09a3ae3d4188
base/assets/bin/Data/4f7a972e94a6e004aa8a4005c63f171d	588	29aa2e83ab946938496e7cc13b09f27ff783d168118daf0b6b3c0828e6fedd2d
base/assets/bin/Data/4f86434d9f573a14d99654e88480adeb	1148	db6b24894ff899a399322f1772225e48f3c1bb175044f688c077283e7d1b303b
base/assets/bin/Data/4f9447b459078144784bf60069abd02c	340	ac2e88cbf8c9b8179aa3053d97b27dca84fca3b10b751a2768edaa1b0c447fb6
base/assets/bin/Data/4fa37ceb5729b49418b7b95ce592e484	115156	66a8b3e5ca0237a8286f7c68749cda58905ae7ecf4a8b7b4621427e5c3c4735f
base/assets/bin/Data/4fb4b47f862adc34084dc31934681abe	7900	5da30e2130d907071462156c741cb7e23b7867b39f905257c40ab4c038d42f34
base/assets/bin/Data/4fcbb158f15958e40970bda17e79f862	8744	45cb48fcbc877976b7057824a3df594eeb28f5c09181723679efd4d586843fbe
base/assets/bin/Data/4ff599ea157b2584b8f1d412fc7e7c0c	764	3bf67792247e11b563788984c3c37690237c4d8c025e8d0478a11b176ade4bd4
base/assets/bin/Data/4ffc20bebcd2a1443874df68f7ce0dd4	5384	777d26968bc451586bf40321373ab999acfbb14480d9d63639f87705c60d9d0e
base/assets/bin/Data/5037cfa894d41a0429ba54bbb042ef57	3456	c2c3c3be0b4775dbecf917e0e35e53d503325246dcc014243e7108987286721a
base/assets/bin/Data/503d28cf95743a84ca22d21a5422faad	154024	7f07df4a102e9edd7934dd2dcb09c67bd8f8cebd0e41a32f974c85b4172c571d
base/assets/bin/Data/505f9092819125e4b8e0f9859b1d8835	117580	97f676c3e524f79e29b11c8c7ff02ae3949602a9347a0630b95fc7f0cc501733
base/assets/bin/Data/5088d0220f0c4df439cf06c5c270eacb	2832	f06c60676e5d6a669b59ebe28be199b8c3780ac725cc3815620d7fd184db844d
base/assets/bin/Data/50abfb4cd2de7964a984840ba6f8de78	65600	f08964aa4b5d6f9353c0e9f6555051d7d9ad54c9e69c54f3aeae30741fd87600
base/assets/bin/Data/50bc2677f4d7f2344ae8e511b44a03ed	9812	d2ea07560f181679e4ca7fe0961f53f8d7276ade6a7baee4153f425705dc1ee6
base/assets/bin/Data/50c8f60b51fc37947a6dd9504f02b4c9	6396	86c4a8c7100aeeddc253b022ae6f668f9d98c7419f86756089d4dfa8cc43db79
base/assets/bin/Data/50caeeffe83abf84a8c47f72f078f13f	36980	daaed68778af6065b794058fb1ee2bc993f6f2fdb5ff53fdf312d3fc7584d2b9
base/assets/bin/Data/50ea62e2dda3c274cabc422d662b8ec7	1776	abe1f4de3f5ff22af65e0dc7e3e84d0de86ffd041355142c9ea21391b3497c02
base/assets/bin/Data/50f1113dd0bf3fc4d985f44d8b4fd50e	581352	f873cc7ac714d92f229226792c2a1b19b324e74cd291bd776bbdaa51d2d022a1
base/assets/bin/Data/5109bc38789170e4fa3ac38c40160eef	40068	2584db38f1826474c1207336c5c6537cc92d6a4dc18eaaeaad82aa6488fdf707
base/assets/bin/Data/510c610c0d60660428de1beaa9982292	8904	9075a79d9031678a0c40f9393b0273e972a7e4293b4d4a1aea107b1284685095
base/assets/bin/Data/51354677f4f07f4418f910a7b7e08bf1	1224	0cddb956b1bb40099553927edb70ad226fca48f0d35e6e73c303c2cf70743bd3
base/assets/bin/Data/514036fad9990054cb40c976d840a6a8	2836	b504db990b16babf037fa5ae0bcb484d6556294d4a714e2d7202c8a5c9bdae10
base/assets/bin/Data/5142f33d5085b044680d7db04eb1a6e1	181652	c45d9a8dc69fff88bdfc1d360a7b722172698f4e9b78127846cac2c9be06a764
base/assets/bin/Data/51460b764193e24408ecc5fda4395547	2956	afc74bbfbee6be9adb7df47c4cfdc089a5d55993c6f9acf8ac19d4e31c3dda85
base/assets/bin/Data/514cee9d7a0d7f0479bfd40a80be0b24	18664	e6c4d6d8619c2f8793b14f2df96c26fbfca5dd7fce0deb69de1d6cf449592891
base/assets/bin/Data/515d95277129dd1459cc0ca3a72d1de6	742360	22deebdc0c8d018b3e2306318c23525bf3e18deb53ffe28f1106fca0c9b57085
base/assets/bin/Data/516344c97a2385c448f4c1cb831b30dc	656	5789afe2d2c084f7332e77af54077f9414cd476477a44a5d9366470d9416b0b7
base/assets/bin/Data/516ddacc82138a646ad648aec7278822	11972	275b500966dd8d207c14a7cc11e19d6ad7fb72c142911353263b698d666fcb3e
base/assets/bin/Data/51766cae053d71c47bf880bf30a09f76	4624	cc477148b0328106b9c44d93dbd160e4dab9e8dea210f64240e2ea3cf7a04dc0
base/assets/bin/Data/51a2beb19aeace64a93ea586252bd338	6608	d81dbd2d1f0ede25ead994036a8d7c6c2389c74146fcca9a5a340e8b9e3322d7
base/assets/bin/Data/51b745925b3039c4d9fd0c2c6e366165	11856	8c9d4d3b7df2a94c0f91bf6834403df9934efbc9df3133acd1f385758f7c9145
base/assets/bin/Data/51c0043c6bd44b2448eb240a23cafae7	7960	f9faedab47b85ba56544beb5e76f571ebbfae9332a294bcc9cd94eeb061d7ed1
base/assets/bin/Data/51c7e27b2ffa2634d90156ab46c2a8f4	2508	e2b6eac4bb5326f78cffd2d45ba38e7a3fffaecad89c86ea7781664c9ad5226a
base/assets/bin/Data/51c8e6dccc12ec947ba0adbabeff9a65	20248	8abe9bc1a450ead141975d02bc759aaf109e4d3b90375e6bf552cb8149da8a9c
base/assets/bin/Data/51ce9b38edf6100439a9443b238add31	19244	909edc4e4ad72ec610112e49d8bd4b144b5dafcc96fd8cb9c3b15fd0e7704dd0
base/assets/bin/Data/51dda259cb1e57347ab0ca89baf3705a	6480	5f42fa7e5aa2f8b71cde9360182bc451986c5128b8fbe2b73f1b50dc6d0f30f3
base/assets/bin/Data/51ea1a7a78d167844ba2bc4a419ac787	17692	4103cd84c1b434a1d1551937769d8d726881afdbbd66a49f9f511a9d3c54041a
base/assets/bin/Data/51ee31cd511ac614ea39aa4dd7841c15	4568	ed25a8d05832ea72e060f98975172a95335e7468c6f20d027432056848add588
base/assets/bin/Data/51f262567a6d882478e8ea87a0679165	7384	b665698a462aa046d7ef0b45306733665ad70d7fbb0a0e266819662af27e00e4
base/assets/bin/Data/51f8d59e58cc88a4aa8bf15637c2d9c8	11960	a557b8149a61bbd942ce3bff317df68177baf91a1e8cbda89f6879112af2e8bf
base/assets/bin/Data/520211007c41f0b428d6971606cda986	2172	5bae5d93e4eb98c03eaadda641ff6f79ca23fba0a81834a6ad837d90ec44a85f
base/assets/bin/Data/52045dc0a938ac44eaebc68e7afa3151	5596	f3fd28d4c4e4cbcb4143ae70f000a429945563115a72c49a1acdd0dcd758c197
base/assets/bin/Data/5209884e39d3ffb49ac4d8ab2772a4c2	603328	89eda6ca59b607c7e0dd4564ccb52c1e2c75e26ceb8f49f5f2dac5ab637d7cad
base/assets/bin/Data/52140844e5953b041b68a4b4dd113715	13756	11aaf0b94faed2c3b3b134b0fb8fea3ab29b6f95ecb7d6fbb2fdb867e87bcd3f
base/assets/bin/Data/521c9703329eeed44823656b8dd0331f	5344	33a82def34f672813b6df903ad6e5afbd956231a7f196e4ff775d3f8d2767d90
base/assets/bin/Data/524335aa4b6e81d40b10c545b02bb9c8	1884	41e6634104e422813ed9b54571829e2d73b11197dcae1e9032679be2ebb17026
base/assets/bin/Data/5257bdb1b064e524c836e60518d40e98	1116	01653c1017e8340aa8049e109ebaec3bc335061fbfff337ee3057e7047353d99
base/assets/bin/Data/525a503bde66cb1429e6812bee795b65	1908	ee3589a3edb52389957507782b50812cbd232a10c30d99d75b67d9533ce96fb0
base/assets/bin/Data/526ea59bfdb0aaf48aa5f7bc5ef239de	37528	0a06850d3d8b04e4f73bd172d966782e3be1f93480c098e1e809047e7f1e5b90
base/assets/bin/Data/527e016b7eb889a409cf6bc4a38ee06d	3612	39d5e9eb697ade6a2807f4516b0b2eff80f328918885295542dc1518d168e226
base/assets/bin/Data/5289b9eef55037f4bb804915c72ebb86	50052	a0716b332ffaaaab7e4eda89078bec78b94a23f57cd632a53603feb9b61442c0
base/assets/bin/Data/52c5c6a0f24ac5942b523e45221da29e	524576	78f39298952aaf8a23f931670e22abf68353de85d0a1ad40c30f1e1409f8a5cb
base/assets/bin/Data/52d462910a3d82b4d95af13780c12d1c	17156	60c437ff5fa9e5cfcba365b18143c8c350626d5ca09af557cb295bf55116079d
base/assets/bin/Data/52e26930a7a8e4945b8ecf7ea89dc4d9	9012	079c5a8dc62ff985fd5e86d02153fb63c0169aeebb478e5f40f08c49cb40eff8
base/assets/bin/Data/52edaa142451b18489c67e912b927cea	4940	214941696fd29eab4d42fa8c752c9cf3c9375895225ebcd2deb331f551f47bdc
base/assets/bin/Data/52efcc0836106e34bbe8aef53593c755	6768	1a6499d26e08e85032d14d5a50ad10ed3d08b778f864749ea9dccd46d1101042
base/assets/bin/Data/52ff8c7fea56057468f71cd78be5a8bf	1204	c86289c43e24ddf67115d202f916e8c697604b809f0dea5f287294996afb8e8d
base/assets/bin/Data/5312c1c6d4acaea4bb79643e480e5c61	4656	bdb4eb2c6f90467d2af3ddbba54c400764ec0e7fbc4ac111369304d898ad1f8b
base/assets/bin/Data/531de82033ab9254588f421dc79f9646	1012	d11d17a1812f643c7239bd5ef15068ac83d9825b8f574682ce0779f6969d967b
base/assets/bin/Data/5330dbb4289b17441929096416daddcc	18004	a9340acd6be843d3984afcc7c8af031e5f8dac7b9c7f3dcda3bb5390acb3f160
base/assets/bin/Data/533921770871d644ab74bbe7c42a87c3	648540	73d1baff2bb95f0ad952f48ffcdad9a6aa1bd26a01e3b43af2d01c6d5d81f330
base/assets/bin/Data/53396167d33ad8c4498f69c84ea03596	61464	67474f33a4b586519fae605f0ffa7c504c1a7463b0056a0c8b0a7832b75e0ded
base/assets/bin/Data/53407b3c3404e2f4a990a03ae6ac0036	313376	6c0d4f8f2b112c750eed11152ed49e503bcb1abf5cbba192900e9a8faa90d9b4
base/assets/bin/Data/5347775b40234f74b87e6e2c20b6ea93	1728	4f3f08ff13b5135b9aa364667e1d392be5dd9d6ff11ef8964aa7e9afca39926e
base/assets/bin/Data/534af24d492c21c469fda53f6dd60832	4096	9be3d3bce0be89982f69cd9ea31b201e725ae2af32d510fc1c332d2cef9458cd
base/assets/bin/Data/53610b5a849ca1946aff62e6e82401dd	8848	f5ad642ca22c081d1341391eb071b031f31870e4cb93f8bb364034140d38fc89
base/assets/bin/Data/53636d70c9fd5a54b9be058e26d1178b	20572	3312a359b7c8435a363be050d668a691121b38a1b3430ea99a2832260a729af4
base/assets/bin/Data/53892d4811e91854eb7a682081a839d5	7812	fe89afc39fc59881e6d2264afe6ca3c0ea8d291dab1dd53c5dccb8a20d6cf91b
base/assets/bin/Data/538e9e534b0a87547b28219cb2956364	186904	4936baecb52545bab007b34a2e30254ee23ee6394e71e6776c19fb8d5de54cb7
base/assets/bin/Data/539b8e04e8265f044ae4adf7301d58df	58828	bd788ba3be59137592f186ca49b4d4c6873f7c0e635ecd5d16c90d01eab26f06
base/assets/bin/Data/53b96a640bcf4bf44883b5f5e4e0afd5	14948	6f881c7a9ede383095a917b24b4f2e8556c72bc3044f54c6b2f7f962e2278b14
base/assets/bin/Data/53cbb15e52c97d9439bf0615fd5257da	13596	df49c4700e04128903ec5d05fb0855822806db681d8aaccff0e6b413865b182a
base/assets/bin/Data/53d44853aad3bd94d82f12f76013adbb	15052	470b560a4476793b8ece1de04ab81fe9ea8fc89f49d35a55df7c737d15973d87
base/assets/bin/Data/53d537b8fd4465340a6666084f6a9af8	6084	f8e9b55c21bdd99ec964cbb5aa0129108ae3503afb6078eed09d1e1b78fbe929
base/assets/bin/Data/53de039aead48a943b0474693a726b8e	68516	d844753dd9d6bdd4dd33f9fd80e573dde4354d31af1ea07446a21eeafbfdbbab
base/assets/bin/Data/53e67b491b03b4e4fb39a965d5e9bdf5	4812	12f11966b91b04c8dfeb575822bfcdee87ba6f6cd4713e895df69466ca0ee53b
base/assets/bin/Data/53e9e8a15aafd8e4f8d5154632df6167	16468	c7a6732d8ff6ca846a67dd4cd3c54995174625d28dd2b4d59bfb3350029cc679
base/assets/bin/Data/53f96c26c2eb14ecb88f900c80ff5340	6448	db4977a7de063ffadc8cae0300abfd981ef9c50f5fa7b5aae6788b340676f0b8
base/assets/bin/Data/5419ce63a57af3b41b9209f2bd11def2	1248760	57bff97417488be03cdfdd0858c0cb7e105420db21b79f0a77585aaf6d5d92a5
base/assets/bin/Data/542273ec7986cfd48bdccaec1e026a90	41844	c2b76379c0b3d450e766ebf2ca7dce4b386b8e2463f3b2bb3a5ac4f42eed128b
base/assets/bin/Data/542cea51dcf03224cb26cafd30c693ac	16856	5bbb6635476c924c260661f3ba522282f3602bae6aac04c76aa60dcedf64f81a
base/assets/bin/Data/5438509b452a179448a832203074c431	60596	092113a0065689920e986093ac521105cd3fb06aed4935d438c9437702535ae9
base/assets/bin/Data/545dfb3f920144f7bb3599122209656b	8860	a22e9ace2805455f505dda74b5ead2eb6cc6581c6a8950ce6f133fef6743957c
base/assets/bin/Data/547d3b5fa7e451744baad05c5dc3f88f	1192	93f4767b12a19301f63dce4a022c2351b8b8ed25a1565b32d4b359136850a104
base/assets/bin/Data/547ed6e50c0d1e24c8e72bfac3cfb97f	21688	38c7a76875ac2a3935ef7d263442db6bdb37ab6f0b963d903ac7488d970ac29b
base/assets/bin/Data/5495db2e99e68704bac574a7a3e1865d	58620	955f2a0ee2bffa3eec62c3f6a7649e5ece31d4420f0c4dbb935073b3a7fa441c
base/assets/bin/Data/54bbfe4527602485a88ca421108e342e	281368	11f167d963bd1cc22f504f8c1b5a47696d278407382c44ff83669b7391f1186c
base/assets/bin/Data/54bd7b1dd3be8da42b50038843037040	19788	867195edc51c01742d180de4d921b8b61569f3658130dce590f2bde9b2c7c21c
base/assets/bin/Data/54c457cd056374f2388a989b3351ce62	6340	0790bf267b3dad72ba9435ce5e4619df55446e38c3dc272b9e569064709db83b
base/assets/bin/Data/54c837ff804b1574fb5f43325ae873a0	11468	05b2da12e523e79698cc32d6c0711ed3eede58c6118ec55b21f5b18f8b701da4
base/assets/bin/Data/54d00e840d875dc40909c18915d2e6c7	153296	272822836dbad2781c50b1c55e0426c98f2509c987d010eaa882eddeae0d1738
base/assets/bin/Data/54e033be5949c8b44800f7fd7aac8f80	1096	4c4d469c04fe5b1b7e3c3a40ce3c2b8bd907933ddf83dc5abeb97988f1b9c142
base/assets/bin/Data/550532dd116a9cb4184c0e2061770dc5	12716	4450f7ebeefd825fe2efbd0a838a6bff4748fcfecbdaaa08ae9e639a43b5a153
base/assets/bin/Data/550d9aad836d1424b80421040290c607	7116	dfe209dd3f8713c6494488feffcd9222f5f97f08264651bc2246917ae6b64c17
base/assets/bin/Data/5510ff181b868154985d998ef02c7ba5	5968	1e98e0a43b63d73b3700682f8f4c50c4638cb6168526d5b58c2bd75994a857d4
base/assets/bin/Data/551db5003083d49a7be4ff1db40193e8	12664	c33b6eb09922be0e38e765dcb00c5f92d7bbf9b5e76ef6409c2eed58dea25e78
base/assets/bin/Data/5522d4638230d8d479d8318efa432d77	10216	083a413fc0c2e043d01b8f556536d90c1008a0f3d674f7a877ce488fe9c31f3d
base/assets/bin/Data/552b71b7d19a3cb4fa89e0443cc5dcf4	8492	ae11c319737074352bb3426338e8d06a057a740bd4ae8bb1fe3b46235aeb0206
base/assets/bin/Data/553230c5597d63648826aa235ad45aee	23848	13c867b6cfd6f4aea2e9400acf0cfb766b2864114c36cdf19b74029d5d7172ce
base/assets/bin/Data/55456bdb90fbd9243ab75e897e163e0a	59356	87b9de13575bc64821abbf9e4fa9f6b977e8507802da4861848616c15962e590
base/assets/bin/Data/554ca42f7bc8d244ea4300ae6f15db51	177520	8ab0b9bb6e6688cdd8aff670d8805efe439de2f63c9fcb4eeb49e5fc3757654a
base/assets/bin/Data/5553e4dffc9d96448954030f1264ff8d	628	2f78f3f5e2d56f53d174e93294d8a2af97231cf55a11dcc41bde3d7574a87d9a
base/assets/bin/Data/556b5567df1cc7143982d28d7c33e849	3624	ac0f2ec5f4a45a69daa3b425dbb665a7d39d0fd300c271b0d065ddef2d50fbf0
base/assets/bin/Data/5586d0efc08ed5a45814df0871b1518d	728	3f31eb3c27addbecac4b8fe6b78c7d52bec2df24c4d20a070f4e749a7622b587
base/assets/bin/Data/55a39c0eaa189bf41a03417bfe25da52	11048	94b52f3f6d4482f6d2f443c17b46a89a0e8e2e7873fe3f092b9d401887c4e2c4
base/assets/bin/Data/55a7a3170edaa244c8000b230434ce57	1648	af2f225b7b952e327e69d7333e2c98da7dce7321dfb313ea98649c43943c4b69
base/assets/bin/Data/55d6ff73d1a28b14596f695697c14338	30772	5d991d3db6252e657e1bec9c6ed0e4bc9ac4c15c8a9f679713759272de6ecfe4
base/assets/bin/Data/55ee9eb620a486c448611b82274fef30	32896	0f56a0d5602029eff76f5c99517056017b1c7206601b41ff6b6bf829bcfc69ab
base/assets/bin/Data/56025317f031bbe45b4f5e2f49d6c6a1	233148	075d6c637d54e1d81d1fc09df322524e0c47a88f4f84e7ca83da67aff6ddf185
base/assets/bin/Data/562cb54239ce40349bfc449e501d4e05	36164	c536fe067647d280de1e57b4c0e498e39d640935fc32659560346f2596bb0fbb
base/assets/bin/Data/562e15b9abc38d444b77de7e37d99e1f	7828	7f399ee7a9bcbe011baff0cb4c0f0a8ba0ad34c8d422c82158bdecbcb5cc2d25
base/assets/bin/Data/563569dd7f8054410ad2a2e5a3086ec0	6240	2819b15ed3af69ea1262dc12b40a7cfb0f9be5b49c091f6a06d986d432e650a7
base/assets/bin/Data/5639d8d01f993444d97133caec41be6c	29328	05cb93c990eb81e39eaeddc5fa630dc48925c3abd651c7e62009a3e5f913f392
base/assets/bin/Data/5663051f7d78a6740904f41d28d81714	14572	cc715eda2669a56cbfab8353194b876aa894075b35b4d6d8cd051a2350d95ec5
base/assets/bin/Data/56682d1100578f34db23e864a001c2ae	3960	f13c5e63edf83c1157bde7f3210721fd194747a6dd438a417d2ffe3673698c80
base/assets/bin/Data/567b51717ecffde46adf1e35449d2d3b	71928	271022e727a5cc0fce5ce55fac3d54fe4890a917b479d97e06e24c729b95b6c8
base/assets/bin/Data/56817aece05e6c941bbe38e57ad56089	7400	8732e1f0415485fd98805b2e9f955b623c3bbffcaa6437a4ebbdce917843610d
base/assets/bin/Data/56a1466d8acb3354a84df616f629a27b	16396	14c0faadfd30627e468a1051dce9e438e52fa209182b4785299316ac707fb9ea
base/assets/bin/Data/56c415a80af88cf48aeadb7bb1e1a1b3	7728	28e109946d51178cd9ff55471b0bd7f5b4da121316db5f163690fd7ef00ab272
base/assets/bin/Data/56d47e335523feb42a14b79a370c3a06	13784	b25798607978e4b706adf03619fc488c82c9a0148a3227dcac51d05087b6f9d9
base/assets/bin/Data/56ea9af4c9e584b449145858e675b697	4616	8fcd80508bcfa5cde6c06125f29c4d4ca56aee5a1a004d5917c796b00b2f6528
base/assets/bin/Data/56f09e906ba2bed4e855379abc5f237f	15420	5e9b3bcdfb2173994f41ccfbb36d2bfc9f906bc9bcd5d74f8b864f2f21d8aa43
base/assets/bin/Data/570be533ba84922438cb9b12dda0306c	199460	b9c68a440842c69ccc087c8aeeb03e536da53e1c6bcd674886cf35f66e26286e
base/assets/bin/Data/5726f4a3fddda83479edc6613c4beb85	94376	b3ee2029f25b5fe9761f5c49957f59b19de8cb6d2a52592c2fa1901653a4ed5b
base/assets/bin/Data/572e301fc4d2db84f8c20ef0d215e76d	27256	663c40f378bf0fa6d25e6aafa3486f035ccad1b4bb80c60c26173ea11628533d
base/assets/bin/Data/57381f41b4d2173499dd52743b93370c	5304	ce66538d6d18a95f1122c4ff56106ebeb7bf334af6829c67b1aae711d13e5367
base/assets/bin/Data/574194ac9a036a74ca516341598193d4	47260	5a38799559da11645b7383ba2015a0b06f256d58b3009d2d0bf94e584f1f965c
base/assets/bin/Data/5760bfd58b5563e468275546468f331a	81032	9416a03c9663a9717810b2d1e353eece07bd8c2a12f87d537952b9ae9088e022
base/assets/bin/Data/57688b4ec052b6945b865c029c95e858	10964	b01914d8116228f7652656ea80ebe5ce22502d8dbc765e1a6d1f56096dd90764
base/assets/bin/Data/577fa21fd095f67448b41e577a613605	6380	9847c2056b67af01f6048e04d4ee7e2023c6d7fd32f1bdc97a70a8d9d7d0b10f
base/assets/bin/Data/579976b5c43b77741920595f7a06c15a	1308	56e38977d303944db455db5fb94ddf18173616d262277c0d4b73a2b1108c48a9
base/assets/bin/Data/57a856099dfc1da4b8a696dbd477e300	8236	6d9f49cb85494cc9999321eacb3232e96afcffa40084175ae0634da3f9f5226d
base/assets/bin/Data/57b630e394cdf83429de26b521057e4a	6300	2925a458a0f3cf7218e91793b01c56804e4de44460d3a3b45c1a20d6dfcaacb1
base/assets/bin/Data/57de1cd7eafc9a648bb2592f074da378	82480	59daf29a7de4ab12571864922c3c8fb1bfcfc1a7dbfa21c5199bc0b0fac6e6a2
base/assets/bin/Data/57e9419aad060bf4a945c4bbc966e62d	8264	ddae943f8c0144aed8e66f4ce75111b611b1933732261d3098066ac8a736c849
base/assets/bin/Data/58156ee7b051b9b43ad55ffb8ff043fd	7020	98ad7c12bc2cfbb3b00d90a5e0e1712b6861c441f7206758f440ee08ad862c0a
base/assets/bin/Data/582efb1993128644eb55d8168cbba837	4624	99ce0e1e627f50389d15049b96ac8943600e37e1a11a9c36d88a9e045e066cff
base/assets/bin/Data/585295032c56bf642b851bcab6b8f756	7176	328290378328a5096f8385fc7a98cb49d7ab60f4fe2690fcc6ffe12f0978b3fb
base/assets/bin/Data/585334a466cd49249988d4c767d75274	15740	3c42f520937817eb1586da88399fb837e6bf565d86a375b01a443be5396b49f3
base/assets/bin/Data/587059af0883a124abf7ba600fb97e23	14528	e38cb6fb80baee327748e64d83f28b971df07e293e216b8a92a79f3d197b4efb
base/assets/bin/Data/5884d289e00029e4dada384caa0102e6	41808	e379c012f95cadcad41fedd1c14d5d4b149e59ad3296c7139ead4eb5d53072dd
base/assets/bin/Data/58877d8f0d0cba445ac01c434667f889	1908	93bb19c822d5f1047da543281218e1fe6fb34b4afa6af68dd1d665b626f23d00
base/assets/bin/Data/588a93f2d16c1bf45b2a85197fbbcc52	7804	bfea6866df6b285a85ec101815493061c6aa53b28423756bdd8d5ff018ae0b04
base/assets/bin/Data/589ca711af8086a41870aa5fee527cb7	207664	126ed0244774a23dd092e287ffeb97c71de7ac40f463a9ea4d5f85215dce84e1
base/assets/bin/Data/58a2c933349661a42a9c5356c67d5037	12876	94c0a218a43eaa204e419f47fdf2327d088ae631808d375580b2de0ef02fa0ae
base/assets/bin/Data/58aa6670398ae7c44a5b73fee27d5c96	40968	b37feb8a27c88770f6072e1fa71b5d0be33596f7036a879694549d7677250770
base/assets/bin/Data/58d31981ddef24616bc41eb93ba8d463	51956	aa6d1305768f5edf8ebe4cd13d90b34911a09a3e3354ae73985df9c3df5a9c38
base/assets/bin/Data/58d4a6ee0ff12944bbfc0b6c16b723ea	402284	4fcc01aa28a6fe16e2493d37a208922b632cac5ee46079ffdeb6a14ef17b66ea
base/assets/bin/Data/58d60c8d118b612438c784fe7d4e408e	5280	30ba0a32d560c0bf3dc64758908920941f3eed04ff10138e18efad1002b944de
base/assets/bin/Data/58e25764e4775a141be9ca829dda29c8	11460	adf5da24f4fb949364526fe3b22decb08a9ba808618377c04c9180b47aa285ec
base/assets/bin/Data/58f3c817e277dec4e914aafa002e95b4	2024	9279e02384c35bb7f5d7b1aa45497da987734b7994d4f6c98e1e92553b013ef5
base/assets/bin/Data/590f09b8292c20f4a8e225ec1a831144	4644	198da32fb986350017ede5c621311c5094ee3f33e0713d34757ee3d1ad3cfbb4
base/assets/bin/Data/59171863b6d84401ba60abb81e0fe04c	2500	2f234d7f32e545f54cacea67d3e54fb81453b2574e37c32fdc5b1f395e04850d
base/assets/bin/Data/59274685430346b4fa3d25bed2180bfa	21132	b1ea750869305b3556d374e5a7a7397be85cd52afb4da536c6ab2226a653fdf0
base/assets/bin/Data/592a0afe1fde4384ab565edd9e59bdd9	78576	0ab4b3f32432c25d84a7ba707b532bef8d711ede0add9ced29d5930eb99c8f1f
base/assets/bin/Data/592ef39ddeb6b8f448ac941de3d2bb6e	12380	6506f5b1a25a9f60b61f509c2c25dbd4990a67459893321d7648ce3ca70b894a
base/assets/bin/Data/5935ae40ac250da4b9f4a92787fe66f2	19796	f72f52d88b61169085c873e0863d9ff4dd410554b9af2420bffe61bc5e384e29
base/assets/bin/Data/595c017d3d1fb534fb318bc307f96444	4600	02e00a839c796e854a3dd1c0db6654cb078f6375b3598ce37e52135f453558ea
base/assets/bin/Data/59a66a74ddd995848a9ed70e242a0eb5	61220	fc426f4f1f42c05b78286493439c7d22cc09470f8026af3354a597126f63f48e
base/assets/bin/Data/59ab051fda4eddf408f1b5d2e0dd1dd8	77868	3796b2af443bd35e93698690e7529e206b0b4c5575732402cc38386d4aaf0ec7
base/assets/bin/Data/59bbfcbbf4f117c4fa10a53d75ea281e	1488	753644a38c7957f65a708d9236867e97685c16723017eac419208c4ae09ae505
base/assets/bin/Data/59ddab42f603541bbb3ce465f5ee7c45	34904	2acb1cc03d2af1de7ba9e2294074b0265870bceb0e05fc257c972fed70d3bd36
base/assets/bin/Data/59e5f1746e634a5468aeea472f819b95	9624	b0bd69a7442b2c11d8ef577c1746a96596b8968354f4dec6aa01d92f154caecd
base/assets/bin/Data/59f020a7c105cc746a7655a44e8d23f6	4488	71ac10676228163faad3f212f3b0aeeb8e657cd7234607a077986f612899f433
base/assets/bin/Data/5a09fb273b69fe046817dc0d4db6add4	4480	7f40b5466c46ef3a5e13949feedeadfd18236c70326acea4b7bb7dcce526e306
base/assets/bin/Data/5a10ea31220f2cc45890bbd64b756e1a	4004	9a177678545e64cf990114ef83c8fa47306de5bade09849e2449958e9242a062
base/assets/bin/Data/5a156a4441d26784aaca6aec5757c0c4	6724	242770b8fea44c8655655fb6034ccf71981d69af5b34f127c7a6543c2eb9eb87
base/assets/bin/Data/5a1c5c1f5390d1f42a8005d6acdac145	4912	5d93f228d372a06bff208e9f415b72a75f508d6986cc22231bf12720d3050950
base/assets/bin/Data/5a64257fc752b654e9d1cd92d5b64fd8	6920	fa6744689bed44066877a7b6c840b06c8829411407e3350c9994b257d41e2527
base/assets/bin/Data/5a876505108d6614ea0d151d24c6967a	16080	affc5dafb926e994f06ef58303863fdfe1701920cd06f3be7dee4cf08fe13ffa
base/assets/bin/Data/5ab0eb4bf49c49f49a11d574deb93dd4	16056	bcc63845e67bf4d329fc9a2898d7424a7462b9b89885b54e875eac2bfdc85aaf
base/assets/bin/Data/5ab8dbcaac7ba284699bc5f66ba8dc4e	520	5c3998d9842cdb37accfd60fc987616eeb76a571c8bcfef8e9ddea2234e9246b
base/assets/bin/Data/5abe2b0f1f356444796cd050299c32a2	210864	39317a7ba55b6754de1193175d0813b5ffe2eeb172d37800de1cf0431a3160c2
base/assets/bin/Data/5ac17ee32615ded4491fab76782cb37a	3240	acead9ffc62e42b5d8a2e8bbb76beae893bc8d720f46d10fe65e61e1ca3efccc
base/assets/bin/Data/5ae2e224eeb271a4798ffda6f3c2aaa5	4756	2631e4ab564777e31eeeb62f29479f4a51a6e1cec63d49c7534ba750b8bac1f6
base/assets/bin/Data/5b00892d9e9d4564eab446d7ad0ff49e	237544	431f46b37a519666eb7301eadece78be57e8596743d4618c5e3b5f0514e5e599
base/assets/bin/Data/5b0f80bba1751134b9ea38dae1619b7b	3956	8470d20efb4e4bd13db51f47eb0cc5dd61b82c168f2ee185a4d8ef0fc2f96b1f
base/assets/bin/Data/5b3fd66103d3d934bada4f2b777f7b3d	16864	85255dca39566e6f8f3d2da962a2f8f747c714ae4876f96c848570ff87bb8dfe
base/assets/bin/Data/5b6bf2b3271312e45a38a3e0d9513a1f	11772	2f5ca9d5fa3f3f120a00fad0ca58400aa890fc29f470d8946e3d5dd8c87a25e3
base/assets/bin/Data/5b83d54d135c6ee46a0d326bfee0e71c	73620	797c6baf16dca18e128afb95be5c59e8c4d913ce1b82efd2dcc7ada46d45d848
base/assets/bin/Data/5b8a5b393b5b45245b6b601bbc988b15	12384	53a1f821d3b961a0a182e71cdb2ac9a9038139f38df8ea0e655ed88825561db7
base/assets/bin/Data/5b9781acdc261ef43811b3ffc88cd162	244288	495ac218556acb688ff131d7424a60c178cfcaa66a8a13bf07f69aa113666635
base/assets/bin/Data/5b9cfaf024f9f314b89aa81e9482d2cb	56252	462506fa15df4b9eb1baf9f983a020e6e1090c9ce741483684e314a7680a07ec
base/assets/bin/Data/5bcf88658ea034e5fa34f23367e319dc	3108	89bc44b07e00bf8b03e88464729abc6df708ed4e56af1a05876c29c70626d778
base/assets/bin/Data/5bf27e8cb12cd504b9cc4e8035fe1804	14932	e45608ac7884c03e8cea9e6476cc1da1bd6e0c0e8b8028b04e6d5f37a48f6ea9
base/assets/bin/Data/5bf8af55b9a29964786f4a599fea3a51	2932	e4cb5ddd3ac27208858b65059417a516a421cb4070a598539436a0ed6774ee5d
base/assets/bin/Data/5c05fdaee537ea54d96ad1f1db1cd2a4	11852	3db3d44389da372e17d8d105a6048e9a8e8907a45075412ab7c0ddd3c0768f5e
base/assets/bin/Data/5c2d15fe1fbdfb443a39d5e0c5ea64c4	11524	d5dc674bbf0b487bf665431107899b228cb6a6a9ccc8ed2fe9845985f077f270
base/assets/bin/Data/5c64cf70cf6f6c34a913cc9685575979	1280	ed8b6b685be16d7f1fd3b6902af43468a7bb2f22a57e7eea79be62d95a17b0e5
base/assets/bin/Data/5c7329e72bf368947ab6edd258928c93	71796	0f802b265eff1ba7b768bb43814652c165f4d794b495424ba832b6e37f3df44e
base/assets/bin/Data/5c9b9a404397d7a449c7317f3aa9bf86	6740	efb3c92dcdd5d6d323f8725832e1026733ec8d2b16afff57753cc20dc51f8f1e
base/assets/bin/Data/5cadbfc36e67f83469c4552be9d30a47	94368	258420b982fc8e5508e5e1d280c2da5ba178893f62415e17c63ed7ee08054eb8
base/assets/bin/Data/5cf119500133a79449aae7401db4a22a	7140	4f2d71d9c14d4cca8b4f2d2dd257b8fa3262afff88d32479213621ed69b9e882
base/assets/bin/Data/5cfbc2adadee845478c61cc4ae4811ed	5304	0ac6a82ac4330856930105fdf7c7f50a22a1fe00c6b95d6bbd55f26f4e9f84c4
base/assets/bin/Data/5d10da3514fc3e74ba927542011c3f32	2352	c9542fb013fcdf17b69da39285568cb731be5476a03bc49f9af21b674a177e8a
base/assets/bin/Data/5d117463c940dc149a483b35b32b4968	7340	656bd6de41522cead9195e87ce91f17f12a6836995a7d8700e0b430e50f98ae9
base/assets/bin/Data/5d2035b0201704bf1902bc32abd3cb44	9928	a61056d2ffafb4968a18403e7f3b2f2b7ac31922a30056919ae8963b4ea1c97e
base/assets/bin/Data/5d4bbff5b62a2df4ab12352970c66810	10408	dcbdbac73ab71b5c24750f2238d15f5f8badaef0f1b84606e1c392022c6846cf
base/assets/bin/Data/5d54b7d1cff51f2468fd354329102c11	1228	c98341fe6bc94f9585c6052abf968c734c6c88754485912828458ef583a45e2a
base/assets/bin/Data/5d66b9aa7cd1ea144ae841cfcff5d759	1020	77e817f25049883c8ec5612982d456802dbccc558488631d55338e7dc4603bdb
base/assets/bin/Data/5d74b983e84ddf6428e3bfcee993905a	21748	c06e2a0782aa93a7691a66b93d621c3f24cbf77530d10f50f74c39f133b875a5
base/assets/bin/Data/5d7654b43f41e5c4e8921d08565262a3	3172	ae0f4b64ca4fcaa25b91927e1a34fb595bde244c327dd84e4b8c3ec8f7e279d5
base/assets/bin/Data/5d80018746be8b94b8d4a2bd4be8cb57	34272	e5f2df46ac3fa2f0e1bce13c726cac11d72ecc6432b11603b948bd26edc0d777
base/assets/bin/Data/5d801781328794f4a808b9b9419aca82	9220	e46aac45e016d343b1a13aaa20e600dceedc59afec83bd89b6e5fcd5c84d8988
base/assets/bin/Data/5d8637899ec25f840bdeddb55340d55e	752	eef81ea6decda3a1ba73ebaf0a8b4b90c94da22b195c56b274c6a95625aa93be
base/assets/bin/Data/5d868c59854c6d240ad027090a84a4ed	3400	f2926c6785eacaaa6a90a0d0cb0eb404afc93b0944b5a904039ea9c79b0468c6
base/assets/bin/Data/5d8c858af6f6f874fbb09ad1d68f705e	1020	7974d07880fe26955fe7bfbb2cdc30b1ff397edde9a641ab90dc897646c194fa
base/assets/bin/Data/5d9a112d7ca7f4ddb9abee5a375d0cd9	29212	98e3f68ab3b21c9bfbfb0b293a33e518e19e66133aedc457e000d16ea04c24e3
base/assets/bin/Data/5daaa697264b77c48a001578dd7b4707	21072	3a44087e8fe509f37804808c00604be7433bb2405819d9d6af816535376305d2
base/assets/bin/Data/5dadfdbe16ad9e14e9d84b96a85f5736	14872	c4f9a6728095aef6e9c90bf52d1fbd3cde03a3899fc17f51993bb2add8ca44a1
base/assets/bin/Data/5dc6081b8448d92418844682301deec2	73816	20f5b45a48dd4aca07d71278c0b611b14dd8a52f99eddcea1e4791a4a9ac7171
base/assets/bin/Data/5e098e4617d138649a39bfeafee38269	5688	9f146baf8fd73fd7d73930436b0fcdbee03a3fd9e861425fbe0461ca2b2a08d7
base/assets/bin/Data/5e16c5e795a28b040b70f72b896eacd1	163424	0c4499f6e5517b7595e080cfb19450637f0d3a4e094461ca1fb39e780cd6c079
base/assets/bin/Data/5e443fb6132978644834c28a09d498c2	10844	d7c1cf241e19dd25c664079d69d71f219e913071ea2c831a85675d82ab1f3ea8
base/assets/bin/Data/5e53523ca8a9972419e53922138d789f	972	c162e1b502d12543b10cd1031a40617e026ed77ef3f00b12e4154131769a8556
base/assets/bin/Data/5e72f7165bc3c234b871f12ac4dcf95d	65820	304cd756c29833a7be6c58acb2e49e11a60706893ad616401285d151a079f56c
base/assets/bin/Data/5e7488bcfc556e9479f7056e4bf3f50a	38792	d184cedc96eb308b94e83c1af7083dc455532524958334ec4aa034c4178893c0
base/assets/bin/Data/5e78315ef3caf9e41830e26149b0fa5a	10844	5c1e3e667bbf76daa5c2527ea8f03053cf3ab4fa16ce873cf2ae5b794147e80f
base/assets/bin/Data/5e8914aef2fea8c4d8ae3627f7ca3d32	211456	8328ff2506594c7d8a6e1f5313b603cc7b533b3e453b1294745133ca2baae76e
base/assets/bin/Data/5eb2ce55d1792ca488eeb2a2b7664ba0	748	ee28441656fd242381e306e5e1d5a855b60cad4fc0c0bd7e239005c7a83dbc47
base/assets/bin/Data/5eb913d1c22725d4290ee9f575caff93	14032	296c9fd7b93b14cfd490f77aeca608033382a39680668881b74009602ac25435
base/assets/bin/Data/5eb9f5893baf66248ad610436b1b6e0c	768	67b9b3901a842604daa31f9699c07e4ead538da563a745b33291de9b7bf64f37
base/assets/bin/Data/5ebfc26dc5eb03648826933317f39f85	1036	2de8d33c7d89a3c91f229e8a79b5dcec8b16cef7ef5d57a826a9aeaadf7e9464
base/assets/bin/Data/5ec6ac53519d4ca4fac4ce7dafd770e3	10232	8fd5bae76b114d7e877fa144ce70e80316f09bbd7190588c3a8b6b9535b2983a
base/assets/bin/Data/5ef9fcccca2167e4687c6ce32f0de884	13192	9b5e4556e05ec0e5a1d0787abe48ca990010078254480c720fbf2d54c428e151
base/assets/bin/Data/5f088757c81f4e94e94a1fd4483da44f	7820	6890dbaab9749151fb1b12dad62a3b079e43ac26c3ecc6256e4e791515a41b76
base/assets/bin/Data/5f33f765f43fe244d87ce80ba15a9574	21792	c79b77eb380ad1055a8ec90a1e3435770a368986beace3cc68a13f058ce40951
base/assets/bin/Data/5f5614c8d2ff54e22aba22d17ec1e641	16596	081a32c04cb022ab063fecef3b51095f7b844de45c93efc08fd2c4a5ae9690d0
base/assets/bin/Data/5f5d2247c3aa0974db42d3daaf044be5	13156	75c688ba894f35bd51b14644903dc7cd8a2ad4a545cdcc834b731e472604fb5f
base/assets/bin/Data/5f78a8710fa61e34aab418c41dc91a50	12532	d3e709e0472e0add7fbc444e9c787c50a7e1f1a685440193fe22da6edcc9489f
base/assets/bin/Data/5f84698a7b0927648b45d09773f9093b	26876	7bb6471b33151658d5fdfced4875573fbc5d9387304e8021ac16205f2f94d3eb
base/assets/bin/Data/5f85ff10703b43848a25e5c3c63866be	11688	32def9485960c876d35aed7a3de40cb45957cce0f45c5312fbb35aeec23b9c18
base/assets/bin/Data/5f8d6edab4810574da16348120bb28bc	9372	214fb8abe4bd6fe8d18f8f3879941cd466c77eff2d6fd46aa9ec45b246e583ea
base/assets/bin/Data/5f94601b88b3bd14abe1a9278cd7236b	114984	acf9a0ece39910cfce6e7e6cc2743f0fb68246c6633bc889f3ebe83b0dcb90ab
base/assets/bin/Data/5f979caeb0613c34e9e91ab13d08f313	75652	1b681fe69bb01fa09a3f3aa11305dab2058a788b9e5fb7316c9985c80c9b40c2
base/assets/bin/Data/5fa24de8443670a49978f656cfe58819	5076	9a1f33e256145a36a3b24d574f17c234e2d69651bcf99a3020945134db7648ae
base/assets/bin/Data/5fdc838534aaabb488f5b51117574e2f	4516	13ac06407e26fb73642583e508caaa4309854c0751837ca6313ed773407c6f3e
base/assets/bin/Data/5fdd8dd1f709c9e40b6b9eb3206fbf37	106712	b563f5959da32bd3092f059a52dd2f3f3b73936d612525428b4807ec90e5be5e
base/assets/bin/Data/5fe59047f3d724e11aed01f9aea7910c	10292	de045bfdf6805405dcb54e6658e0008abb37d9da869b5fb3f2a6a46fc0899076
base/assets/bin/Data/5fe8f40d5d20c414185417af21ab6336	13792	31e12762ac7bdd1a4b49dc2d361c6e47f7d1145a20474471e03a6094b7f8a61e
base/assets/bin/Data/6005fa6ad31d4444085596e14f919d53	10160	a03964c4ae1b1199234649f3e932c15d038e4f550722da507e02b5851bfb1e81
base/assets/bin/Data/600d42185e1aaf948b095c6356107bfc	24964	b3d9c0cf1d7a862e02249ea974cdc08b7d6cb8abc7cb557dd6ddf833ae21c8af
base/assets/bin/Data/600e22aa8eafe5b4e991e20001fc4ede	39360	fbd9a32af1d0f3320b9d86b5214dffb2e28c4a330d3ca04cdcfbe5341b7e1f83
base/assets/bin/Data/6017b21645b3e2b4ebb6179e39e41eb0	40916	9be006a580a2046f263dab4ea20aa881d3c197a2fb8a564bf4727c23155ea4b2
base/assets/bin/Data/605aa2250e80c794c92cb7158ea3677b	21964	e27212903fc6b443a0e0ecc18fd84c13214718dd7c3d64c32e3bcd5e2b721d99
base/assets/bin/Data/60644376f82f4e8439f46dfd5a955b71	1232	7a065e58135177c2951e613505608542dcbced98bcae94df5da78d5caa76d738
base/assets/bin/Data/6075cd938576ee14e8981a91e5417835	4016	ff1c2e299239277f0d556468ed2a108b17ac9a072a5c083149f7e9da887bbdd7
base/assets/bin/Data/6086362e8df65ae41978fc400a34422c	5512	b774a3d86fb1be25fa60431813e5c9d5ad5472f63d803a500890dd3327e78f2e
base/assets/bin/Data/6094142f0d4f83f458ceae4c3f12bb86	4664	64864115be1487dca59eb1c6412baaa3b5abfa8490f77228e08877f9660e4c3e
base/assets/bin/Data/6096bc77676e942fba4281865196a8c0	3014336	9575873fe88c5ff4f32e379983c735f1edc4ac72c22677717172d3655d713f27
base/assets/bin/Data/609bc909a0cbebb45839326ec62ce6df	4136	c867aac68ed879ad105e783a130be652b8855fc6f071892497ca2efe42454977
base/assets/bin/Data/60c4137c66a872f4bb97dffd5c99c701	238112	9c6ccb429402252348e0c88e08f002e57dc060c927f3f46cee1eedf93c41b602
base/assets/bin/Data/60cacb737239f6043b87a4a8b772ae26	6336	a3cc172008cbf94c8240fffbf00677e4ba9bbc79e9d15085fba73c81ccc6ca4f
base/assets/bin/Data/611334149ebc2434894909ce9d1af14c	3492	f04d5e2f97b84b2c7eb7f118769b2693a2b291bdded007908c21337c3e12a7b6
base/assets/bin/Data/6122f80ddede8a5468c3011e0277f875	7404	8836e275f329ca86caf0149154032d82de141908476befb2f3959ac1a934118e
base/assets/bin/Data/612d696ccef75ae4f92b1fc4f3342393	26348	5feeca21dc75e660eff87481555415783557a71f5883932f1b276ad32454b16b
base/assets/bin/Data/61463cfb51d2a094c8e1bab0102334d7	3276	b05e453f006bd13cb525be18a7ff7ed1cd0196cb3242138905d108449f89d77f
base/assets/bin/Data/616069837607e4a32b592fd7f65b3cb5	16864	39f0275ef0b9987e18ab19ed1709ee6b8b3adb680af768d0756cc161ac8cb017
base/assets/bin/Data/6182fd46d7dcc5841b2812b8bc7efd7b	29052	9b20d4918361a69cd7f4a6664c730c3c6fbe6b7df588c66fe346f9b53cd05d41
base/assets/bin/Data/619d8c6fad44dbc419c78e1971d1f069	388752	c72f2fc1188c902c234b5a70fef7000dcd2879c65ec505342efe4e905c87cfe1
base/assets/bin/Data/61a86a8ca9775594eb9ce703ff470780	4392	d0f0464016af2cdbb65a12d6cd7fd0f62b98087ecbd92bdc420760aca9e774e8
base/assets/bin/Data/61ad89d47f08f2542822544e328b78b0	6348	2c675b8715bc3b17ac99f21973397dd7159dff9c46ace0b6caa3f90c8461e159
base/assets/bin/Data/61b2de3f324ef644ca83925327f77a7f	57012	b323207fbaae5e696a91e76bd12e9cbed6aca63f08912ff5cde667389b72136b
base/assets/bin/Data/61c44a18b0a9fcd46bb76fa0895ec8f7	27296	864f09527a9da38629e4806bd0bdc1fa866db06b76dc0db15e7c50d57b489449
base/assets/bin/Data/61db9c94f86b0b047b08a2c158af79bf	14608	e5142d62b9108d21ef074be189d1ccf3225f8c9b1cc586062d9d4e2f0a4f8b1c
base/assets/bin/Data/61dc2e452cffbd240a4f049fa1fe1957	3416	00deb151e1c1cf3f540ea3cb42355daba0dc03591e13cd8926c556920107735a
base/assets/bin/Data/61e80a3589c7a8a428e48b4b108dca40	23244	b3c28e6d0e94abf6d800dae17474357e4b9e13298ff2330f43a605b62b98c728
base/assets/bin/Data/61f8f99c54fdfc042aacf349a41faa43	3244	d2e9aadd49a3ca986964981286d539b5f8c8fa985556eb6856aab311c7e67f44
base/assets/bin/Data/620336dc7633e3748887a70ec8ee384d	85936	717f8d4e07da53614aaf5148da3bea15aae746f4594324c2fd5b575082aaa1ed
base/assets/bin/Data/620d14209ad020f4aaf5f8a2796613be	6484	1649cc084ca2bd2fba07e8e488736a03988c2b34a7599b39edc21de020c3e41e
base/assets/bin/Data/6212347798b46974eb788e62e2cc0a72	1120	4e1963ee9bd64125b2f4f5f44ff9920cb37ea113aa730d7cd4b2577287c0ce7f
base/assets/bin/Data/62adc6e06baedb74081839c8c7a6a62c	59312	1bf4b678de035df63e54de54f21a01b5e1914ef47ee1766cc110a1c9ca625f5d
base/assets/bin/Data/62b68ca72d971f6489dca00eef870562	60388	62a16f2b36798284d96eefe0480593f1b287f17348d3c8bec8e3eb835fef9361
base/assets/bin/Data/62b83f7ef10c2fb408adb99c062283ef	972	567691d1b3142a795b3f59d6ba3f4138964533dad2e90d9b59c3ab7802e8007d
base/assets/bin/Data/62bc957bf7c52944584206323ea613c4	10968	7c16c442ac760072c51d61b551bee9e09bae70893331f6909fd9be9f095abd55
base/assets/bin/Data/62dd863488a0fb64e8fd4600e7da4817	312376	5c603024feff87dad5ac7efbf648001f760afe51137868c75a73882a0e918d5a
base/assets/bin/Data/6303b1c7de2419849b2e85e67aadb097	20388	47abfb2d644d19f8e1c21b714fc8fd15ab01867d4620e3ffc40884da4f617ecd
base/assets/bin/Data/630b21617c7b2624499e673c0ab20301	1090516	035cf827786f009317637a43c2332637e11549f17c7853f9c986816a5ca41fd6
base/assets/bin/Data/631606e0615121d4ebd5628c908cd429	3192	5d308591ee51c52c824d54b24bed5bee4f1d72ac6a79577c32469ce1293cf4f4
base/assets/bin/Data/63290204f91790b43a25f821bb9ebe7e	22280	8a33a10a5770d260da6fb30a96313d502494ed2adedeadb6cef8efb163a35a13
base/assets/bin/Data/6329cac3f2876b54e910dcb53f90409d	135712	4fbba10f23274b9700ae83c7b4871f05ebdb944ce9f1d717bbff55b5ec61eba9
base/assets/bin/Data/63447d33d8843fa45a3179343f904651	40276	9dd0a8bdace3a8be79e1d0e97c3729ea703b426befa58d22b6ec8d59516733f9
base/assets/bin/Data/635416db6457b1047a65dc6a66804263	408500	51ecca797d32a1b02c7c7a2c40f699e342237957a82b78cd770ff83f2bfee99b
base/assets/bin/Data/6358f67f4dba6d94a906b135a7563083	88008	04750a4c85829a2e45806b38b852982e18642f205ace818f485901b2430acade
base/assets/bin/Data/6367ccdf9aa3946c286e718c61bab68f	23824	ac438ab87fe12f02b384681af9b4c2cad172a4e4762a2381b442f3f22d73d017
base/assets/bin/Data/637b28371578d5741be94994226f25f2	4896	c74b7123b5dbab2cadee624e939aeb0c7b925747646472b0223a3090710d8bb3
base/assets/bin/Data/63e250d6730b4ad45972d99be32d90fc	45332	760e1fe006f5b6a6586c663b399c148251faded3e606d3736fe53e604d20fb5d
base/assets/bin/Data/63e9bc5d63ee47f40aa30a29c2b2a1ee	49032	9fcf5cbbeb03a1fb89deac26fc4761ea46575e9a76d54944c837461f5cf6b676
base/assets/bin/Data/63f1186e718d747c5bfd79bd5afc3834	26880	8768be294fe19ce9dfd1c4402ddf38ff0aa5e9966c6e4349f45d985bba415f57
base/assets/bin/Data/64111ffee7d00744c842271b329e5037	2772	bda0a16a87b82fbe403c612b0e334f21a9aea2cda1805dadbcedde29bcf80481
base/assets/bin/Data/6412d20c536cb3d4d84538fa09a785b1	7272	b779f73c5d6ac09e8e4803474de0d13ad5e6370968c2857795aa28e60251da7e
base/assets/bin/Data/6421853d3e8700d46abe659c648cbedf	3784	5ef005aa5cf81bfda6b92b7df9dccae4342e4db1c6400e623b476b38ae879152
base/assets/bin/Data/64230c19a01e0114cb75b9823674c7fc	1008	feabbfde778298842342374b2d1db0a015382cdf6825ef59d367c677f949ba5f
base/assets/bin/Data/64269b0a9de427340b6995443e8f2db1	56720	b169f4353c358520689b9f88ffd296a905810925387ff6ee8d5769e7af857d9e
base/assets/bin/Data/642e334c451dd364e8042fea5e1013af	54764	b2f0683d5df4663715f99eef05899f210c599ad04d7413d6ef5279b6a346275c
base/assets/bin/Data/6437e5732d08148c39b46f2eeaf85d75	9036	dd2f652bca090f1ea7c24c78989211b09798d9cc2f572cf0bc555638457df019
base/assets/bin/Data/643c742ac4bf7da40a3be65751e6a6bc	21164	d901c27f837a371b5d9b8b11ad5f4271f3fbce101318d8b0aa369fbe0e939659
base/assets/bin/Data/64536bd5e0caead46bcc807845bb804d	91716	2b13d7015f54da4766d28e1ba6af22be37348d501000bad42e3dae3b42c34721
base/assets/bin/Data/6454d101cbf512a4990654bbf1c0cb22	5092	fc7c758df82f8caf2e64ad87e8fd5308e61be50c1bbbd05600e22752f3d1786a
base/assets/bin/Data/647160f6b783d544aa273fbbf82bb6ae	123004	bb2933a999145c162a07f207b21f8e4e8d790907335e07d5c36c02f8d62e8bda
base/assets/bin/Data/647843a56b0570347ab43603a3b00317	5932	371785d6e53270b7cfc3528e1ba1d65f544e65a5964700d17663128a82e7a346
base/assets/bin/Data/64785726931678642ba8bafd912bf328	1432	61a36bb3e895b806b07a42b049d987b7a85247b07afb590f127c0a5b081a0604
base/assets/bin/Data/64989364604a6f640a77e28259d53c6a	82728	af16f573b98b63ac44a2ab8f0cb6670dbf3504d963ea807b2765a0db8843deb6
base/assets/bin/Data/64a563e83d32e0240aa64fbfb9f64538	26620	dd6dc164def7bb043a893e924661176db3d8dc139b35e7180ef290f60e890394
base/assets/bin/Data/64a9b9cc05026b147a7dcb8596dbe34b	1544	a86373e9f64419707d5de9168742284ec10406296966c6e60f3b89f2c40f1378
base/assets/bin/Data/64aebc4ff389f8a43980a1ce2fd847dd	7764	d51d8212ecd617acc979e3f914b20acaea8e35cd425d470b997daa9ef0071efb
base/assets/bin/Data/64b249d7cba25bb43886324d866d1bfc	5744	e500ebb10ca5a6dbce3e6b1b2e749c9ad2b82b33b230d53884a2e3692249b28d
base/assets/bin/Data/64b5dc811bc1ae34a91d0ab2fa334773	44312	b5499cbee8756b4744e0b15de9c35148e9e9315264cf9b1431fcd3120824de19
base/assets/bin/Data/64c4eea965714434a81084136c22e153	2328	672446d18d167b820941f223dfdd2730a9f2365aa3da8bda512dcd8360556a0a
base/assets/bin/Data/64cec848d0e0f8d499bef14c87e6fead	1080	bacda1154de03a4c1b35076f945a0c14c4607c5ef7e8d5c343b4e2bb09e2d184
base/assets/bin/Data/64d26089ea8332842bef0aa7b3a370eb	59600	db7bb27592fd99fd56ece9d3e570e66b9e0ffa13970b8c81cff8f54edd1a23ab
base/assets/bin/Data/64de8ab032ba37b48867038175e985dc	22436	ccb9621812461689f84915af88d6780e800896e99399c77b1a713b19574d9469
base/assets/bin/Data/64eef9d840edfac4bbc299db25083664	18308	d971883554eeb328468d9aee063e7b6579f6d5683816324506050dae59c9377a
base/assets/bin/Data/652fb35acf4f66047af64618cb16825a	1612	633f6aa3edc82ab9bd48c9eb395ebe98c8090b6687c5adc2ece5ad2d03e75cb3
base/assets/bin/Data/6536906e9a5318b45b31c809a93a0851	884	b902376f1af15ade68433b802d6633ffbf9e5681b5ac3e39f3f3dff5570c26be
base/assets/bin/Data/655e8e538f3651e40b1953af9b3777ed	204	eca920ab2eb24d6c152fb941653d9460ee5374e2bc95eb5020b19434cf97ee85
base/assets/bin/Data/656f87fa1d9f944d58250696a84e9156	6820	568a3495c895bfbae872abc7d67d5464b3070fb5226dc239fa023f7cac6b7da0
base/assets/bin/Data/657dd9a44d2f6394c972ba37b1f78497	9740	8b47080bce38c8f630f784e03592730e55c4aa4c7e0e8a2bb4b1497115dbb0f1
base/assets/bin/Data/658a05acca8958b4396b016cfef1ef04	6824	6c6127195741e6cf04fca6e2c1836fcb5590ae222615fa38af7c89f88779e5d2
base/assets/bin/Data/659937d9863f8314cbc0cec42bd2e9b8	2756	f07baa584fb31fde702571ebede948bac9110282a36cdac3ba77ec604ab70545
base/assets/bin/Data/659a3970972dfe349b40436b5a9d4cbd	113252	a79cd68eade52764b0d09017ad1f5c387e18672906f9fbb0aaa8510cddccba86
base/assets/bin/Data/65b8ba7bc8a26974f9ed1af1029bbad9	2652	827ccaf091f6203395f0b7a109db98bab52f7cf1f7171d05ddd9ceac24114e3d
base/assets/bin/Data/65c22c3970587044a9f022b4190f7b57	37320	dfecf10f918d414828342a20ff1d8b3be8d6960231577b83fd24625e2c5cbe37
base/assets/bin/Data/65d313a4540aaf140ad5f34eb43d6cf3	2176024	da7eaa2e137cb20cb29eab5c5eeeb0a768981c7af852acdc7882f9fd0009310a
base/assets/bin/Data/65df15d09ad644161a38d110964808af	12252	819cb24fa3cd88d20384d88d4d5fed6da9588406f0e7ccc4939b2e23d9e6dd9d
base/assets/bin/Data/65ed1d35a340ed24988893240667251f	27184	a4c0f7c9d7089c2b714c998b979655328906a159c76263016f4040bed04eb0e2
base/assets/bin/Data/66009ab7005a61941b181258cdefb529	4988	49791b639830714284d01f6453f5d2927d4e5ff4234099a550dd9f95bcbe3d15
base/assets/bin/Data/660b97931f579a44ab963f375b4d6de3	21888	fd5dbdd48764c19d6e4104828ab5c6d5672c1c1a9d34c0e68c1f20b1f0d9dcd3
base/assets/bin/Data/660f145b2b33daa4099980d8b391e905	19048	e398074e97c61b40b5fd97ae649e49d49be0fbbc5e09f46dde045da477e1c7bc
base/assets/bin/Data/6613ce997173d2147b4d6400922a9150	2544	33a3ab79ef939eab6c5954e1cbaef3cb44f9a64117b65c493f01d19a21f5673e
base/assets/bin/Data/6623d311c7147f04c8a2b6ba0382ed98	50612	84878d178168e1af6fe6b8d7295cb3143f1b72eae875ad0e70c0844055f4d58f
base/assets/bin/Data/663491222be9644d8b42debd10fd40c6	11292	44294bb38c16b0fe1017125c07f4f9b80f2515fc5258879d90429c0803ab3f96
base/assets/bin/Data/66349732c66ee5e4e8d8c8c174a78aac	9412	a2ddc3bf8e94488fa2b9db9e0315f638e7068fa33d84e97e0649f5b18eb35d23
base/assets/bin/Data/66372593303960d48973d1c65ed8744c	12976	3a0138adcff91167be19def6c6a3fb95825b64fd3cf7f8fa2864302caabe1c07
base/assets/bin/Data/6670292d331bf954fbc4b85a77e33dbd	1804	9a68cf5e8cdb7c844e4880209eb732d3fe7ad26cd1e8384ea361a37917b912dd
base/assets/bin/Data/6672d8c6a4765a74790f526da9132220	6756	7a09abf40c6bd2556d0d94de04b65f82ef0e1f5eec71e9516ad60cba02cb6dc7
base/assets/bin/Data/6675b205fb4e4f24ab3667b03c037d53	9088	55262e2e7d0a9d4ab94a72a28e7fbfd8c5335c2ed5759c068191b7c9bb325879
base/assets/bin/Data/6688ee4264a224049badbe954109b813	10184	672c6c5e7941f11afa5acf991562b0fef740792eb53c23d9effdb24e898203e5
base/assets/bin/Data/668e116b4b7acf5449fc95acb1ce9474	2292	590e2addb2a71b92d9fe8d830f0b94627bcdef1fd1a7ad5e0a5fcd1d790f47c6
base/assets/bin/Data/66a37b14d05c4f843b40d357e59d5d66	6596	8f52507c0c90dacc7e9988a0f27cd4f40cf23ea605fbf71386204706d07961f0
base/assets/bin/Data/66a64c44f08ddc7458d9866bec7c9006	7196	46518cde5324a1c88a1893f03345f4a42da777645298e2bc27d42e9e3207ea87
base/assets/bin/Data/66b20cefb91fde740bf62ee6eeaab35f	6920	42b8df88264f263984485f00d4f2e077c2b6539f663b2fa5137a6022be84e424
base/assets/bin/Data/66c058de65aa22f44b86c7e4e622c484	25248	78afccee7a71bd76ae2b1aa2544683f27a9acfe798da2a51f68e4f1e3cdcd25b
base/assets/bin/Data/66d7ddbd16e7e414c8565a36c106d7a4	1532	fe9f79880931846893ae70d57b9c61f6232a991416b97adc9b0313febe77952a
base/assets/bin/Data/66e6c076fb85feb45bc709477e31ac3f	33156	cd7208c01b0f1e8333a4593a1467fa3f5bafd913fad9499ecb09853c189dc735
base/assets/bin/Data/66ee0f29567afbe4b9ccb1de5bc2e49e	7788	9045d17ee4da47c1a6328364df5746e789a1530e321a3d3032dd236a08086434
base/assets/bin/Data/66ef86a8baedb58478199aaaa1615be1	6804	149c9acf9289fe2c68a34bd316e445e9b627d6d88b4c85c852ad8482cd6039ec
base/assets/bin/Data/67221a388eca5f2499522fe1bf534ff1	71864	4aa071fa61472c723933f2959a69c23322a9488ef531de679d561fa3d041f3b2
base/assets/bin/Data/67296b6ee5077914995dd90dffb8fd9e	7784	5f415f0b3d3432a91d9932118f08b6ad5f7e8f32cad03dd76da911af6ea7495e
base/assets/bin/Data/673610916d0fe3d4ebde9a7d2af76686	72448	582eecd6680c5c364721b9ec114eb91de8e2ca57ad04d64222b52da4f9906654
base/assets/bin/Data/6747e6846e1aff948aed516ba37307b8	9176	f29fa57a4aa6c856387d1f7ae3e17149e2e2008c6c51b7615e3d8de77de39791
base/assets/bin/Data/67678c51cd4c2e14b88872406144e620	11228	08b13ca33c1899e4c5722bd8f509656875d526dd900fc66a48d721e9e010e8b4
base/assets/bin/Data/677a76b5523819c43b6644ae28a89f4e	11200	062b9d0568aa5dfab0e15f7f30b957cbd2858bce257bf9d42975d51f611ad979
base/assets/bin/Data/67a4ece9ce752bb48851d6f10c1aa15c	7888	3a6df68a85f4d7fafd94532723a92b7ca8b998702d4a0884bcee69cc326b34d6
base/assets/bin/Data/67b9c0eef81e6e949910b172b7f311d3	2304	bb2061c746569a4cc0b4fa650012f04af1384a3c75f6168f5cf1ab14c839d0e1
base/assets/bin/Data/67c4c5b1bbbbfa147a9c4ed3ab441083	18548	33b10ad5eeb2ce63f22e9a433a258365f3d0b5819be9dbf1236ae51ad10dec48
base/assets/bin/Data/67cc25ce52486ae438195d7a65253559	175872	b58e0f9b8b7310c62e49b79567dfd7ff19d5e1b2d97f82909b0a32b3f96b96e1
base/assets/bin/Data/67d08f9952760a34b84cf960623e43a2	7608	6491328b343d9fdd59de8f2a8924094823005d4ad07986a30c06068d97396d8c
base/assets/bin/Data/67d6f9e4ccf3dfc42a0e23ff27e59ce6	5060	55d8bb77943d8d4f9b99f3d884f2c6052bf0c04562c03df445fec9b1e42b337d
base/assets/bin/Data/67f5e36efb5af6f43928edabee06e018	728	5c609b96cfe36aad264e78775958602be1dd537310f1f702a4a3959153e2bb77
base/assets/bin/Data/68094a316230b68479712c189a059fd0	153304	9d703c37d08bffe53d84850fb5343babe7013f6ac8b168b6236cb47686dd00c5
base/assets/bin/Data/681e7e222b7b9974da210daaab99e633	69596	5637bc0f30e0394de36cd7539d6e1f4bb849dcbc917c405128bcbf567a8e9481
base/assets/bin/Data/6826f85d73f77734db01085470d6dd4e	4308	de99bae9c53047b4120e2bb9d0724591d515b3b27b23e028701dad62bfdda862
base/assets/bin/Data/6842b86fed7c4c4499f0201f4da36d85	59988	eef795aba1988491647d95ce4857c4b8720a823d3046af9351dd04f9bb5d42ba
base/assets/bin/Data/684a8295de7a5bf4ca2c4c15c0ccddf8	14272	300d6fbbc753914de5329c5eca74c341d0c7d688049c03ca74356fb1335d3c38
base/assets/bin/Data/684cf9191b3ebbd4c8d7e3bf78c4bc69	11332	ed28da23b73db01a960b74a7d4fe225fa7c8ef5dd044cad0e96abc81ef5cdd3a
base/assets/bin/Data/68b17c6f3c39848499b8cf36516f94e4	1668	9fa3769d2b8990a2d8d1960a864ffcc728b16824304d4ff963ef035f9a4f7f7f
base/assets/bin/Data/68b1a7f1379f2d547bcf145b9d7efe78	6996	9ce2b68b2e20c3746cc211f67b30107e5f564d9ed21a07c0e793e844cdcb49d9
base/assets/bin/Data/68c483e54ad720049a28ab9060376a98	7500	738520e61d93ac5685835c9f9f7988a8e8ccc8321a59b54e52e023de8209edd9
base/assets/bin/Data/68c656693dfbfa2479eca1089e8b24c7	7704	5b0af4d2628dc64c86f8e3011b094dfb0f13951356fee314b1661c82ce2fa26f
base/assets/bin/Data/68c65e28b58c4b74fafe665534215fbb	22444	f1b52b58ead5fa94696a2069f64e7704086587b78062165be9e6719bac7a1369
base/assets/bin/Data/68c719042d6788a4c81a615fe5bba220	53484	270190328f23c108afc76d9b4d7eb3788bf999a9bbe6d096d50fba26362d2b82
base/assets/bin/Data/68d5e9b0b6d8b6c49a7a1777c03d824e	6536	cdb68d8d9bcb94bbe11c279a32ed3ff1d352b8d6f6fa34052a630a2f12413b42
base/assets/bin/Data/68e6db2ebdc24f95958faec2be5558d6	13740	1a75b354de2f6b24821b7b075286cbeb5fcb4d56d4f6de1ddfce061f70bb9e9a
base/assets/bin/Data/69377ccf86d736344a9b8cbac1f67a9a	321688	a05fb49b4c92a4d265f93530dc550775743377790dc880be2d2e8da7ed401124
base/assets/bin/Data/693af791b0265284699b833522fc54b7	38244	1d1a82c3f3d7713bdf3a44e34313e59724a8722b24a79e6af691e6a4d642de8b
base/assets/bin/Data/693ded6534b60954da0ad7868d8c7568	15840	16c296855132beda9f4b5a862d582544558d6a6e525ca0cb2de75bc90bb14fd3
base/assets/bin/Data/695306f4601516b4193eb548054a5ad1	141932	44cf0e49c2b0114ab498ad3316aca8f3681732bd71d263cee1927d2a2e88f90c
base/assets/bin/Data/695efe63a2c14634bbf8ee57e63b2db8	7036	791602ab568794b2800ca41a9230339be94c381af435bc281b75522b624dab0d
base/assets/bin/Data/6968bd47c7a7eac43b69e092c47e1bb6	117716	20f9ec8b9b01b0fb937f01c9138bf65d521941e63b92b5b658504643e49670b8
base/assets/bin/Data/696b5b6591a08b944a31947e9a79d301	40352	3b07701194305d7826c8e5cc7f0895906fcd726e4df7c176bf6480efa98461e3
base/assets/bin/Data/69727b3eacaae284aa79f7b4f5fb6c6f	42640	0f4e789cd029ac9d4495b613cd47816805ae7aad68b602bc034d9bdb0afbaa8f
base/assets/bin/Data/697953ef9c9726c46b78ae888533ec53	8900	c02a92097db347efc6acf8029db65d35b9d464d48df45f8b8a45450f9ed8bc32
base/assets/bin/Data/69ba7261a071a5a48915169c75278d0c	16956	54648e592b87d298115563c5613c7bccb445d7ad866c9d0592c91fcf4e534a87
base/assets/bin/Data/69c7e9b594a046d408c2412e35e8caad	5848	bf7671a8a25a88e8844fecc88422d8b6f497d3302421b8d8489cbd2674c6cc39
base/assets/bin/Data/69c81da10624d604398d121732686e8d	11756	80b86319cbb839196a5dc749bd72944e183fa24f5ed38cac748a0b189942c991
base/assets/bin/Data/69d142be1edf8a849b7d0ff9b24e2364	141028	f6e693ba439b0439a277573ba8140d17799fccf7f1d7c145b65b328a7357d426
base/assets/bin/Data/69db7d5f31dd04f44a8318965a00559b	8444	e554b60de2e5ea084cc05ddacc677076cd1fe9835fc4893c09a80eb800660187
base/assets/bin/Data/69dfa045081d647cd97be548f7be898a	7688	f3843a18b8ab82ed3ae12508cec825cc09457af7193c2666313a8fbee8641627
base/assets/bin/Data/6a0b99220602fa44b999af0bf3020102	17240	4666681e6b574e5abb863b540bc1add0bea42949aaa1f070e5cde981ad8b122b
base/assets/bin/Data/6a0d5499a987b3a47976a63b8dfebf19	81996	562ab42b98331922fc173cdf934b17fc0ffe0c166e5aa9d34aa2a6ade5f89205
base/assets/bin/Data/6a0f6f64ab9da124f8586071fe317567	407552	dabf4ad5add2ca0c5ffd687449d197392f7393f921116a9b5bbd5814291ea79c
base/assets/bin/Data/6a0fcc31e9341a54b9c46e5e986d6a96	7500	74b404300e434054890446d2300d0527a4bad8173e93680e765c954b95117f35
base/assets/bin/Data/6a1432cc6632d824abf7586565e97992	208608	58609fdb605d794187713b729f75c27bda9dfbbd98da36f8f73db6d59ac267a7
base/assets/bin/Data/6a1854cf554186e4dafe667d7317f2fc	5679128	37f03d4b3002ecd13cfb4bf274a87b2fa93163a8e8783da1ff58160bbb671f89
base/assets/bin/Data/6a2d502c115a1cb46b0c7ae7e207a5d8	30576	9265790214bf6dfe942144829d1c83253166801a2b92c7870c0e4f9cf2e94969
base/assets/bin/Data/6a340b1eec565404eb9506ba216297cf	957216	e61a0555f151d6d90c9d107143e7307661d2138c89a29c4de755559ac32a957c
base/assets/bin/Data/6a4e145c5c631dd4a943ba0ea73b3200	13732	00c37ecc6ab97bb3251195cfc58c8bbd2776c4a86794e73fa08bcb6ffeceed4a
base/assets/bin/Data/6a6575187b467fb448a421143ef9b916	4084	877d6c1a2bf8d35537250911af2335a9c97fad36682734c6835a2b28697cc0b2
base/assets/bin/Data/6aa032835ee6a0a4c9e4d3a3a7517dc1	1892	c1bb3d109b21e98381a0df3817340f295edafac61b5312baae227341ab923677
base/assets/bin/Data/6aab363aeeadf4c42bd909a84aa3b6d7	9464	d8deb0f0329406c8f4f51233fe52f7d5b65a75810c53b1eea82381454d08cef0
base/assets/bin/Data/6aaf4b72689bc874e9daa966b1fe2f8f	36068	74a0b6cc742b11ae81e7e02daf153bb6bc7b9a09950606223064ed4d790095ae
base/assets/bin/Data/6ab1ca817c19ad3439a042738d350616	1012	a9607d1736c4872c12404dd8eef031620e24409b26c843052fbf7a267b9c1ec3
base/assets/bin/Data/6ac26290892c9ae46b3f46a00f933a91	2184	6c5e6be854f2b6f8d82376ef553add28dfc20d2f04b05ec34fd2db34aed8fae0
base/assets/bin/Data/6ae236d22de16384e841766718eb4ab0	22112	6257b12e5147c252079aa710708badf60a75eec3d1bc38d0a752e96e8c19d72e
base/assets/bin/Data/6ae4ec84068dd437e866527b257c723c	1552	f3188bc2e48b877405009dfcad111d510d6d1485235ca576e5b2188e183529ac
base/assets/bin/Data/6af02f9fe8fd8f6458c7ab2b66213f8a	8660	c27c72715c068c44cbdcfd8e4948875729d73331832e7a5432e431265d12643e
base/assets/bin/Data/6b1571c80640b914ba4811705dca38ac	208632	1ab52c2dbcd90e59d46cf16e6c16ef593753ee8caa1389645c3f1957007fdfa5
base/assets/bin/Data/6b17f78bfefaa144695c8b79edd8ddf3	79732	8401abded91f4cff12d47622abe2b911274f562bfe431bc056edaffcfcd0fffc
base/assets/bin/Data/6b217e4533bc3964a8b3876023e1e9fa	8036	f869ba44de53d00dafca87eefd2c99785265899d7f5919a89470598c0e3f4fc5
base/assets/bin/Data/6b2c1942e46ef814a8b9212ac03e6a9a	6756	dcd798bd964322cacb20e24597c0abcb2eefa6ec1b5d0b80dc0b86f62730e2ce
base/assets/bin/Data/6b30e658108c8e34d86db7950b902384	10288	bcd6ce4fcd66a41b0fe606ec81362b7cd920a225923e48a9cf4a2866fcee72ef
base/assets/bin/Data/6b5076c54eaf4cf4eabab111153d4091	86908	d9ed791e286c1dfc51574f85e617cdbe428ef5f587ffa93ec6a6116f91832653
base/assets/bin/Data/6b50e16204f1a054da57893b121b3c4f	10468	1141881d50633224f52dfe75895e16956716472d05686bc117b769c8f25077d8
base/assets/bin/Data/6b6cccf3a5c976742b9769354f5a9b13	33112	e18e6470dbd513d8cdf4eb3111d8e5fc898297254910c03cbaa03271aa75ee7b
base/assets/bin/Data/6b7bc0dde0a4451459029948e6e62f23	1072	90e74dad65c7d90487210d0129eb27872cd5fb53dfddf75b9839638daee32469
base/assets/bin/Data/6b7e8b8db35ce2d40b3036f9042b627f	126272	d5d0e66971e39369923e29578c32f08b10d4c218628053fa29e506d34c225166
base/assets/bin/Data/6b92041ebb6205e4281631ad53cb07f9	51676	74404f6500309b19166032832d35fd8eb51e98b9440d03e9e3a6009e99424608
base/assets/bin/Data/6b9a442aba716c24ea87e6a9e0b864df	204728	7ff7c2930b284975c088bc46198ad8e4464995da07095e9bd396071115a3ddc3
base/assets/bin/Data/6bb0d07960eebe6478845e9ceb0db96b	38508	cd179937c911ca44f8ecc4530f123b8403c33da3257ed59dd14ff6ab4a19a6bf
base/assets/bin/Data/6bb7d4d9c99554110bf3c53e770ad8e1	752	4afaace72cbd4268b81d982ec0f49b12f5628d5772f2c31bf10d7b9507d4ba78
base/assets/bin/Data/6bc3488d0bd85334bbb61725833a0580	13864	df6ce9722fc7f22810f64dfacc19d7096881d7015ae52455968da700c78a4289
base/assets/bin/Data/6bd6f9f308f4488428cfb874aa081349	728	53f2890084f3c8bce290845d8717a6daf478fdc9cd383f370f3c0d23371f6fac
base/assets/bin/Data/6be4b329dd247284ba26864791fb15f6	3376	ce0db59b3842f9586a2e66d877d5fe01d8af6beb289ee4ee1cd9ff158a7e744e
base/assets/bin/Data/6bfca2b315f492e4287a42c384fa708b	14768	7ba8b7e1fa9bf991eaf6479e5d4a1d6e9f439f2ec8bb5e67db42d1be5857ee18
base/assets/bin/Data/6c26894b65d408542b84dbf3cba433b7	26740	55178b19bdfb889f6fe0ea225f52381b14d1caca0457eeda871e2fd5d52909f9
base/assets/bin/Data/6c4e893a4f0a3fe43b98694679acbf94	1884	2ae3bb4d57bdda6a6044d3cbb59e465cd77557a698fba888ca05b1d345608901
base/assets/bin/Data/6c74171a16f1cfa45a2dc2add0b50721	33088	4ba8bb3f3ee997c80766991465be61b55d4e773f5e4e4d2c81f1d8ed92ef36a8
base/assets/bin/Data/6c7bc468503f81944a889f4afde84df6	5872	42356abf74eafe52e3f155f7d7c191f664299e80052ae1e20038970df7dbe989
base/assets/bin/Data/6ccbd1b692d07e741bb2be168ba44847	3028	4d0ad1341921427808bfba9275114cf6bc1606f0f5018f4a4f48d36639e9b54e
base/assets/bin/Data/6cf8b601c506c6741ac50299df1c643f	15676	0428286f5617394efe799c2238795495c7b02876e957939adae3c64a658bbdb9
base/assets/bin/Data/6d2226de78f8de141b11683994459d48	5876	d09884769e9a0bb19bb8a33c7304eecdbc64f7bdba95af2943de122e27aab2ba
base/assets/bin/Data/6d2777b51a5036946aaac02dcea79f62	50548	c97e61bcfdae2a783ae2e04470473cc5889cea8761fa1b9e802c16b724cbe5ba
base/assets/bin/Data/6d535b186d5541c4fade4466be88d2b6	736	955962c886790761cd6a44801052eef75d5dc6afbf437a5bc7f392faf168858b
base/assets/bin/Data/6d580cd7e58bf3a40bd226a2bd9ba2c3	30392	3b926ea5a80f89f8c4f842ba19a83def4acb8c08087b08e5c2bf4857075f4e84
base/assets/bin/Data/6d5e1ba5fcc0db44e93ebf1583a9973c	87688	0b55143422c41af9b8a4194e12b487ba38d02e39b18c0916706c7a33027027e4
base/assets/bin/Data/6d5fbd724bd43c74cb3422248868447c	6440	d2e71750196a4ab43e3071f64bdaf94eb9310f3fd679c11b805316c4515b9b66
base/assets/bin/Data/6d63929f9c9acc94ba8db1ebebc8cefa	3020	cf301bfc4ede8b72605e02bb35b11beb200d24ba1a723bd81f00bedba4629eab
base/assets/bin/Data/6d672e1b9e1151741846ffd5c176cc48	13564	832a55705d6fa5e647d3f17e7ce6878bef2aba56d6b4e5b05ad768eff80ca7c8
base/assets/bin/Data/6d67bdcf0630d7849929ab6312f35b9c	9600	dfe7e4dfaf3eb9cf14cfbf31c7dcfb48452b74bbf4cff7030289e8636a219a41
base/assets/bin/Data/6d9ffa85b58c32a4ba1977e91ab55575	4900	118210712328a37170148d998aaa1ce8a15312b3397bf850a16d491c81a7c6d5
base/assets/bin/Data/6dc24f7965a8ddd4f8d3bee1c045cd80	57552	829375a22b0ea9c834d5394c36c2c552b26346f8e8f7b1b312e9674bcb009e6c
base/assets/bin/Data/6dc42e6ff32261a46981112c67565c42	4944	06d0dbe4c776fc66d5e258ef0995479164ca0dd3a4404fe00b5739fa0bf741a3
base/assets/bin/Data/6dcb312b6ae519141a81217d68ebfafe	932	e804df4c1c22b93f4f3355cd9f3e092b4214fd26e1e28703cd25b32fcae9a629
base/assets/bin/Data/6dcbeb05b1dde924f9e3b3b93eed14d6	712	dda9d6b4603b5a40146157aac689a82b7228d02272ac798c421f4b09022ff89a
base/assets/bin/Data/6df44f54788a2bf4fac30ce8ea0c1fa2	5468	0004a78678a8caf44a2315dd9247e6ad449de9b4f1c33bea4e290f29fc2ab0c3
base/assets/bin/Data/6e084d25072bc4443939f88ceccfcbc3	3024	8fd99a67e3d0efe7f7f1c86439b54a2050b755e4d190f716e2edda5819b9e93c
base/assets/bin/Data/6e179b4ff172a114caf48ea9efa4066f	5460	39d942caaeb500168e126126509edfb3aa3e3a4397e740cb84a49730a7afd53d
base/assets/bin/Data/6e19d4976ac5f7748a977b243c44fa76	32392	19a7772e4867ad880a5f1911367597e6fd1f900e73c7ad02532a57f4e3094180
base/assets/bin/Data/6e2272b22f4021e43b0d5fb34d8e5c06	3948	c2666ea825b316d437b3d80a17c8b21bac521e82dfdc6d91c687edacc75ed3ab
base/assets/bin/Data/6e2f151af07c24146a540f3e47b4963f	8368	41067644daa36fdefbba7faf67437010e0b4e52b4047b18d3e6d826e990aa146
base/assets/bin/Data/6e664c4128a67f745bd408b1049896e3	5680	43b5a0f37909869c37e1c22b20aa145900777a416e293ad40240649e83e82953
base/assets/bin/Data/6e7457c08ec93cd4683102d86453b4e1	3006380	341fb001802b8dab165c17f9601c286402daf95795747ef1f0a8d9d4a96075be
base/assets/bin/Data/6e889d8eb10caa243ae76dd251e323c0	3548	335ef7ebc43465cc17837538d68468f0498347ccc79a8f108d686f739e8e72b3
base/assets/bin/Data/6e963af702bb686458b0e664dd255e52	55776	f7ba5ecf14397cbbaa4331c09d53ca3daa48d8f31c9edd900d400679d6a51193
base/assets/bin/Data/6e9ddc7186404f842b4ba0d72e1dc8fc	35232	c309bf94e72ae3ca071aef3768d9cd863ba2c235e8508ece5edb7e3b527c976f
base/assets/bin/Data/6ea220cd41990f948930fcce5106a059	54576	862d3453617c213a17a383d0821dcdab891608645dfb1b22ce89f7c8d20e7111
base/assets/bin/Data/6ea332d54687b874bb1c34cc5231ec4a	5084	cf3b5ddbde8d80ede126daeec4eabd3c9dc9752a01bea7c36ad6a07da7bd3506
base/assets/bin/Data/6eaa811ab17fbbd44b003b9479f4851b	13648	da842abd109c4bacce692e359c905dedf67b88f9c05fef09b7b15561adf11baf
base/assets/bin/Data/6eb5b5c0ab247314eab8fb72ea1601ac	2796	7d5ebd681f737d07a8665794cf65f701ec1691a3fee01e7f080c26ef801a0726
base/assets/bin/Data/6eba179d420fd7c46924fa27682b35f0	888	8e08ca2827a47b9a4ec949e4e80f14a22df78879f11d11a3ac71baa0aeec04fd
base/assets/bin/Data/6ec010936d44d934896e344776b276c8	27980	162151d3279fc9aedfbfd1bf9d23a30129a29d52dfd4553044aae7ec4f9d4667
base/assets/bin/Data/6ecb2b6df322380429ac3f745d27d2e3	6752	15e1f337e11ee3e47536e6b22e4196e7ddb72930c9f9b976d6d0db2183031715
base/assets/bin/Data/6ecdb10266b3546bab1924bf80bb97fb	2940	f6f3f83e9371e0c11c736d6fe62ad67b253d04859c1491ae819a474e6ed165cf
base/assets/bin/Data/6ee7dc2027032d34dba804f538b4733f	337304	f9bca1d8f27394080b61f8ba4fd075c74cb99f9d668171708ed5588c8e840e08
base/assets/bin/Data/6eef4d2914643a64782256b09a7df5db	748	e1a7298274b0eae2fd6d282c2ad342d194cea2f72fa7aa6757b2f60f47f338df
base/assets/bin/Data/6eef797dc987ff6429ab4bca971532e5	164312	4fc627b5eb7868b17a1994bdadf1d421a688a2a4db8c5ff947b0ee5c999b24f5
base/assets/bin/Data/6f069fe33d91497478e7163ed9a625eb	649388	eb9daa2563597c90d9f59b9e5b8358fc1ce4c9856c675849cde0fad81695c39f
base/assets/bin/Data/6f14284538de9f04db67b55f60fa18e8	748	39a17f21e7ed9747033d83b9321bad168b58627cc413e068d5baec77a93dcbfb
base/assets/bin/Data/6f1cf11a37710a740985aa660255aa92	6504	9241389390b75153b6a6447c0175567e7ce4bf0d7e668d13f6297eda8a13615c
base/assets/bin/Data/6f22a913d9ebc434787f3416bd5bc043	19456	4818dc3c4e60cc65bdaecb07cc8fb4d8813ebb1f7d7f107403df6092e76ff8cb
base/assets/bin/Data/6f351b8c19b46cc4385193272dff4a59	19580	5104298d7497b0eb9f649d521f90e919a0a9d6bfe49a7a6af572c6f57fad803c
base/assets/bin/Data/6f3bad41fa41a2c49904ad7856f674ff	3136	6a33ac87e092bcefcfdf38a0a203cab40c5464705a52b15b181c8db437cb47e4
base/assets/bin/Data/6f48f64f118bd47bea9bbb131c5fbe62	53404	12b125da0f87ec3177bb971ecffcd645a9cdc98a6281784b614a88f9ce32e696
base/assets/bin/Data/6f49e82b0e828934f94b53c66d424c2f	69520	a2b1b5683c696b4e5ebcca166d10b87760af8fb5b3e84109168d0aac723d2478
base/assets/bin/Data/6f4dd08094bc1b740b772fd6ed45dbba	4948	e683edf105749e11ec458e200279db8d5905614a3c0cf1690b2fdf7130715408
base/assets/bin/Data/6f4f379a7635dca438a253da074cb498	2320	518e769353142fa36d7378d585915c9cec1c8f84dca6a26bbc4b8980529fb845
base/assets/bin/Data/6f518d92e87851843bd43c90d167dd61	9104	f49bf689a80272a0191be31d1808cb736068237282a12b336f364d09d877c59e
base/assets/bin/Data/6f62319528b0b45c0a9655d3e9fc483f	83780	0ed5975f631afdb1d00909288929e4a986a248cb524cf7fc7fd1e3e90cf24cf9
base/assets/bin/Data/6f6c6885a65664a47927d5591004978d	3732	ece00c2afc400f0fb4bcc42df1fcf5c1a328b11d7c754dabe49fcac06bb93ecc
base/assets/bin/Data/6f825d0436d089e4c942d4c9ba84cd42	57264	22a0a081e7fcc2c953c7b1464d8b147dc466a1514ce85927aadd3e5a39d089e4
base/assets/bin/Data/6f9a256bc5202bf4a90af675aedfb5c7	21292	b212b96d03538bbbf56f8c12731f9c19ac9774d114bfaaa650b6a65ae02325a3
base/assets/bin/Data/6fbf40ab85afdad4197d15d4a0cf13c2	4748	201555c1db19d8ab74901d47d298e89b874290d2bcb3028bbb3004cbf4b395ae
base/assets/bin/Data/6fbfd21a1cc2d824ebafc837d2231ca7	1504	d7d670ee65f40b23bcfdf380f5f22c3fc41c345dc0d544fc0a64f10be9ad9ea0
base/assets/bin/Data/6fc018780436e8a4692525be297058b3	327324	baaaf60408aefd9081e5c0b9eb3abddf5ccc4f684c973c1835c0c7ec043ddbd8
base/assets/bin/Data/6fc214017fe17445c957d1136826db99	2236	23ad0b6daedb8f817697cb71efb8a152e14b55e774f26c016d24591ccaa00b1c
base/assets/bin/Data/6fcab71d4c13baa4ea197ef262001115	177580	f99bf8361dc6493de178666e94ac34fd039732481546084a0ad046d2ed2eb391
base/assets/bin/Data/6ffca9cc7cc619046808f7cf1fa69ec3	63112	d09ee5acbe7947cc2cf388f5b3e46b73558a48b5640c9a9d7e29c6d19364506e
base/assets/bin/Data/7007108dddfe89f49bf871ce0540b801	5424	5ee4b1bcd8ef534304dba74ee8e78b24d5f3c2a5f191f0c0472a2f02b8582aa3
base/assets/bin/Data/7011ad918b46aab47a5828eeb1bdde0d	10640	500894574d66e99d178a41f863e54b485f932762bca1b2354aa2e565e5f8e389
base/assets/bin/Data/70201b22e807e664bb01dd9a95e8fdc6	14160	1c4794285d6471ed59f126832574cbc2451a05854723aded63023fc2b2ce62cc
base/assets/bin/Data/70353d559b37cef458fe697a9d1de5f5	8296	a933425d0da71106982d55b1c00ef3c6a3093d39e637dbfb26722f84f03d287d
base/assets/bin/Data/703918d44050c9042a61f51165e335b4	1760	7060de8499411bba46d52d3b0d432d5cf1c03f21c5d6a0db3cbb7ec531cde3ee
base/assets/bin/Data/704bf7ccdb44c744e945e84d1d8fbb9a	238112	ee5566db64547eeb170d28fb74082bdc0a4c9c142378855207f5b2bc45d56b1a
base/assets/bin/Data/70505b2fbe24bf048a2991a2f85b7a35	636	5f314ce6ed02136ce72ec33c6b27bafaa1b1d8900960f21c65fb67aaeff72893
base/assets/bin/Data/7050d4424a7344f4985b5b0fd66550a3	4736	3be6dfe77be22619e2484336ea023a076ca0e6fef71618182a1771f51a68754b
base/assets/bin/Data/7070480d6fb37384a9268af5fd19d490	4692	fa25d38113ed144e37f8cfc029a43d7020ee979bf039fd37a97030dd9f030775
base/assets/bin/Data/708b856d6b4c4ca4bb7e8d00d5c7b353	33032	c0516cad142c6f8a43287e0e585e2f74da715cb4d39a55cdafab00893f9e2168
base/assets/bin/Data/7096001ffbaed204eb8d83d507b62a39	2097444	e8d0fcdd94cb20456cc49c41726c018be46092d84cd2985719fa4b1024735472
base/assets/bin/Data/70982226a73230c45b6532194fa18a58	1728	058f0e2db56d5afc8faa4f69ca3be24e46a0afea57a0d077604d1009ca515c43
base/assets/bin/Data/70b543c1eb217f847ae5d7fedec2c9ec	27052	b0c95cbd71b07e6a7ecc50339c872d18627346087e2e97c35edd117c5a220dee
base/assets/bin/Data/70bc66f5bdc4ec942b30a27a6044fdc3	63656	060bdc1ba6c03177ebce76ba27fb5fa2d573238abf0fc20948c3c8cfee92d191
base/assets/bin/Data/70c22c0bd63c7f24b8d8d36307583fe2	1352	34baccc7ac5f65bacdf0635f740a3581274ef8fe9524a522bf29c57ee6f98775
base/assets/bin/Data/70c2afa23d2e0754893b0fcbfece9d49	524576	5da25063e7410c561fc089dde01cf5efc61a20f6a9f850f4ce980dcea3624d22
base/assets/bin/Data/70c587b16f86f344eb2a4819e267951c	3292	c215df7adcf88dea7905df9f3aa76273c636592bbcb3fd3ca1404695c69bd49e
base/assets/bin/Data/70c72f8c48b25134d9bcd915d9ef09c6	27544	2a48ac21ed978e071c586c86451019e37cc077391fadac5c1a48ba6d702c313b
base/assets/bin/Data/70d5f6227d8efc947b5c900f98539aeb	135804	2fa6c2db0bae33cf63eafe6881db39fda2966498e021457c7482daecdbb05f26
base/assets/bin/Data/70daaa702ab653249b63aaaf775f2ec8	45580	bc9375295a341607c7d82e8fba79882dc9d1e555c0c9ef4aa05b2ae0b5495d4b
base/assets/bin/Data/70ed44820e47f0244ad8ddbd973344b7	8272	be29c572927622c2b4668bc5ef597d17f7ddd33e6d230dee39a57893c3f4df59
base/assets/bin/Data/70fb7e86bc4735d498d9716191345e2d	12716	8df665413f9e199f897b8b451e67c2c7945dfefda8d85a1f38d024a78468a163
base/assets/bin/Data/70ffc29a5434097469ffbf15eadc0e6e	5872	ea6e7800252febbfe015f002b8067e6086031137aa150758bcbdbaf6a61c319d
base/assets/bin/Data/71011f85f4d846d46ba1b020f16d3835	24756	2bc126746751f0bd7b776f907cfdbfeeb0e133ff70026d4307efb095dfa39689
base/assets/bin/Data/711971c012d806b4daa3c3403f1291ca	35616	8a851872f07a42d6703400e9e3ddd3f0146de665294ac0ddd5a093e9a2d52f2e
base/assets/bin/Data/712662939f21e0f4285e2e836966e106	692	f9d9718a6d7204ba9b51afb34ce7c46510e74c9503a7bbee148a3b7681bf4eb1
base/assets/bin/Data/7199b2d0c60bb457cb60f63750d2ff23	1156	1169ab46bcd0de7c211b6b1f569620ade72c48bc0fbc9263a81d6fa8457c0f29
base/assets/bin/Data/71a3b6fb232fcfc489e244121f539b1c	4300	44e07f6519ec18d3b2e106c32a27db5cd1311ea105f5552060415c37fbb9df79
base/assets/bin/Data/71b24a3e54c83a549898095f8b8f19f8	82668	48f171368bcbd9694fd71e0e95360ea58aec603e139cc78a644bd2c2d8f5b45c
base/assets/bin/Data/71b6f63680acbd94a97b9ce3e0d24215	456168	a0d6d66b3db26f46b21aec0cb5d7e22e1d8d3841b3765d3da389a0e457cbca09
base/assets/bin/Data/71bc82c47c7508748ae76b8536b2c683	9704	04d5a7c05ec12c2c3cac9ed686468f919fc14f043f9ca62de547578814d147a4
base/assets/bin/Data/71c3495c594ecfd4fa99846d13a86793	12200	f3ad450ea9f56ad7697ba0a04fa42190682738f6951b7c645778d5a177096b88
base/assets/bin/Data/71c45e737cf82483ba9bd63520bb5d18	81712	e1c5ef2cdf610c27600094b6f9305d30082292d08d625b976bb830864d345fa0
base/assets/bin/Data/71dce43436872fa448f17055564cabd0	36512	455f57c9b8521f1e285a2215ac7eed3871995c62e651f5e0e31cbb24a53db169
base/assets/bin/Data/71e5a5495ce6cdd48a52433d3047be55	50412	15db6358485e059e32fcdc75b83721f6a541b906050e7d2bbc7a43bb0c83a94c
base/assets/bin/Data/71f1acc3d3b32244cbdc83a4501ea822	15680	ce83d54f664c3f5be98498cc0321e285ecea1cac87fc80966cd793cd4c472089
base/assets/bin/Data/721355cdde8358e4b89633441ff9eaf7	56088	474b99ac027d971de1f2c07c77e2d0b472439cdc34d82f46c231398927762770
base/assets/bin/Data/7222aae526dc14b45b9578a8db569c63	17784	177db4b016e05cfd5f8fef01969433d4437e26244834855291f00c0ae37105db
base/assets/bin/Data/722c6f868308ebb4eb8a4cddf38953ec	106224	b930ff59bdbd29495d504f88ba0a10316cc0661bc85dc4254e24a2ae1afb611d
base/assets/bin/Data/72672d3630b53af47a6d85a09d93cf71	37940	3368a150fcc1edbf8307d2d3d87100cb1b4e257ceaa4a8c619d06357f4441756
base/assets/bin/Data/7280d0bbd925c6946936ec39df2ad2cd	14504	a94bad62c7d1101a232089e86e95890a179b4c09fb3cdc4e60d5fdf7f0024185
base/assets/bin/Data/7286f1b5e4747614f9814aaba95e9064	10852	7460a6eb0e9016e5ee34b3a1343f38087d2f219b3bba7cf202db9f08b75fbe36
base/assets/bin/Data/728cfe3ccd1ea724f8dc509b17efa269	2200	dcd774c65da75af931a541a87cfdcbd5f35be32c67ac475d5075af2251fd4cce
base/assets/bin/Data/729cca522cbe9c5468c8080130e751e7	9420	f7f6b6f34d8792f1594e15dd53a6323497bd745003557c138dab500e17185012
base/assets/bin/Data/72a2c0a71f9445d4c8f7ece5372e1933	4600	1ec88274c1c6e84a1f039d3e9896e17eb33325ba2d176ece9cfc80ec7ec85b74
base/assets/bin/Data/72b69628e88548b42955d78f7581dabb	1148	67f303132d84afc58b04b99cc2e334439456dac0b7fbefb3fafa858be56b96f6
base/assets/bin/Data/72c16dfbe03084a7bbad6e5c4fc838c9	3860	0d762259528f47074699e5cf18c5c9aecfb757dc0f879f8594b67cb8c8d5c175
base/assets/bin/Data/72c1b9d2e22d0514e9692be0e40da228	25288	35ec489695c5d9b97ceb9384bc3936b07a8156af1dc88ab06c825a958fc4cd79
base/assets/bin/Data/72ed2bdb4be61734a8cb9452366b3c0c	11192	ab4722fb0effe4a6f81cf3e3c49b0fa183f71318243422011fdb522675b010ce
base/assets/bin/Data/72ef4a31a9bacd54baf989a1bf13c40c	559248	0e5464598911a60584b1c35578a558c434bac2ac95d2c8d5f3a016320d307a71
base/assets/bin/Data/72f1af9c4ce13f543866c3165248aaa0	24048	4e1948baa69463b38419b766af05a35243af5370bcef7e0e87b48f07b8cd16b9
base/assets/bin/Data/7309eacb5671b3b4c998c6b08bdb2b44	16564	a8b6107885f3d1208c878f03bbf24e1dd543c71e11ce51fcebb3ad76f614785c
base/assets/bin/Data/733867d048add944db3c81a0cbdb43e4	57868	7628974a64b31ebca12a17a6d217e62017bc8a47a4b7cf871ba458754b2fa341
base/assets/bin/Data/736bc77110196df43a6e8b5ad17e093b	26920	c0d24dcb33b4986116b536f2e04ad634ed749d5e4427565f4d1d75b2c3fd8330
base/assets/bin/Data/73780dcf8741a974593e03e7435ea009	5024	df5c3202918d87fae6e08b464640f1907f625514f05b1e6a16b9c52c58dad361
base/assets/bin/Data/737b71ab23c9bb64abe936cbee4ab861	4876	fda7e965257e92adf47ae425990563e6fc10148b3b4108d168bec59ad9afaaef
base/assets/bin/Data/738b03f9d18909e4ca658bffa36d8ec3	6344	15365e7bbd1fe580e294abb3e28d6bd779a154c899a52c182c3686b48879c796
base/assets/bin/Data/7392751d6a3ba2447b0f2814eedcd744	2512	35fc1cde7fcadb8fbe6855f1caddc8d8cacbc5b1f5a3dfca864ed29c5b54a062
base/assets/bin/Data/739cef43283622f419f61e12ac2657f3	16604	aefa31b7f5b82b195980c29b39547081428e719314ad78d6c8587d6371146729
base/assets/bin/Data/73a1a85faf53c334d9b917be9fffb5f5	7008	75f96ed0cae570c6d4cd30eb7f7a4564de7018b6f39acc71dc767999855381dd
base/assets/bin/Data/73bda4357be2be443981c346a6334266	22452	e0aab4aa10e754451f4f4a9baa2b160fe350032a3d9f6f06e4849a5ae8ca9f09
base/assets/bin/Data/73e9134eb87e14a4c8b4ec755771a177	2508	9cdd1e1d54dde839a48a5cc91c39ccf164fc720fe727f60dd0c529bd63b388b3
base/assets/bin/Data/74235f1d29a1c1a4496d997893663776	19916	5ebeed925d5498f809dd3d5ea89e9898c56cf64c8375fd01dc426548377c908e
base/assets/bin/Data/742dc3ba6f87782458ca0deafb025adb	740	12c26d750463d1fada6cdcaebe6f0824d52179641e84b36612099047cf8ff6b0
base/assets/bin/Data/7436750b02e3579459b6acbab6892101	22596	2c0e224fe5c7761d113c3a10f2ae577d6fb5786b3ad441d6c23d1a23f65037cb
base/assets/bin/Data/745f1bce9d9c04d2b855365ef1b911cf	14932	c41dfa9b28e49fe13982b686cfefdbf6c2cbbea003cf11b9c33fca86676dd868
base/assets/bin/Data/746392b8729836846bd034b9ca86065b	43760	b37e352e4ce01dec12ab53b95a2aed53c60738be868883178ae67b25685bdca8
base/assets/bin/Data/7476c2d9f77270b49bfe4ff54d354570	10488	4a925701c1b5cafa2a5a13acf3fecb85a62b69030f5da7e9f49c206c9bff7d39
base/assets/bin/Data/747b631a2ffddf6429d43d75a00ccece	10280	c101663b6d62f07728cc04d9b74089e7bc0674f79c068c3ce5245b2884517129
base/assets/bin/Data/74892d3cc207840458a55d9268f78bd1	1003648	a302b6a2d7e960ab0dad9a1556de29f0e2a7427619f77c799d0c49c53376bce5
base/assets/bin/Data/748ba5dae123481439f84d99b45c05c2	120476	f858591cfc3dc33a5c19108b11be10f594015e29860f726b99a94f3312756ea9
base/assets/bin/Data/74a192aa64a458240b9e9a2adea8413e	7088	4083bcaa2c267230b5c03d153b7ab8fb1b85893a9d6105990f0131733fd12506
base/assets/bin/Data/74a5091d8707f334b9a5c31ef71a64ba	81898	8649c9acdc3cd54c57b4e3c72f2793fd689828bc729ff253befc2b5943e9e31c
base/assets/bin/Data/74ab0be52d097ce439932af8c60a6d43	6516	0f0a9f79606465b7dc064b37c3b6de01ba4055cf38d991628038a7cc7b27d0da
base/assets/bin/Data/74b5bc7a019e8634ea7a3f6ae6980ee6	28416	e8c830e798e7d8ad26ec41cefdc1096e64c24e4447c75f96c2cc530e0943c7b2
base/assets/bin/Data/74b63e220d9e6ae44866a3409df83e15	1784	3a0ccd4debed80fccded3226ee7db6ab25fe703f145c01c7e5729e2042339b05
base/assets/bin/Data/74bb6a28bce34014d8d2a35e6b950f2e	1336	2b18623e1d5f7b5d9ca0e0b1fb220158f6fc36cd56a601c2da58e57c86841393
base/assets/bin/Data/74c68a8d3de3fa247a406b236589d3d9	2232	cec8dcd940fa51d3b91af67bd7bc7708f7f98dbb256ba6c1daf7f365c3d22eee
base/assets/bin/Data/74e283087e5edbb409e0f17eae072696	704	9b778e7bb6e2f159e29945b0588c3873c9875792b671dbd95fcdc30e5aa5acd3
base/assets/bin/Data/7513d608c5c458d4e970fe8f4360c408	42956	5c1a529368ead1e342e2ce134632445a5db96d8f0602eb3fb2637238304628a5
base/assets/bin/Data/7519362fb89eb4a0e91268c3ae6e07dd	34492	4306d3f51bff7d36b059bd2b57c8d8243c7fb6f55d126768d909f7a25f258a4a
base/assets/bin/Data/7531ec96d5951c646a1f5c6b7e1df463	9280	61409219e9f242b09e4f895763bb317ba4453effa9992077c192be029c0dc3dc
base/assets/bin/Data/75391f9b322c8485e81e2993a23a41cb	62808	d45d075461f83d8009b9c6195ac4f240a2c9f8228357258b3cae223b0a6f63cf
base/assets/bin/Data/753a592ce150d1841a354623515012bd	10364	06f78fa4b3fe33ae4869b602f4ada560147d2d9e2aef8568c60830ce25a34aac
base/assets/bin/Data/7545f659997ae554dae97f0d0f75366a	40176	4f6eb5ac68e6851c4860e637b503e3d39df2df0b5ec1cbaa4306f6e9e9f04331
base/assets/bin/Data/755c9d61845f340ec8ff54d4f26d66b3	3280	51b723eb71ae9eea30197b1de5449169ea537d77b4c488336f7b50ac46fb7c9f
base/assets/bin/Data/757876ae4880a4e70abfed7205262572	64108	6b222fd9cbc3e9cc3929fafd435fe1a15a99b2922f89721671c747687bfd16ac
base/assets/bin/Data/758dd14ea2c5f0143b9ff65608879ce9	35932	22bfca0304e98182fbb01865e117ca94fdd5e5425d3b2d10e3a85f5ceb8d690f
base/assets/bin/Data/758e2c8d90fc3d44bb0b212db4d820b6	9140	bd4b5b45cf598b36eb8afea84585906a68aeb7547513f4cd1443deef055dd4fb
base/assets/bin/Data/759394636f9ef4c4ab1414b1a4bb8b1d	50160	9f80325bc9b7f80533b94203a30753d8ee287574d8cb1d87288a2e9d4d137bc9
base/assets/bin/Data/75b045f161c7a9e48a5ccd5262dac4a8	11348	df99ad7e561e5a077c015050aaefe2aa9b1124f8be2d961c639fcf1cd974e2d9
base/assets/bin/Data/75ce924b56dad7c458dfcbc525954f10	1059776	3acf246606f868fab77c0fbfb573d1c7ba5c8893d546213a17c4e0c2601c2c5c
base/assets/bin/Data/75d44687bc93cfc4598171e5cdabe9c5	7028	6b6e269fe7a8c6e501f8471d9daf058484b61a02a8837ee1dfd807899fcc9d04
base/assets/bin/Data/75db46b7fe2f8432abdc68ae51b6ee80	5268	06e5d0823414e27f26372af55d33c6c9c1176381ef05a96d5a705064298a4f13
base/assets/bin/Data/75dce562397d8384dbe77d33d0a8005f	6272	f99b0eaa95732b0575158891419eab68122ec7bc3848e62eed5462769109dd47
base/assets/bin/Data/75e433618a35a42cc9dcecb8cd2c7cd4	1596	d7e778f9c2be958ca36f09bb975a7f9dad39736999dba19fd8913505395d9b7e
base/assets/bin/Data/75ef41a17b847405ba50af74a59ea7f0	58672	c12f6f34389264408f7b91ecb0aa11133e80de48bd8dcc5dd717944b9feeaeff
base/assets/bin/Data/75faf2af0688f204e969b3af11c111d5	88640	5aeffc1b1121f064b60875d73c008751a7297a02b93312b8794de5905360e87e
base/assets/bin/Data/76002898714ddf1439ff496a131a1eaa	5136	60666ec4f9691e7bbcc3850eeb6b2ac4c4617348d205a0a42abe4b54e982e77e
base/assets/bin/Data/765bcebd92d83744ea480581a889164e	1328	c7e1bfdaa24ab3086578561cd5284f1fa8a64aa6b4ca1ff788877e6fc38d8ec8
base/assets/bin/Data/76668e4558c080549a48f5a95e4814b3	2392	7e553d5d317ab886be2e6f9774f7dbc9c8021f636627c6acf7d9aeebb44d6175
base/assets/bin/Data/766804bdc3b7e89458f67e1ad4bcc633	3056	41be16f71e45956f9cc6dd0b6455c67c063f1aaa60148927578af2d01d06753f
base/assets/bin/Data/7670b829811bb4eda9c46d63a4438279	70884	1ca290abfddf77d67029157183480f784b9706ae4d89f757fefb3a77beda5620
base/assets/bin/Data/76968f834a146d34c80297e208beb241	4516	846cdd586d0053c4897d9f7c1c40dffe8735dffe4b55f5b75a69e5600fa6dd8d
base/assets/bin/Data/769a22478fbde6f4aab130d093019e08	10184	58af740b9130b0990ef454bf6d47b5d65f97c5289e1e40500de31ba69dd844e0
base/assets/bin/Data/76b0d6ebb58e4f94ba6ee745bf55fbae	54028	bfa66fc7809203a1f31b6ac94d11dc4690c8d411e70474f3e387ea984877d0eb
base/assets/bin/Data/76ccc1906eee85b45b7a0e928f309e60	4956	8c844dcd082c5a5ef1128159cfababdbb6e5f3a38f1ee74018e2636008affeee
base/assets/bin/Data/76d46e2382793a24b900e8c7e67d32f1	1776	2c09b072f340abff9989ccf0b54db9672ee871bd9fa5ee81a7aad7eb7870f287
base/assets/bin/Data/76d55410103c89748b6eef1e126092a2	8844	660710f1a8870b02e3540aa63484f496e028a981abdec9726d1851d4391cf149
base/assets/bin/Data/76d5aa99b1178ee4694de60de639b502	40300	f7c9777280a3724f72abb738432341a3bb27e468e9aadc0c8968a7b05200de54
base/assets/bin/Data/7715f8453b1eded4cba0ed095e956004	4832	1989d9dd1e691640561d30407e75aa41590abbc739126fd2a47c09fafa16da1e
base/assets/bin/Data/7718a14b461259948912af18b6dd7d5f	14932	d3ea0d20264bb21014a1a80fc9676cc929d72031b71ad99695507763ea0cb744
base/assets/bin/Data/7719ea2c5108c2240aff4b75949eee0b	712	6f89e4db82a9dc6ceb721aa73f9a60f1fc3202fe6c0084f9b91e2b6e84c7ed20
base/assets/bin/Data/772e19d40d5d67346a33b36d388dfa97	3240	aea792da07a9859d2f8918aaab05434160db06b10aa71915808fec687fdefe78
base/assets/bin/Data/773462dcceed65849b02a5ea8f88de66	2760	e78996a9bccb367b64aee416da119ed8ba6b03b6306f2e9ea8037f202b443477
base/assets/bin/Data/7739523fd3e1c0745a1bad237719635d	984	1c0fa731e35cf773c813ac8943f51bad64298c7e4be657c19b56083ccff07edd
base/assets/bin/Data/773a6f12678f8cc4cad42333845bbaab	3076	e52cb177742bb2b80904b4a0423802163a20ef2b142225ab113c0497e2b25667
base/assets/bin/Data/77573a69b8cec0d4190d116e26b45bb0	5520	2b30f9306f72537e06ab09a2215593cab0aca4e473a732734eda0b030b6c341e
base/assets/bin/Data/77699ee9930092a4b8d764fea9971a10	219152	0d85d2ab45237b66cf8090a77f6e83f27769ccb547cd1df624b1c9c2a6c119b4
base/assets/bin/Data/7772721e7cecaae42a7f97e2f6152347	13928	d22d12c3e67c622e4230ac1f303dc831beda44aad105a844c0b047205a67006f
base/assets/bin/Data/778863f74c80f8a44901c183936e79dd	4132	f33cdba72c4bb837ed5e389116086a903aa76031f3b0711672f06d8100071383
base/assets/bin/Data/778b2bfcd74564d6e802801c66c0f1ac	159140	28a094044a50d81c24380166661542b5391eb94bba5592c1b2fbb3a4d6709c6c
base/assets/bin/Data/77940ede92e6a6d44a89ce593474b876	2316	e69eaee8090865da9daf41d6b11231ea7709caebf79a54f0205fd9cc1cb2be07
base/assets/bin/Data/779741f9ffd1951419f909b1f4ad20bb	42576	7a25c2c72938de2dd309d924aad54f59ac715e6e79114c8eb50031ced99ef78b
base/assets/bin/Data/77b046c903703134883a0fec67f04306	43400	fd1ce3545c7b3b63a1d3e4d643fbcdbcb3cb10919a681dadfc3826b9fa6af057
base/assets/bin/Data/77beba9aafde24d48bff63c866f9f97e	18764	9a8127cf5f57d58674bd9c914a248d77801bee1540a1ffcb7f884ea0e0fccaad
base/assets/bin/Data/77c185820dd1a464eac89cae3abccddf	9448	1415aacf536d9e71bd1d3454274f0f27054664e93f510683ab2a942446604ad2
base/assets/bin/Data/77cb4cc1191349a4da8250059dcd5fad	772	3c5462c04b6db348829d0460c9b1b593b771b523937730019f6eab81ec56023f
base/assets/bin/Data/77de01685f7b4ee4da2fc4e4286fa400	61632	167a50517dde451c8d1cbce99a7918155e2de9d00404ff0b5ab4b260ad63c62a
base/assets/bin/Data/77fd53b311503384dbddd03ff685c37d	5732	e19a2df9b1cca916d32e9d3a0e44f8afbaabfc55db66d9316064e2446ac571fd
base/assets/bin/Data/780e444c3619d1b4b939a0158989fedf	83728	6aee1f991e7270bdff73bda1bab005bc3119059b2924f5f72982e03e72e9760c
base/assets/bin/Data/7814a003170e245a98db4fabf8309425	43144	bc84fa8235084576b758864cc37b85e95b5bbc6d854ed1e0f06dc5989c2b5172
base/assets/bin/Data/781570336e728ad468a9068cdab50ac3	11744	3e617698f80990d00cee231947b0e2b07fc5e210c4ebfdeca8d81d0b98238711
base/assets/bin/Data/78237566ffacfbb44bd56ca692d0cf04	1116	b1c2108e9ec6219f69edf83269860e948ce1e3be91614a299ed31a589c5b921c
base/assets/bin/Data/78617d14abfb0c949a2bb290ff18d8b1	3708	ff58fda64aa8801878f8fccda6f56e32b9a61ed452e2ec3ae198e761d965e02a
base/assets/bin/Data/78664de8a4d5f9249a3853b2ae891dc4	92232	c9dbd965b153f66f841eefce2b7de661d5fce80f4a02e8483ffa8693fd0bcd89
base/assets/bin/Data/787d92da2d824ca4b99a47665279a7cf	210944	4bf3d92955160bb01afbdaf88c54e9e96ce6ece6a35fdef7eee0ec85ca7d3866
base/assets/bin/Data/7896112b826c1ec4dbcd8dfc71d8961d	6068	41629b88dec5a14db14987ef43ccbd46885b91d445fd4ec257f5e065d18fea1f
base/assets/bin/Data/789f129e9cca3ee44898ad72a96e2b68	2700	046a393060755d67da84cec06de8ce0574ada518a0d9cdf98003c902a3ec8aeb
base/assets/bin/Data/789fbbe7cf7051f40b233c1b72d47816	9416	f4ebfce6fb9dc014180a93e2eb97522c9cbc717f21278578541326717fce3df5
base/assets/bin/Data/78a03ff48074b9f4d804b81deda853af	87424	69c587a0c00663d0b71cef49585eab999dfe1003ea2de8bd49b2f9bfa2bb3425
base/assets/bin/Data/78aa8ced5afa1be4484089d1e581d909	6436	e037d2308bd225138f769c5779a8bfd546f9a80edcfc677c4138d019065450b6
base/assets/bin/Data/78b57d5697fcbba4a8b304bee56e0f76	571620	c858752997dc0c8c664f5686e258789dd05316122a3a40ea052a28e83999541a
base/assets/bin/Data/78b9aa19d374284438fbb82399735675	14576	c378ef0f7afd774feb0487c49be2474d6e2940313a287650abeacda17cd18429
base/assets/bin/Data/78cbdcba87898464c9a1fa6d7b8bb957	16296	991834630092a379cfad9b4062f102f38a5a19f5ffd8f3a72d7ab869ff202225
base/assets/bin/Data/78da3f17fab996842813c5a746f89e2f	3464	8cd21743cfdefec52371a76b04a1510e5d95600fb8d8bf44682349d4edb32f2f
base/assets/bin/Data/78ed8811a58f1d644abdde6eb1342839	336056	4e8405efc3459a97555fe0774918c13794619a517605a153d3dedc5b0607c729
base/assets/bin/Data/78fd6cea20ddbf2408d008b50f31eb56	203360	19a32d27b3346e884a2a85ab1c2e81f760677144abd426f07e840e87adceb132
base/assets/bin/Data/7903338f9fe8b784a96d49930ae1d8ff	13196	d3462f01878d96f8ec9564a534142aa55bdf20dd7928c567f93a156df16d1d04
base/assets/bin/Data/792e0efe748b01e42b3ac5a771e112b1	29432	117e6c786c876463ce9b5c8c11a35277320ac39635366e936cdf78063c132cb6
base/assets/bin/Data/795cbba70651440949553a6fc8ca7b76	1784	12ae20e9027533cc7c9fa296bff57b2200e1be72a599bb692a35db8e8fa6d53c
base/assets/bin/Data/79911db4a1082a549873a64f2a8506ad	32756	8a59ef139582be09b20f18f34e551328eb70adcb03872ac17e240ba78973c6f7
base/assets/bin/Data/7997634afe389c941a2afaae3f1435a0	13512	6c50199d616fd39f30f93908403fa9b3d6faf64c58d6a9d93b684df3f3a81536
base/assets/bin/Data/799d5142414b29e4ca0349d57485e4a7	2760	afbf91894662ab10c2430146a675b7701318d89c1696361bacd91e16f5efad34
base/assets/bin/Data/79a123356ee511a43a8b0c2a1c242311	3824914	164fba4e1bd9c0a6831a7c385f3049f69cab46fada9e6010b07edde86065c718
base/assets/bin/Data/79bbc38ee28c50448a167a902d70ca1c	36704	1764af6663acdc257f5cd08e93432767bacb74cd46cd3a03027f99274acd31b0
base/assets/bin/Data/79bd3ce65fb88b54cafe5c2f1d50b3c0	32880	89afba549ec1967d1c96df43ceb52beb212ae3ed44a3eb1300dfebd737fca304
base/assets/bin/Data/79c05faa9d86baa469d321bab178c0c9	17212	acd25bc4260279c4df4d2d3f0d2a54ef4799c9b1fa393a40478e13b5343261b4
base/assets/bin/Data/79dc1d3118413ea44af6bf82cdef8e13	6444	284ef0b28f856c872264f080e12b2ab04c6bae0cad991d98d7f602a2e6173ed9
base/assets/bin/Data/7a0568d5e3330b84687e307992be3030	1292	487d9f45f1a1fd3791f812026df019027fccdc3532a204a0a51fc8260c3ecc61
base/assets/bin/Data/7a1009f9e0234864a872ce9ee49f8a1e	40780	90a8ebcbc30199a1f72c35679b945971cc1d9fee1fc559a9ffe4f0af4690f3b2
base/assets/bin/Data/7a265bef2c8089d449b1e2752f7f3b13	7328	66547aebb28b95688afbab0be55e15cad3ae37e21774a553d6a057f8b3250fee
base/assets/bin/Data/7a3e2c0de47d12a469ec6bc6edea1ef3	5460	f795edf7a5d92069f89845cfe712adee23ca81cc3327e60bf14d5614b39af4cf
base/assets/bin/Data/7a715971702639e4fab8208c206ce444	1176	d0acf0f942ec1c63cc01f25d0683758511711aac0462776f91aa4e34db2cf967
base/assets/bin/Data/7a90a5994c746894d82e76d4c02f7be3	3000	a14339d2eab91c81fc9ab70dea01b3a87a280ff60e28ee614d57d007bb99f901
base/assets/bin/Data/7a91071706e80b246a4f91622a8fc725	168648	4cff3ec13b5de7f1f6880909e953790142463e18d00e81f59efdc34c8654c2a4
base/assets/bin/Data/7a92847b8e3cddb4693b8fff22c0b026	472	c8461bf3814e757b467f44ab4ae991cae044ba712ee6d213cbdf5955211e87d0
base/assets/bin/Data/7aa17feb78a669c478939fa015d73037	1476	30c71632f9a79f4610c85cddf81b3ef1b099172f8c6d0bed1c2296f4c980f3f4
base/assets/bin/Data/7ab0d437f62496d419248e93bf7f5dff	1521664	cdb4178b0be0d6bf66552bf13bfdd83f015dde3b8bae8fba6f13861230e7c53a
base/assets/bin/Data/7ae1497200cb5254f9ffbeb1fd155068	828	05920549c7ed3e524b14df3bb010c205796938fd060eb82518d0469db5935bfd
base/assets/bin/Data/7af6729064589be4fb2e7acfd1bd0b81	11348	94c742aa72feb1b7826ac2c6944cc83aa0e07b1e62039b5ccbca5c99d1479fe2
base/assets/bin/Data/7afb67d8eafe94343ae2de98dbbf68b8	10464	7c3d380962bfa2e6abf5c17fe1fa4a332f3e3cb3fda8e057cc1565816a431daa
base/assets/bin/Data/7b0563c69ae216f4b85903ddf382746c	71892	4945ace603c69480933b3de438dbb214dce5400e948c1fff36d0edec2492336c
base/assets/bin/Data/7b0ddc1f5ab3ea24c8d0f24a6af185bc	49512	a385f486c01de235034a6e072ba25dac0fe4ae72de7b4921b1eb3fb154a8be26
base/assets/bin/Data/7b1e2e58017e0874ca3e8cf0a76fda63	5232	5b7bfb23efc7fa06923ed8e2e7b9a820a84e77cd5e6d84153766fbc9862480d0
base/assets/bin/Data/7b273328e508f2e4a8ab5808a07d8ba7	11472	70397ede9d197a9cb4fcb0dfb217db5c0ac432800534f2eba2de55f2de70f23c
base/assets/bin/Data/7b4ffdee9654f5744961f915e4d0a7d9	57460	83fcce19a315f3f3c1810527f7a7b74464efcf92e57f0bcd5f1daa45f03b3150
base/assets/bin/Data/7b52cb586d1b1344cb716adf6bd6cff4	415896	0d3d68dbba77d88839308cf479e4c6db25495b520c05959850028cdd0fc9de2c
base/assets/bin/Data/7b7dc3624ff62e745b48179b953c4b4f	11848	8620deaba167571934df9e55300238b77de62c1e9d8981a9c18b1cc003950441
base/assets/bin/Data/7b904548fe72338408cf871054ec431a	6236	75d3ddf87eb2d1b12f1dab21536c75354bc7138efc61071e8807ecabe3fc1710
base/assets/bin/Data/7b9cdcdc3dd1c14409bb65ebda3c31c4	499712	ce1449e21e54d67f1ef8781c64c5687bc690970636d791d492f3280ba8c1111a
base/assets/bin/Data/7bbf52eb35850db468a45ec9a5d3ba9a	1732	f51fb3e2d8c0ed45380794af0f170ed79ad5ab98db73b11b9147ffc00f258aaa
base/assets/bin/Data/7bd5fade7ac02654c886bed0b6eaf6d3	1116	106136575b8c59b16411c9704560c1d76e4a5de10c2780791e6e759a01b0414f
base/assets/bin/Data/7bd99ca22332f094b86d0f4f4ec3bf19	7468	c14805080e0c7d32b810eae8f2692ac24fbbae0b091f1bbd604af6d4715d97c5
base/assets/bin/Data/7bfed4c79e3642a4a88028d5f3e21c49	8176	2ff0fada94b74d03e8b05cba47edc81e1b7311a48d2fa6154a4e2d8581fad1b4
base/assets/bin/Data/7bff46daa4723bf4388ca09d580773f0	170352	838513902109edb87565c76eb81b14e5b800d8f0958182b92681269961271c60
base/assets/bin/Data/7c194ecb9bcf27d46a6e135befb009fa	3596	384490f3ae7dff2cb50b22aab1d4fea679db66f1fd8c00ebad394c9a8dbb3c15
base/assets/bin/Data/7c1a4f22f852d4c4682911720cd9dd46	2872	ec028b9c65e7811d5538660f1aa85f07607110a48fc45a42f4efaf6cc548b8d5
base/assets/bin/Data/7c1e25c3e53a3f14589d8f4a98466a33	70468	d82cbd5c9f529503a1fe1619809fa3d2ae9b42db4a217bc68ef1e80d4b181ea2
base/assets/bin/Data/7c215db43a10ab144ae0936588ec6daf	25248	3a5c7a276c27f160a202bfd07d7ef537e17561b8526e2f1dd889402b88313892
base/assets/bin/Data/7c27ab321b74c46c99c2c7a7b79cd1e5	11152	caaf4950956fd6915fdd92665745dd9fc9062adc3bc3c799aefe2af1acabc8dd
base/assets/bin/Data/7c3a24969d9a69e4eb2bc196d95061c7	7636	e7ba01651774ef21ab2624a2804fea5acd214e9ed4d01ce5679672281c200183
base/assets/bin/Data/7c51de53e9362c84cad4716902b24acd	7460	c3a8acac9416d0c22d9175bf61975903ad6f3ba0bf4d871837bde9ae3c125db5
base/assets/bin/Data/7c55bb87a6854124f98b62216eefaeaf	956	a51f2b52f613a19e542042dcafcd82c22b987c5764ca39de7d4bdd3461a5a966
base/assets/bin/Data/7c612c0c60cf2574f9e68a75b87a4f55	3404	301d5bb67634e3fc1b1342c2c01ca14557844ce16f91f5109e7858d020e5e8fc
base/assets/bin/Data/7c78b588b2e1f7c4a86ca4a985cf6e4a	77344	91974855c4c1d370a24e55cb37e7b33a54488322b9acfbbf324d81a20687eefa
base/assets/bin/Data/7c7dfd1033d5c864daa90f53cf00ac08	3788	9897c471e0436c2a387f8320b6b521d30856d9d226703d67a931ec876774ad88
base/assets/bin/Data/7c9501c988a69b142bac3c3ceb55441a	3516	54b5395d322a3553635d248683af7310d1b76cf00f3569564133d84519cb56b1
base/assets/bin/Data/7ca18d9a07f14ef42bef03a7dd4bdbd1	120016	130a615c597c2f6abe255939133460fa7d81e0d66d387fe2dae040f312ec1f75
base/assets/bin/Data/7ca23e18c5d956d4896c2d0779804d14	36020	36e1350bb6f6bcd41f04e37816bcec1d7a520f763bb1e0b84c80e79f8f30c47e
base/assets/bin/Data/7ca2e057a5004114e81edde59789804f	4744	d1483d9f8da317b5fc5333fe73099725ee567e571706853b8615f528c43e8871
base/assets/bin/Data/7cab52bb0605c9547a6cdd17021fb9ba	2372	5c469b3f329e637b0d39dfd731a78085bbd71ad4070ead4d93f24d44b8e14a81
base/assets/bin/Data/7cca474e68d744148b30575cefbc69e4	5696	166ebe89384214a7a7a74f0db838ca676b8730d9dfe7836cb68d23e5317c8c93
base/assets/bin/Data/7ccf205f52072bb4ba7f6f8e06f8ac3b	6200	89d879ea5c9f6f45deb9defac3d70321b3ecf9a39cafd9d01f0d94c9f8136932
base/assets/bin/Data/7cdac8c5b65e33a4387396e0f16c3400	25532	b5344b41ea0f24d46bf239a1faa51cf5db1e2bf8b0fd72666fa3fa407f043b77
base/assets/bin/Data/7d00ada1125965241ad55ab4f27ce7c0	10224	43bd0b42ee6fecc266de505e6626d916ec4772c2a06fa610f77b909c09c6f09f
base/assets/bin/Data/7d1a9cd80b3947c41919d4c87bf3e0f8	5792	fe53863ac7216ff03c35899414899614f6303e34a40e8e16a1c260af9d6e65c7
base/assets/bin/Data/7d3664ff2b39f497885b4d61ce06fd97	402352	fde26480e139aa93d7ad79ec66d8addb027e8436c038a74a54f8b28efe659e99
base/assets/bin/Data/7d4b04a9cd1537141b7ac91c8fbbd29e	77952	29c1cb40db14de94bc3a2aa14aaede256369302a8dc24f1f368516ac508b6620
base/assets/bin/Data/7d5021b42b2567e488c21ff6bee1eddf	2012	22873a87b24519e1a45f24bc8d12f945e886cec3387105e22ac15d108bd30f27
base/assets/bin/Data/7d6ce5efdbe203c4d95becaa826e406b	65568	9233b2f13a080705a0eb398788da94657e43e9aae654eba3cb730cd005c50909
base/assets/bin/Data/7d6d59440ab43874c9dcf9ca90d86791	11520	766d15e5d1eef2c01298417294d399bda8736fe2b8e7f8030a8d861299b699b3
base/assets/bin/Data/7d7e2dac40f0e794199515c09b227788	29612	4c96f2c6f0450e7e139a403c9bf0c8d335c26ef49e7eccbf1f3c67e8032dbfd7
base/assets/bin/Data/7d91c3b8708474d419f2d82236b8cb70	71860	b88014433ceb48c34bf13d3c2d02e9d45efc9f65261dad0f2aacfda0c6c9dacf
base/assets/bin/Data/7da8128546da7de4f94b78ef0a3fe4ff	24124	594f4b20bf20383e45cd13d14df54071fd5200d09be9dc423156fcb26bd2a70b
base/assets/bin/Data/7db09d5c622925944a335f56ace5a9dc	15144	50451a697335fc7d3ec6675c649871f3cbacd434a39e15bb135319d3d2d085f4
base/assets/bin/Data/7db368e5b996cb04298526301596dc54	6264	82de529a3f48102c98d1b6010cd9e890a16079cb8a34ca174cb88a7dc67d5ebf
base/assets/bin/Data/7dc9f7cfbeedca849bd41a65a45abbc1	20032	5a087e52a7f644ed83481aeef0cc03ba165174e1608a3c2c9f9bac9383ebd26a
base/assets/bin/Data/7e0a42fb865609449a721601ee993806	1096	cdb5804dfa87b80368c8919f2dc2f14faceeb7ece41049bcb1dca64bb5727987
base/assets/bin/Data/7e0c4d8bd9b8ba94681706e62ce2f1d3	2097424	2c8fc4b225ae75c55177cbb3795f0e1570e83169588d83b99f6557a1c69fcb15
base/assets/bin/Data/7e28812dc4a3858419dae7291669f300	748096	bf81480df60c9a92de6b0b01a877d6b38e635e5cb5114762a8aab95454fa47e1
base/assets/bin/Data/7e29b505e444e4cf197b5ea2d5a31b2f	1784	c48b7ac68874ae3cb38fbd365b8e9316f7a188e3c82fec707ade2d688ea176dd
base/assets/bin/Data/7e2bb6214b502a44db29c6c7fbebcf5e	3512	01074cdf086070dd347c60f973253a9bb1743b63b83370b46def88fd77ac7ac2
base/assets/bin/Data/7e2e07e7bc34304428968ee143af532b	4812	c4c06b0dd09031d1118b6f1de471bd1bf4fedb28796d6465bee261cbd800dd12
base/assets/bin/Data/7e3d17c73ef2b97408dd3e3c9b1eff2f	37488	120f0165953aea12cc1b161b0293fdd74fd613ff52a82f8d134dd8d39066fbab
base/assets/bin/Data/7e49ebc44156b1342a8e6433052a0a12	3428	1232e7d61a1332425eb766356e79559774242e1866dd19a6ffa6d049fe056c10
base/assets/bin/Data/7e4ae0ecc7ca74f4896fb8e4a0c96f4b	2300	249b355f182d55eed54762ee43e1e6ab54e78cd36cfa5265ad78127e0ecb2cd5
base/assets/bin/Data/7e4f984c0a9febd4f9045584942a8a3f	4204	3829a9faec65721940e5f28df4fce6069e75f115f9baae307e6a66946e35d83d
base/assets/bin/Data/7e50f9274c02c419aab5e266f712ba7e	4252	3c5c811422e44900f4988b24470c6b128925be4baa0fd3db42a13d222abb2ae4
base/assets/bin/Data/7e722789150c0884685fa431e09818db	9896	282a1b42f5f1cfbbd43138fd9e5946ee66665fb7123ae00540201494fcf5402f
base/assets/bin/Data/7e9e2a1cc606bdb4c929794a4efc6757	2788	d55854f3f9bd84dace2a1ac95a9c125917876e116649baf023c4f202804c2366
base/assets/bin/Data/7ed9c4b5e5e90094c8f7ddc77a991e7b	77108	929ee296c24a1a9fb2896607283c84c6108e601717799d5c3a245a461b2f579a
base/assets/bin/Data/7edf189632eb0324d884cff6b0bac322	52440	3e9b8f1d003e6c3134b486009877b7512c2ef2188e8a20aea7860c20a8281542
base/assets/bin/Data/7f137f04991e4486ab50612c4ab84660	39168	d11413daf140f11b1d5a7614a74a15922af60d8b3c4153b0021e61e134cae883
base/assets/bin/Data/7f1c076142e57d0408cc8dab30d99c89	6464	101729206891a7f56be338099667373d70e458f5e2f6cbbdb6b007ddce568193
base/assets/bin/Data/7f1e822f6f542a648a8166f7e5a10865	7644	05b83d1ccc85a17f937d010e5a478d460e9c122aba96ff83ffd908476f37f805
base/assets/bin/Data/7f4268384662a574d832b966df4feb4c	63916	2f8c98dca1481a5780f478dd87f872c1b3c752cd1ed2969776bff28eb8c3a8fa
base/assets/bin/Data/7f43057e8b4be2d45960031d67cd5847	59748	c7834f9af7e95c80c224a794d5724914add0870ee60883f8ab20570099a5e976
base/assets/bin/Data/7f5f214a9b1a6a94f99cb09a0c163449	9044	67f780352cb22ac63b49c8887654ef702db79488102c75244ccc0b477be18a97
base/assets/bin/Data/7f6935c8d1e0c524cb61d8139a0d8819	33360	a57daac33793d6d9609fcddcdc0862a9628ae5faa443b1847c553c94aa257555
base/assets/bin/Data/7f7c73f5e7aca9540ae94fcf07afd5c6	13640	4128106c6a15542fedd302fd42cd0de6ff63a040a39fea6fe1eddb273dcfa37c
base/assets/bin/Data/7f86a72e4005aea4a8c7e7699a17966e	1512	939767e4424ba58f865e837a65cf827288d34136e7ba5a681ec71292ae029818
base/assets/bin/Data/7f99a5d06cc557d43982c023c18b8aba	17688	35b745439decefb35ef325a24163dc3fa1f03d517c56a71b49971ae917dc01b2
base/assets/bin/Data/7f9e722ee518d88468e289c4ea6717a8	492284	b8dbbb643c936007dec56fd5629276508d61981f6dad55cb7c6c72764b7db365
base/assets/bin/Data/7fa2fdca63d4e34469680aeaac629ecc	1564	a72bdd1959e692e20a560cefbea4bb2e509be3fa7338a3c5359bf089ed975e05
base/assets/bin/Data/7fa92244233050f4aa69f16425e9ca2a	34328	d9e87bb9b3e034e2d5c12cbf06169da3212091931278476f23e4a0b7f3573c83
base/assets/bin/Data/7fb91c7ed4912dd45a2eaffce04c67c6	18168	7ea1a223856afaf763e84e70a1d4b709ed64c3202b65613dea68ebb936f57cc8
base/assets/bin/Data/7fc610f51e3c3c749950849a45913444	42124	23285f63977f4e8cc00b2048c573e77ea5190d409c429363145316d2fd68889e
base/assets/bin/Data/7fc94904a45869840815b4c6abd98861	8560	9804005328bf8ee86c3c6b4f3c6e8535250b3783257d6ce8bf6b7c8e40bd04c9
base/assets/bin/Data/7fcc6f7c94322c443bca2d057e8b5917	3396	b2dc44ee391ed1e7bcb2b0b60f7f163fbb61887c80eda9acbe2545337810fedc
base/assets/bin/Data/7fd1ff67bffb9764882ed1729878f899	4568	0f784edf1ca6c8f503df278058db2e083532eb64fe3ac11f794dcaef359d24c1
base/assets/bin/Data/7ff1039a2bdb02841aaaec48d2f8d6d3	6532	39cc8338c4978f074324dd7a99ce18d55391020c9f0e2cfb8d13387a2f979117
base/assets/bin/Data/800864b0eab291d4499043489aff378f	87120	22ee5adb5f6e0141b97c10bae326af92da175fe6436a1e70578ceab9aecf6408
base/assets/bin/Data/800e1f262bfd0e34baac80cc4296ba11	56532	a444ea8704c3619f940c1a2b66c707ef38d9bfc4e3eea513623b53b087936d01
base/assets/bin/Data/80230ae426f1fe247bab9e48ca55e2e9	3520	1141c27d70025ce8f92ddc6549fd9f4bf62383290039fe47d609943784fb94be
base/assets/bin/Data/803a769abadbe74479d68707c0c975d5	3984	a8a1810c454099683bd50c7f66b3568d9a885cc4b304136c7dd970678d55bef7
base/assets/bin/Data/804489e421079b84992b36c05790612e	5256	a285f557b91ff39fac20a736a01dc2534c0f39924490c2f341541908f1325fd0
base/assets/bin/Data/804806b48119eef42a64827b5e7b8d6e	33068	7f1131028310de40bc1b56377a0cfe96a50a59401092060a152f79e4843d4704
base/assets/bin/Data/80585b58000c09b4cabb24d6915dc7e2	36164	569a0b47611cdf6b826a4097adcdc7ffee1a8c77fe83f9b2642b79c142cbd621
base/assets/bin/Data/8058ea1b01e054f42a8adea35b2e28f1	844	5fd0d6cab40be93f36a0bbd998070a1b3c552b8ffbc566fca3e442cca0d3320f
base/assets/bin/Data/807f21f1b995e45fbaa59baa6c089b95	8560	6f6385ce49776ef23bee58b435518a22f97cda12f1f15aeea26565535e00e77d
base/assets/bin/Data/807f853a4cbcc7644bcc90d621c637a5	15692	580bda0d2d0e0a686da80625fc6845e775091665ddd179d9beb717457a8948ba
base/assets/bin/Data/80820dfba44ebbb47b515aa71f37f2df	656	4b63c34405bcca26d27d5acee330390cc9ea213e34fccd165c37df776fe809e0
base/assets/bin/Data/8098c41498c7e894cb9df52ea20074cb	20472	4a1734f14587dc21416618f021ab777732ba601fedd5651f76b963ef966479cb
base/assets/bin/Data/80b333df3cbf4914ea069e562f9056f0	344	f7e8afb79091df2b6eae67fe99dc9a5f1a627ca41ee20e8724c146311f57bfdd
base/assets/bin/Data/80dcf47b25219b045a61f398c76a2ff1	2216	2612f05775d9cd5a8ee69a3d16f1c8ff18d010d2c24c394819c6538eac4aa9e9
base/assets/bin/Data/80e4587960dce984d92e6c823cf7a654	240832	ddf6984bd3f39a2b3f3e307e1bb792f6c58ce52796dc9a0584803bc25d301b03
base/assets/bin/Data/80e53e977833c09478c08b6b11651edc	58840	dab15ed14496d369bf52b826fe4c99b10b67f8dc4d992c3df465d9082b64f22f
base/assets/bin/Data/80ef9b032ff42a6469d7aef24e463862	4492	0856b779220e6569ef008222e2d363f40664cf1b2be7fd9428920fd84a497159
base/assets/bin/Data/80f6e58cd6f3b7148948af0d67859650	333752	ae727d38c8c4fc8c9e4467ea23c1b01a2b86d4787aa55da1a907e283906ecd98
base/assets/bin/Data/80fb7c911fbf1a247bb805c06ee96209	1264	5fd2ba434f30d15edaf8f615cedd1ea18410a9a97325cbe526098e2194441068
base/assets/bin/Data/8107409a486434643a8a7f474109686d	9536	8b1b0fb9bcb1eec2356d02bce2c76b9523f4193ef81a6ecc122c3e1d1998279a
base/assets/bin/Data/811cc2604cf3e184a9f3da7ea7ab3fd7	20316	9b3aa1a09ec202423e4e4712f63f3bbbff1cf89bc624f535f35e35f24f05a49b
base/assets/bin/Data/812af3b143fb21d419aa35e76e3ebffd	66352	08d8988e1eefa7fd3be555ffe4c7f68d4977cc28670246cebe3dbfba9ee51e0b
base/assets/bin/Data/812fcd8f844e7fe4187b2b0132a00eee	42808	5c4a3f12735d20d4be43eb58cf7e3b0e9d22511a0cdb2a2dc17e7372a8273988
base/assets/bin/Data/813789f8d4e1f6a409495a606de2fb36	6980	c9fa1ea416601e6d46861b76d3f6d6e32f65d99f3792194b7d6092c2ca4114d1
base/assets/bin/Data/813e0851f67b1f240b83334c0db54485	4156	cc5298ba5ce4fa6d5db2cfd078545698d2e9c4fa8e11de40de2ff1ad34db8b8a
base/assets/bin/Data/81555fd059431ff4bb2ae2b0134ba7b0	7920	9500c784262ec0a9d846970f01a7698fa3c4d3c7bc30ff3fbcfda32848ce1f0c
base/assets/bin/Data/8158d71aa60413b43b50fa7505b385dd	18208	bc279171e72181622dcc8a8d1467d76946745b4b4ee2a2e6bed821a21a6f179d
base/assets/bin/Data/8161b1097fb66ca43bb54cbdf7cd7f88	25072	a3abded30b82c19128c4fd8ad6e8aebdd5f2e132c86c694fa7ad4c9059552a29
base/assets/bin/Data/817cf781b2c1f354cb4de99c3e7dc7dc	3408	a181857ac7c3df52d088fb8261fa1fdcfffab827c4d1b5eaa7fe4803bd83e07d
base/assets/bin/Data/817f17a251df8fd4db10147c20be46da	12760	56148172b9451a09ce9da3335861841e32c869c942517f379e9b66d23567b6d0
base/assets/bin/Data/8182f47c773bad640b9488c17a0a089f	4828	d3afabe5601d382e6ec25f79e18eb66d6a768719116674ba1dcd3d069061dd27
base/assets/bin/Data/818b28e223da5d447afa702869669244	31680	b24a86489d4aa076c4afea5e42842b1fbcc33c88ef5398e9d61a78234687f953
base/assets/bin/Data/8198e094da81c453fa7cac14b50beb16	4258844	ac5a203086aee6d8a517daa547f28616b8b13c8dcc28c991ff98181e0520d8a7
base/assets/bin/Data/819944424e4a155429094bf925ab03b9	15148	b6b19ada68d31463c65f1b1dbf7fe72a62c8078884b9c5c4377f8217fbd4e825
base/assets/bin/Data/819b6148657cf7d46bc55d30e4e5dcd2	4492	548b9705f3f3436404c3e0d8af4ecd8e4993b305dc2200da939662ca40d7c20b
base/assets/bin/Data/81a4ebbd8ef28ae419679155a8400f09	960	0d7bcaad80a1feacd717ddc4b555eebb4c9ac3daf18802ea0e2a000118a9c79a
base/assets/bin/Data/81b97aec9179b0444a0697d9d9193f4d	87024	166f2989f187d195ffa4e97a97c95887c305ba8a2f0218d2dc1c094af8dc9414
base/assets/bin/Data/81bd08228547e924eb79591885daff3e	23380	21213b1e4757a4b7dae71dfc49a2d2175183eb06e51d249bb97fc84036878c00
base/assets/bin/Data/81e0eb6eb9e73414fa158392eb94f08e	6380	89ae634f18f622db71c39cd29b6dd22dda8dd0467f572b91121a468d92bba0dc
base/assets/bin/Data/81e5cf80f1ab59f4f9cbc9931a0718df	4156	e8c90a5842c03ab341d8d8a552c18342a28c055e9289e0bb96eec593bbba5578
base/assets/bin/Data/81ebfbe54c503bf4687b9bd04081d056	12128	98d961ba7be75c0adf88f963059e2cd9178ab282aa652e6d78ef476ff350b714
base/assets/bin/Data/82068614eca9bfd44a0c157e5bc9168d	13952	ee2de858bf8e0b528f558dac0397a9d2bb48384145ddfe867ac7b27ea5dcb91a
base/assets/bin/Data/820b20cae99fce34da9a5a47f6f1c057	63552	6e1f253c89c2b18078c70a02904d3a3c5b2fbd1e330aced42743363d560e9671
base/assets/bin/Data/822f4a596ca1e744e98036c77e6ab8f6	1336	0b1b65afbda2302729151c440930808f0b0e9e69ebd584362ac7f3a0b87e5442
base/assets/bin/Data/823dc0aa95f9c8d43ae3e25bad4b0f40	4264	b5381746ee793f232135ed8c477fa923c051f538d9ac5f142f6316e9eafe09b1
base/assets/bin/Data/8269cb25795abfa4aa101420f01a185c	9684	9b486021d1df1a420159b34b30e701bae669526df795f80d15d12ef05e993aae
base/assets/bin/Data/826d01b50313cc14891bb89a948eb543	9992	82cd587f78284b4fb1226f18465ff5f6b868c26a94904c9e54c3f9ab085828e9
base/assets/bin/Data/826d85deb61f94f179f3ccf6be57f554	21240	42a4f9eeb0fe916686722e55cf4c34dbc292105f5070ef024140586ea4e51c6e
base/assets/bin/Data/826f81d1a960144548ffd5114cfb9864	5440	d371873429a00908af3431ec39d52e5a74e665dc52fa092c03635c176d7ece1a
base/assets/bin/Data/827814a31d1a8c544a1a541e8c2e3b0e	220024	19b30e44fe9d16809ded683b3f54803a48410e5169234634636dc343285809dc
base/assets/bin/Data/8283a5bb258fee7488b7cb88f63c10f6	153100	32d0a3d78f8b9d04c8ab053b3a04ad03bdf3e71c33acee7b693ee8eda5812702
base/assets/bin/Data/828a9f4b1fdf549d58862222dd87ecde	38872	c2af1109fb2566f1bdaff03bbf3c2b0604618ca131e13bbc821ea1968c3795fd
base/assets/bin/Data/82c29cb8f0b1a454bae3b887239771a5	138476	13c14311bc7347b5cfee86b41359d719eeff791982d54e3686fae709d60b7814
base/assets/bin/Data/82d2ab4eec78fc9449c2ee6ca0c0837a	8960	a72492840840cf5dbe0a7943c802f274d094870fb7ecdae0b82d60d4eb3473d3
base/assets/bin/Data/82d62ca41cdccde478703a507111f05f	7384	f8fa85e433180c20452d130dafec00fcf79dca12c6d47d06c3356ec15325e46e
base/assets/bin/Data/82dd6e3161f0b44498517b191ef73ce6	53776	ff52d7927c4448fb308cb25c54d1c016eebe1611b6713ea160d3ad6ab007b313
base/assets/bin/Data/82dff39155d78244095f678fcf32be05	88328	40a2b290df852efe637f7206c7abc0d1bd228286610506508a7e0d0df29efada
base/assets/bin/Data/82e0134f1a28fec4f998ba3a1b2b64f7	1724	5648a6d9f8903a798fec2bca9d6b02f770749e9e08d660fda2d7358e165757ee
base/assets/bin/Data/82ee0859ed9342e438e32addffd82fa1	21900	970325d57d36320645d1da599c2cb01a51031e3675fe8db910d268d6d5868e1d
base/assets/bin/Data/82f1130e1df5c7b4181ac00c538e502d	6204	e82f693a135d024661f3d44bdd8336a7f46f4cc310ce47ef46a56a9409af5c33
base/assets/bin/Data/8305b7a494f14c54eb252be660164f3d	114404	0c35df8951a6e6daffceed76df617cb851626cd7cbf6175d958018dd468fc11c
base/assets/bin/Data/8307f1e69938a8742b4f54c6e342c5f5	82128	198405ea4a6f22d8f1200fedc32e6f1ff74f8db32e29deb06037807f50303444
base/assets/bin/Data/830f0e6e5eee65c4d81054217fe1f2c8	1876	5d6d4d189811f72f25f981960286e1d13280077e7350ed5fb4726fe22b2fab3b
base/assets/bin/Data/831f1a43b4991a64f8a927c854565cee	4288	a0dbc783818ff317ca1f5e087ebcae629f6347bd2e9a8f9a839184bcf388cd11
base/assets/bin/Data/83263d59e8a08a6419e4b539b0dece23	38932	463687f8af9599d3eb37d092259a0fd148d28934df2cc22fe67f555eb1b744fb
base/assets/bin/Data/833c3cb66a6349148a2c735db0e4b1e7	65016	3c503b45f5d7708ddfc7022271d91a87400c952a648a287fd4b32a019cc53172
base/assets/bin/Data/834b4736e5ad56642a5ae3766df9e9de	740	99fd24fe80df6fe6579bbe4e156c88a002a994997e97e647f0ea0e41b49e8e92
base/assets/bin/Data/834da9eafaaf662489f48c50fe41489c	68160	23151ee85f7a05eb16c3e497e858bed46de21ff78b07489ccef900407d525afc
base/assets/bin/Data/835522c64cc422f438a63276680878b5	17012	5578516acfeb205cb4b8466bfeb13f78c5599f8229d2f8877d81c85cf38844d9
base/assets/bin/Data/8367c96464bdeae4d8a7389d638eb395	192712	322873d634ff7ab361c307ceb403d34782fc9a14fef40e1e02446bebce82586f
base/assets/bin/Data/8394d16bedcfc8341be6c3a9c8f77ae5	48944	3b27d6bd85e4f1d0bcbae44b0200f703dc04e60fe14b153cc166fdb934c1755d
base/assets/bin/Data/83ae053fd50693f4b96bbdeb7daf0e96	5604	59be741dd23a92a0b1c9bab98e79794b619d7264c88c4636f954749479835598
base/assets/bin/Data/83b2744ad330c36499792db101272ba4	5644	8c08d8e239b3b37b0010766f05d63a128e81803d80346961e4879f48ae0495aa
base/assets/bin/Data/83c1032f3132d2f4782bfddcb7e6d0e4	2628	4dcc12193a56c741495c6cf47d846dff3b0d3d6590c4316c7addc804aff254f4
base/assets/bin/Data/841532d00bcbb914b99a0d90726ddad0	164272	867f7c0ac43e92ed7a147d2dc1508f368c9284afb1d65201bf5d4914beeaf16b
base/assets/bin/Data/844a58ab2d72d7d409b69b62dea534c7	14996	c813b3bf6b3105bb73a19d94cdec9fff1eaa761cbe73467f3049d57db78d7562
base/assets/bin/Data/844eb84a9c3a6864d91daae0aa248451	60816	231feb6d6a05246854c106b2a9dbe45aeae879187f5df44d95560fa9b28f7cb7
base/assets/bin/Data/844f8ccc5ad676c4085c6a1f6939c052	139048	a001de6ab73e8d0363fab148bc234cc50dc9fb871f2a32347b5e5070fdbf456c
base/assets/bin/Data/847debf72d8307345831105f2e043d7e	91552	683356295a1f77845396a643e42778db153490bc1992cef3445012de7d249e9f
base/assets/bin/Data/848aebf620184ff4d8164ee3ee56258c	10620	e03b190f3e7e0bba5550ba4c6442f0f1fcde2d2dd9fce927abf8dc777ccb68d2
base/assets/bin/Data/84a023e7be431bc4eb5d49f5463b9a44	37404	4d6fcd4b7e9bbdd55fc597c7e65cae6ef00a7c4b7a768e0509d6b8ea934f4b67
base/assets/bin/Data/84b9336ed571dea46b89bbfdffea837d	217160	b4349f187d76d2f399397817cd35fd46d4338dcb12f2d26d87dbf9067cc4f524
base/assets/bin/Data/84bb73f3652bf484b96e67bfedeb7a3d	17816	ac95753961a6af2a9811c9267987c29d508ea938c7c9755feebd82d279151f6b
base/assets/bin/Data/84c34fd201ea41b992f97ac7fa449153	3808	f8285b6bf3f837241f41a831b73b1466452c35454b73a9c592fbf6a7658a477b
base/assets/bin/Data/84c707fda2838b04fbcbc7c68fa3d85d	8080	9bf5abf7982629a26f4b18e1a5c510c4a58ff13a7529309b4f5749ba4b2a3bc7
base/assets/bin/Data/84dbf32017a20cd40a34140d85c69c84	900628	a127e0fb25ae80be50b2fa3929c2aa55d68c2fc99477ec40faab7b35112d4121
base/assets/bin/Data/84e64a5e090a957429004fdc8587e0ea	206992	48fc98a70d1c843cd1cd25b820e545b3387ddca8c609c95a03964287c018f039
base/assets/bin/Data/84f625164d243ca418287edcd4a85905	59524	2bfbd809d608845c4f5ae4341973897dba98ac24f96dbf81d66ff47b13b63dde
base/assets/bin/Data/8504b687382680447b1e04127c13abfe	18648	067bb332a8bb73195277b5229baa231611842aecc12b93beaa9f6c0b88540e2d
base/assets/bin/Data/850ee9a2dbe7db1488d87064177a546e	29180	f8d29c7a6e9641058850fe9c84ed6a2e81e38af575441ea11a3105d1248eb4be
base/assets/bin/Data/85187c2149c549c5b33f0cdb02836b17	16164	de3e20112e7348b670c21f3c62bd242da6381e2813ef4f8a068bb99d75abe085
base/assets/bin/Data/851d1c8773cef7d479ccf742dbea0326	58004	72dc74fcbf6c36dd27117b6793ee44af2773fe84a14e3f4d5257d7a4bd2a0d36
base/assets/bin/Data/852de641a1aed8e4ab1fbb83980af083	4088	d3891a03e2aeaa5e9b157be431e015391ad5befdf3f0738c66f98c7999a1486b
base/assets/bin/Data/8539695dcee865c4d837d793f7812562	72964	ae5690f9ebd9f68eff2f8827abba902b1e62ca8df8c9f33723b91d189248471b
base/assets/bin/Data/8539ec0085861384195edf8111b3a812	71792	af9b6b9e286ca24b983008f211b7b4a6b2af565f69fa02eb932f607300b87abe
base/assets/bin/Data/853d543ce4762494d936548991dad5b8	2936	5fea37763b8cc7cf70595fbc7d4a75bbdf61a19d1cf18a0e98d0e6d0bb9a2f26
base/assets/bin/Data/8550bd0ec19040a4f84a1893baf75ae8	3732	ea184157a5692492e5f76136d3a636b03e927f4d2ff25b6bc5ac99342c003527
base/assets/bin/Data/855c79e2d3f934f46b6a5254f21dda37	6912	413fcd442ad04d205e6c910089baa92c50f09abf63e3a8e628cf91569894ce35
base/assets/bin/Data/856865ff0d7ff4fe58f569db6320a378	5888	389075f74262c8fc288eeab8c66497b7cb8e1b4296db5720cce447af7b1a55e5
base/assets/bin/Data/8579cbbe066b6164fa25054b56ffd743	53116	b9205798e61ad8ff7bb1bdfe12f8352a502a83adab58b2e7d049dd1737d41da0
base/assets/bin/Data/8599c899c1e85ee4cadf036130c19d48	13056	ad308638b6810b8000c33903ca9f715b1e69ace56596035c5f2e6df5c7898a55
base/assets/bin/Data/85ca202c5f5902c4fb8ca8053b881dc7	62276	0f12b8e5603e59be4127a35c452ba9cad92821a1936566bf02c0c9ab863096d4
base/assets/bin/Data/85e74a60ef3ca0041a11dadfcdd61403	183316	fb3f1872e40f851a3e0b324e37317bf3964729d594c943dfeac739bcfcfe455c
base/assets/bin/Data/86140233a3abd49409bd3bf946f7d9f2	5376	bc86ba4ecbdd1cfe4c8528e90f0d770055236f81afa15c3aecdf113ef91265a8
base/assets/bin/Data/862a61cf32b59d14a88fda8feb8d1836	22300	83ea70cee33d49ca8629e78e49a1d94f702f27eeffd8f883e383785009717844
base/assets/bin/Data/8663835c8dabf7542b0dc018bd9eb1bb	5780	9db754a20571230fdd0b696a880f8d8032acc4ef05463fbac17a6848b2f4335d
base/assets/bin/Data/8677ebca0f4fe6347a2b17ce480c61df	6752	cba73641e873e766683ff2303ba41f62b3b9195b92c11784f1d68a49bda626d5
base/assets/bin/Data/867ab9ca00e3af14da7949850fffa7b2	8760	f65ea8a38c670246711035d91d278e6c2635f4ca0d05158d92dc4ac7e6f933f2
base/assets/bin/Data/86bc42f2033fc7e46bfc48dd19594a46	8148	5dbcf51e96b86773e6f63ab720b019078bcfaad4ee52cca01843c5621d28c045
base/assets/bin/Data/86bed57aa6be4d74b8afc18e2017a4a3	5244	e88b5a8cc9748a47d77c520a3a26884a9a09afdc43cfd1eda5ddf98ee3a433aa
base/assets/bin/Data/86bf1c8ff9cbeeb4b920f7d83f2aa873	10456	6f2bd389e2f4e53ce6d1ed0e2d06ebed55d0a8f4f253b67b857a57e9ec7325ad
base/assets/bin/Data/86c9fb2eb736ee94fa96cf76ef6df82c	61496	5f76801dbaa496447519352fb39e5fd5b7efcd0acbc675359907e862c51651d5
base/assets/bin/Data/86dbc6d7af6b5415cb6726c1ea202041	163280	9198a54af3e0c3f533b0416f84235d0687825627eb67eca779627848592521df
base/assets/bin/Data/86f91fbebede7b147b751eceacea79e3	11880	d80fa94187b430cfe4d3a377c6d45e2051dc8d0907a74fde6b6d59ef0ef3a077
base/assets/bin/Data/86fd09169c7851e4ab2013596fbaf1a0	11640	7f9aaf2cc518c4ee48a2e963ffe123e5b2fad54ba8085ef7d0dd49fab371f0e3
base/assets/bin/Data/8722d71f9db0ded4ab92902527a445ed	12744	917597a590e5f30a9f44c4191edba9a199fd3446c516c6ee9611b6e9c297669e
base/assets/bin/Data/872412393f1b0b0469a6d536e484c518	14040	3f606e60d37c50dc0fc09fce5b50fb5a62d6fa92b643e2024fd8869fb20df47e
base/assets/bin/Data/872ad9edaf4ce7d4487855ff772576fb	103596	734b58a6210693bea44cd8705eac5e7b421a0bc8a7ee4de42a2e858f9635523c
base/assets/bin/Data/8731de6dfaf84534fbf33a0457a0da3a	52068	49f2ede9e9929415b5742853c2276e8b78a166acdd2bc094df77d6e51a1971a3
base/assets/bin/Data/87374e88ffa40174ebc357f8b14c4ebc	6492	853862dc5cb3ab01c1b3fc52efbb8b923b8375af126ff6fe1d41c9e1b78a506c
base/assets/bin/Data/8778e6b26b51c6a4999b94d7cacd8b5d	1600	1210ca81c7abe9c1d60adeaa9e81f513e046209fbfb143384ea61656f54ff0a8
base/assets/bin/Data/8796518a1b673474e8a988c967db1927	30428	b64a90d4aacf3ecccb7979268aa88926a504873ff28b51baaec356b6b24b1563
base/assets/bin/Data/87c1dadf1d2c5d74daeda065d6eced05	6856	39f3664f24cfc4e91c80493a2fc95c6e23ea380deee6cb307b2ad53c139c0c36
base/assets/bin/Data/87e6b43afe5d05547841c03546dfa2c4	4896	d78703f79e5d98fd995fa26a3bb474dbd5f94d17d41c62dfe31433099846b7c8
base/assets/bin/Data/87f3fd066c1e3204a8892d95db1a2416	11196	af71dee4ede9f99c03b738d3ddfca5b7365fd38723be0ca59f092d7190b5c8cd
base/assets/bin/Data/8809a0fe52712ed40952a7baed5d479e	1076	fbada477491338b91771665ecc3be6a5c032eb179d39e414cabdd5d4cd01b851
base/assets/bin/Data/8812021d5eef04d0798fee759f0efcbc	159128	4d034b6bf5f95e8ff0894a532ab79221bf84edcc85504a25098f39d73a385b89
base/assets/bin/Data/883393b7ff3948b40b7d8d8f4c8414bd	1380	05c2ddc13383777ba3e26ce3a45b6bf0094fb0dd527cfad0c2ac1fc322a779dd
base/assets/bin/Data/8869e3ef90796444dbd923de588d943c	29108	c1bbe90937519a47fedb1af59b70777d8e38d64b05bbd6eec3e1409191a25c96
base/assets/bin/Data/8875bcb0eddd5ec4ba5dab4789a79ec3	20376	b4666b2a80994f35943cab093f5296687921033682551da37aa7d633743b57a9
base/assets/bin/Data/8888d15df18ff4f46aafacea8968383d	126480	23cd8e0fd0eeeb0f51e81f47efbb760f66b45df015d6b2f8fc8fa1af6e071962
base/assets/bin/Data/88a31d235c6e39e47a4b303c1ae91875	7152	a10205b94aeabc7d3abab60629e32308a8dc4d8ff81ec2816b31c2be29191a3c
base/assets/bin/Data/88a328adb3b203946a3c4cc6d3bb1a3a	6752	0d30bff907a2f53c3cd335c16233965cda65cf01a90dde43bb2c45a1058b1479
base/assets/bin/Data/88c0e3bdca8e93f43b199a365ded91cb	62516	c15438344c6cca7a6e5643868209e5abdcc6d7b5a485a9ee2efe74e9fef06d48
base/assets/bin/Data/88c97b2c4ee7a9d42ab67d4613c18595	6088	aa30b3e33fcd09f338d3b94a96d4ae51312e9211534e9384995357e72b0e3a65
base/assets/bin/Data/88e16312b9b06414d9236566ee89c221	6460	12d2eb56ffde9e5597f7679090c968771600cb31cfbfa2f02dd872d06223c2aa
base/assets/bin/Data/89121bbe504fb98479269311f09632f3	249552	84aba030b193292195495beb98fc210539df3e17d78185663d2356c7651ac666
base/assets/bin/Data/8918585cf4097694ba7d305ee2f86609	6436	d10a6ff9fa9c361b2d22091c784e90bfaad3e7846293d9a9c08bf351675f44b4
base/assets/bin/Data/891e38ea689bda4498cff9ff5676eae5	4736	9a0530c809f1649a94735a7c643c3dbc51e7794ec1ea063d48e09345aef92d94
base/assets/bin/Data/8943b4e80a1b4924196c9ae8aa981701	1652880	e0b16dfbcb6bd15d5baa779231c3d0df08fb48b98f4ea9ed55a90683ede398f3
base/assets/bin/Data/894e8bee6de4761419b9a9ef35f4b050	1732	5505a9e690e405e438a47522c9e141297a0548ec5914fe9e99977884d9e4aae9
base/assets/bin/Data/8953ca1fdae488c4492d1b4fa2197435	20712	06b90d8ed47442b2ab1d62cffb0f2b363c5fbd3a3269a68423777aabb5ed4ffd
base/assets/bin/Data/895e24e5b38d0a643879eeeef7c1d0bd	3020	455fcc64c8dc1e5bd3f21c0759e187762923c48ea94fa7800c41cef3d8ce89ed
base/assets/bin/Data/8962f30eb21e33441903ec06953df9c3	39104	0341c8ceb3fb5ade64ca9923ee2088febeb56d43b1b2eb679ea3e2a396f2b6bd
base/assets/bin/Data/898bae19b15b0f441afb8195e772406d	6584	65c49e62cb0409517d76ba66a58a0761d7124b1c636cb9f3ea608872d7677868
base/assets/bin/Data/898f4d4b9a3121c4b84b4fcea833c4cb	8008	6458f548cb7eea9e37d289e6aeeca62cb9ef75d6af7d6555509b72a6eca06b10
base/assets/bin/Data/899fadf3786db0e42bf45ffc58666705	1928	a070de9444da8df13f7c558a60c548aac01c5a927366f5991858a1639397ba26
base/assets/bin/Data/89acf42d81957a94b83d2eaf51b2cf52	1008	90304248ec702d4d0c3c8f5613507a1d8f614da4d0d1dc602828dd577ff21819
base/assets/bin/Data/89ae25db6a34f5547a6cd1f3d6186513	7872	c9d90a712575275e5a0cedb0e51d9a74952474ee63bb98fcdfb1720bfc03cedd
base/assets/bin/Data/89c5648d7e1daf54fa6705d32445235d	9504	d2252045fbde99dbb2dec6639885f95916fb74727c63afdb19be9e1863f22403
base/assets/bin/Data/89c8db375feccfd4b8d2e08ee70c2fbf	5784	03e824c48ab6fa7e554e662d72d1909b4d8db5610cbbc18837b0943c1edf7326
base/assets/bin/Data/89d92616bd4c72c4e9707d1a2f73db48	55752	13bb9db204df01d8bf2ba1b0f7bc7559ae68afb4fd520155857d258f4d593ccb
base/assets/bin/Data/8a31eb88c4246ec4db7b710cded4eb92	6276	163f3a3b639ee10e3a17934384efda1090ada031f8b34d99d4ba68a824e75460
base/assets/bin/Data/8a38d508cac9ad34c833f72816c756ab	31272	a9a4711afb5be4c6c723e66d6b1f610a12b70ff7a6e39f424aab498909717c19
base/assets/bin/Data/8a5a39ad857744baeb821f80627ea19a	3188	c7887ded893e505b1da063865542ed844aad0389c786e419946b7c008ea3d79f
base/assets/bin/Data/8a5ebeeb6a88e70419de7f623d2022d0	59088	d5c7859942a403eaebde6d313fef270ebfc826e10de98de867dae18946638ef7
base/assets/bin/Data/8a64ba92a31ce4fb98cb4acdbb05b590	4572	4d92c016e9196b2b71f67d6ff68885d83873d004d007e09e7dba9eab3d280eae
base/assets/bin/Data/8a9507d184d25b04c94e597c26f07c65	40800	57ed6634ebe8e189805968d8ac125e2ae854b39611bc00205d901ae7ce8d460c
base/assets/bin/Data/8aa23236316769942be04bda907a8275	2372	1bf331ae2f894a3c5bc5f4f3e325c026730a0c1cf01b0e76c1d2f1d6583b4945
base/assets/bin/Data/8ab3a4158f3502f4886a27dc7b62f731	7512	1096d6521b2d6239d7cf9ba401eeedcc8f4be8c4e2ce31c1ebf0b97806ca009b
base/assets/bin/Data/8adda30e115a3d347a02f0e70a782ede	8692	003c25ea2aa992d892f02547bdad9523075cf97ea81cb4d5ef00e12dfca5c8ad
base/assets/bin/Data/8adf5ed3db3cdd94893fb44e3583c62f	2380	fff1a64cc66df1dc0d455d0e3c5535d828ec806df7e98b813f9fac4ee7b586c2
base/assets/bin/Data/8af96026e2a27f440aef64c470a2884f	3910626	b391965d8f8135e3c714aa802f9731099c9fac32d4b102a27573b34c2d0338ff
base/assets/bin/Data/8b15b75809b02f84d8a7822e4135a71d	5744	69bc4b5c15b259499cf0e38365f1b9104966b333380b01dbb959a8e85a2e83a3
base/assets/bin/Data/8b1a28df2e61cc3468b6c0f953160f51	612	a9448d94320b0aea426806aa4275ed29cfb9a9bc7cf78f07178faae2bcf92018
base/assets/bin/Data/8b2cbdfdcdad9f8449ecca3e748a8dc2	30976	03c81b994f82f8eaa97c2763215df4878f413eaa7c4c1dde99c40dd8c76384ea
base/assets/bin/Data/8b30f89cf65cb5b408c44b0b220b669a	5976	d85d02e37ce0100274783f9a46990ba885a9f3b6977799ddbb9d8be5b15a9009
base/assets/bin/Data/8b51c536e5903da48a79e839b6eff2f0	9088	374e47d011b03a73c09468aafcbcb852a564c0f06c3bb332b0c099a03ca57bed
base/assets/bin/Data/8b63420b029755d4e9fd8a92b174846c	5736	90444177efb9963d82e8aab654257bca3fc3c50b5a137378d659d060c9cb894c
base/assets/bin/Data/8b63d46fd4e90164285c9ebdbf736501	46416	00b51822a3b85d281249ec96686b059e7b7d3d59a16888c9ee796751304a7fe9
base/assets/bin/Data/8b70901e4bf631c448cf7b87ca33bcf8	1576	fd5fb459501167f074a6dbe7152b957d4df7f4344377be062d3da52ff328588d
base/assets/bin/Data/8b73326888d22e24d9f32d29d5d09ffe	2672	6d6a54b8b5deddc8a48dad2025808b65dfcde7827507e85dc22692d753d07f23
base/assets/bin/Data/8b83879625eade54dab3c52f36a95324	1820	064ad5f5905301f52045293fecde9d0f1c091ff43e254e61aca41b2c547b0297
base/assets/bin/Data/8b979f44b71352f458f508966bd1a6ab	11212	f79966fcacaf26db8a244d5f990dc49d4b20555ce27018350c6c85e677376859
base/assets/bin/Data/8baa7919dbef9054fbff9f902b2a95d3	10752	4e1a214d4420163c94b530ff22a1cc3bb540797481bcc93b60dd2be7a10999e7
base/assets/bin/Data/8bcc34269c6160341a0d87db2c6bc587	107908	9ec3eb17166df24a4f3da94428e2f35d1339a1619ade34bf497d02a24f2da613
base/assets/bin/Data/8bd2cc14811ad8346857698f7a8916bf	11488	513aa9a68b91430bdf5f04dfde5162c15b5d97f312a74ed8a44ab2fe3a7e3a0f
base/assets/bin/Data/8bfc7b41e058cda468d8d61a7c5c0cd0	3512	4998fb2675bd25f910951046191cc4079ea59428a098fb0e2dc526525b647e7d
base/assets/bin/Data/8c02e28d552b35b49a254581283ffb27	1480	9beb34a1a29dbf91c04318eeb5c2430114893728231b2aced5872475f02fbbe8
base/assets/bin/Data/8c2313a8fdbdddf46b9a1a431b050d2a	58856	ae87748fcffe684288215b38f8515f402d0894b150c04ab4e0ba485d4551e486
base/assets/bin/Data/8c2651f2dd85bc541947b6aa3bd814e9	1612	83ac3c2d4011efee6134b6ea7d89fa7c1bbebee19202e2619b5720a3f1e23012
base/assets/bin/Data/8c472e0cf98627d488d421e5e5ddc5a2	108200	676b2cc3bced6431eafec4021e607db941321f6795844d9f53d63c0f1dd1ed6d
base/assets/bin/Data/8c58af6f6c954b74da8e8ed8cc0ae6c3	40140	ba7ae177d1efc20a88845413fb3bdfafdd556d1447bb310a70ad12d65cddd697
base/assets/bin/Data/8c5d57a52d33b96438963fbe55fb521c	6380	5ec69f58e5dd51b500037a59e700f3e44bbe127bfcd161df9577939d32e4ec9a
base/assets/bin/Data/8c6950d8cbe3cb0459407edc3e040920	8300	6dcc9f3d81b5beeed31521858167d9f0ba72f6452e45fceca6bc4719c16485d7
base/assets/bin/Data/8c699739697c1584baa7e4edfbdbcb41	201300	307172ae4bc9c2d13c39623a20798cdcf4ef8059ac5d5f7bf32b915f907de846
base/assets/bin/Data/8c74f11792777be41bc9287ced22f8b1	53060	4cff8c7380064f6d52135599547f3339d59137d8583c51c908f33d991a662ef7
base/assets/bin/Data/8c78cd07bf07fb646805c9e3d5de6f8e	108748	a08e078e5ad00fd95086949eece84ea600b2658c191a10d0d5b81f18e0050392
base/assets/bin/Data/8ca78f3bdbb423045a78653abf59e0e4	42124	31e7a5ac469731bbb10afb8c3b26d793a4c4cc89795d6272a056a7bdeccd0784
base/assets/bin/Data/8ca7a6c1873fc134d8e7b99d9ad97ed0	29136	b37741299da73bf17c4e4ec4ac27127208d8bc96a56df61aaa5b06ff0a5a1578
base/assets/bin/Data/8cbc559591ad927458d8b02b3ee1f502	5736	85f287fe4998859b2d096b73080b0b42600af978c9424f30755294d8483e463a
base/assets/bin/Data/8cc1735c828d0904dbd4f342978b17b0	2088	3bf6e59a104d1f5ec0cc67d90d3054847d3d8d4456cd45bf23cdf7523a95206b
base/assets/bin/Data/8cc236ea20948b3439a7608687c45524	37812	c103d8b5bfa8489815be5b704ebcb3e6829edf2c16dfb0c26c4176c848a10ff3
base/assets/bin/Data/8ccdc12d24b071f4e84591a35b89d01d	4816	3df484dc1d1d04d4c98805128461227ce1d23fa62d3967e60d48b330de798c95
base/assets/bin/Data/8cdbad738ddcb42409d58657408e2e85	71040	cf6f1651b2f0280c90b2a448741e8eb56cb05e9a97789cd60cfa50cda919d6a9
base/assets/bin/Data/8ce07b19ac7040d40a92a45967140247	5304	23c161dd08fdd5a96de48565199fb2ca1d93cd5acacaced1902221c708be3919
base/assets/bin/Data/8cf9f5da29e70694fb1389997240053a	23680	e6324a617935d5abf888090342930053a0678b925388cd93f184e87ac1759efd
base/assets/bin/Data/8d06e64ff7dccc940bc260d109c73027	9096	179696902bb4579d3a96f52db01022e7e3a148a6c27f3eeb1a66fa4ea7467a2f
base/assets/bin/Data/8d1ca55eb395e7c41a7397eedb31b369	4996	c8cecb67aa82c31449562050135b10cbff1fe0695e3ae7006e2a3c9aaf3541d3
base/assets/bin/Data/8d220603b1acf4f4c97b726449c36e1a	13452	3e3f2a6a46bc63d3a6974963c20ab6cf13e555b96349fff0f4477bda8cc95ae8
base/assets/bin/Data/8d28162750be9514fb2335fa2df85314	21704	683dee720e387a8ecfd69ad9a07b6b7eab1ad6bed066a4ff532ac556d4aec91e
base/assets/bin/Data/8d4f337641968da4bbfcc4c8919b4379	1764	713159a210267e029f305b2455b33be51c1312442c7831898aa13ce778747dbf
base/assets/bin/Data/8d59d8a5b03320a43a6ff006e826e504	4880	9ba868411fe2a9641a3c61440c053716ad48ced80c7caf9fe669e58d00470d74
base/assets/bin/Data/8d5bf8fbda8f7a342bfdc494d011d63a	4552	088c895c63296306480b035ac239dcd87e298d3d86a3c8a6717f772191b11888
base/assets/bin/Data/8d8e05063884efa429a12022a6878102	1156	decb907780552bad4c75c16308fca6831d10d58bff11c71974298f0781f7140d
base/assets/bin/Data/8d900ca41ff91b6428201d33d909a005	22152	cb937daaf07294752faf903dbc99882e0f9c22718d2049916728f63de44397c9
base/assets/bin/Data/8daf50ab02b0e8b4a891c2acc24f4c25	6700	b0be465eeafb4a54a94c6da5b3c8e45b7c076d860dd67fd0c4a83011349febab
base/assets/bin/Data/8db0254456b12421ab6807ab94f30219	1596	bfa3f1bb3cdd92ffa281db7fdb86404a7b5f20d1134a40f55bbb263606f9e410
base/assets/bin/Data/8df781cdf62304797844f46431103dd4	32812	934770d75cb1af42f127a9bcf3eb7f777348468b9d0dbff373e13818185fbf0a
base/assets/bin/Data/8e30948d96bed9c4e8aa5e57df2c6dcc	4452	7cbdc343aa981b1da9e34f9787aa903e1b2f396ebbd203736b3ff701799653ea
base/assets/bin/Data/8e690040e7bdf5f459f9538508d6cfb3	6172	4d851dd6c5acf93952aed77387f44197a1ff63f48dc4335a1e59f688cff31884
base/assets/bin/Data/8e7c022978432054f8225eb97b2714e8	8896	29839bff114ef8997f00711e1e1e1dd76323ac1046d79e28f298a86ee19c04b4
base/assets/bin/Data/8e908792c849bf94eb2952d82bd7acc4	83944	e2e9669bed0da2f372c4d0b941395b96d589cafd1760c4aebd956f264340ee02
base/assets/bin/Data/8e915b2d8d5ce24488a6155a50971609	98180	19205fa75e18ac8586017dadbff13cd93c58b079587318dcfeca675d5bab48c1
base/assets/bin/Data/8eca65763e36a426e8d0048d18ac8a8c	5792	3ad7e25eaa2b9c33e60c21017e3edd876ab534dd07402b2e68364136b653d921
base/assets/bin/Data/8f20b6105282b964c8f1588b5f86b428	2968	6ab514dcb4e7c691d13dea9db2420a1031f8b3e22d56294d8508395df8fac532
base/assets/bin/Data/8f373c5a964c58044a4526fbef759101	246036	c62dffd45ed67ccbd3374794a550b4d60f1e35c44765b41d9ad7bf9f3434e274
base/assets/bin/Data/8f4a71cc8009b8148802462947ea043e	13736	d5c0b1659f0b78de05273fa885a8ec2081c37572b8f78ea9e875d5574eeae4bf
base/assets/bin/Data/8f541435238af404baccc7dd24acf1d0	520	236a72b3962075d0e1c4848c8f3a7902f706e1c58abfb39e8bca8531b1590fe5
base/assets/bin/Data/8f62099aef229874aa1d395b3747c6ed	904	a0c0bb4e8c3a585dc67a9e05a3e2e88120f7a06c45e0d717f9def724d33adb2a
base/assets/bin/Data/8f668789acc1b4143b587b20199549c4	30728	e2373feb7102f63e5945cff5abdff6353d026b5c8b5f6b33976d97e6078c5f0e
base/assets/bin/Data/8f67e4bf38318b249a56129ea48c1f6b	28996	85db7d839c3e02a51b97f9cc52c96e541723df575a930feef77bf37b4be9cd8a
base/assets/bin/Data/8f6a9bccdda37c44586e9053f057a9fb	23672	882079470e804df3da55a9ac61e052f11ccda208d73918ef5c6fbce64c9a2172
base/assets/bin/Data/8f8613376bb2a254489738dd4abdd733	7336	f74963852427b7304b634392cf6f771622be0a9c647cb1865e7c8c6cfa7f6988
base/assets/bin/Data/8f963a80525064e40b7b190e1f9eaf93	72548	cb789838ce3aa008162326b0ee594832c4ce3d26094ab33eb39532e38369a866
base/assets/bin/Data/8f9cafb91a0dd1b4984aa853b9002148	6360	fbaac4aaf17a15a4efc371448b97b0627a8b8e9e2e21611c117eb8ef1fa9a3ef
base/assets/bin/Data/8fa7333175905463fb1e4c1dc18d7939	46256	2ed2a1db6e0b04160538845abbe7e13dd0fdf80f6ccfefb8b36499aa3b81d8e7
base/assets/bin/Data/8fc4e52625a44074bb0ebf1297051c25	50660	c27eb0110c5bd96974c15bee717b802a151142d8caf1febfbcec4c69a65df111
base/assets/bin/Data/8fc8525d49edef547b4eb9674a7b60f0	3404	6969931f4aca63d2363703d857f82b19413424aa4f6e92dbe86fde1b7662248a
base/assets/bin/Data/8fcef658c36d26941b006f5baeae9b37	903504	6f615f771c4ec69a7b718d9f9656b7447b1c0e515485aa72c5a7ca8789060900
base/assets/bin/Data/8fd59ec55a809f44186e6d80fd2a7859	45320	2870a29f3661c30cc1f2cd05062dd47366df9974a15db9a9ca9c777edb1bbb97
base/assets/bin/Data/9016eb0b9402cab43bd711f26b035e73	1116	d069140b31bc29d1894f93e17e556ea71fbd92ef601f18b5491d2baa6d5b35c1
base/assets/bin/Data/9021f8cfda7724a2d99e13d3db865fb3	20432	724919a86a6730cc8806d118738820ffdec3e7e6f192425eda4dc154a73349ad
base/assets/bin/Data/902e7f4a8bd2cb7499e99960a8e43116	2536	ec4dd249ff1e3aa3515c0d0134818d65f314fa2026676c77c55d277aecb9c260
base/assets/bin/Data/9034feea59756cc47bc0170cf6c34ba4	18720	ad943ebfbb6f742c6bea7ba7c8cc4f5ddcd25bb19dfaa50da7f12e620fa1e850
base/assets/bin/Data/90429b9531ad7a44085ccf9099ca9846	62748	6e07b242042633266e1bea5e3957ce58b5be82e1cf77197e87ec06f117c2175d
base/assets/bin/Data/9044c8882fc0d45b289d9c612d95a79f	4692	275b70c9a20b68ad3449bd842bc21ffc85125b3757a0aaba6462444245a0792c
base/assets/bin/Data/908213ac059f4314baf900a62e6819c2	868	1e305001c771dd81a0df5319c7220f2f9fbf03c74c899f401697e0b56a9a73d0
base/assets/bin/Data/908e7e39ebd01fa40adb2e6a75b670bb	7512	c2894df795f3b905d540be68073fab16ac1c6fd90d61ecaae51ae87534dab3b9
base/assets/bin/Data/9095f36cf552d8d4b8da837adb818314	66208	326a6d26803503a41ad1902a4555f9bf32631208fa26e31a7f81bf6955ba77a7
base/assets/bin/Data/90a609b5c30a620459c4c299908b3759	4448	b3d71ff644e6b899f1f6576e42be23c804d5e385a16d3765f169814b779b550b
base/assets/bin/Data/90a85316ffd7af64e99b6d9afb2969ef	5932	6f4284956b32450559aeeaa844a3523677c71cea6b9c4a5a0bcf8c1ed579f3ed
base/assets/bin/Data/90ab26fd0908dbc40bf20fe5c8713b2b	34976	8d9872ba8d20631b29ec240137e457a3f031701df52e7160fb2074fe8c83ae2f
base/assets/bin/Data/90c53757a4e22814c8c388f6f85aae0e	33392	30206e41cd65aa97977bf239042058e70c782d26e0a8c8428a123a07a339c183
base/assets/bin/Data/90d547f67234b0f4fa5ab64becafe83a	7580	be1832504a4166db6f25137e8eab13cb539fddee5111e454a4d68e155b4e157e
base/assets/bin/Data/90e13af757fc4804f89d701bb5ca30d9	7716	5ec861074ad6f163b5c27f0c0fe7ddacbedfdaf53b0d46550644fadb125c4474
base/assets/bin/Data/90e3fcb50384ada47b3d4793a8979678	5548	3a9ad34796ddceecc02de4a32f3472732cb6cde02bb9e2d2f086ce999cfe0133
base/assets/bin/Data/9114eaf3cb280734cba574390bf73865	52580	c86ac4d133d22c9d311c0744f1339df1b5ebb9e9773e97a8d982e7a5bcb99dd9
base/assets/bin/Data/912885c0f698cc4479ac36a60c214d06	23612	4159d862581f52884c6d509bc946717ddea5a5af725758b0ac72e625835317cb
base/assets/bin/Data/912de86f50c2f6446a4fbace3dfa7566	2656	61cf0420a29453bd73e9e335e2600b23856bf2f227197ba842b4c8915c70fc16
base/assets/bin/Data/91341426c19338b4c9f70978fd72d0a9	4800	d0f83122f34da9d4d8e4f47dcce3f5575238cc0833605690d159c956a033c1d4
base/assets/bin/Data/914274a40060b6e45a51aa288549d291	214720	df088e4b23d34799244bc1676fbef34cff94ef7ff2fe5e996790c9fa525ceb42
base/assets/bin/Data/915528f61f975d245a5668aaf01ac9b7	29644	ee7a9a602d2f345011928d7591b7f388a951685740ae2dc046615bbb7f32bbc6
base/assets/bin/Data/91597ac8411a4a341bb22f7cc0bef688	15704	51639716eddec945fa3f180987a7495a4f6eefb59f1f66e92504b401d99145e6
base/assets/bin/Data/9170f7df6f2eb214896740ff86e1488a	2744	f8b0ab7313b44d69f2c6c4031d5e14d27e2c079b58778490cf31ba193b53941f
base/assets/bin/Data/91749065026f7164ab7cab0c4af5ef89	273200	2d6ce696bcc1133334918b9100519e741fd3893a6dc2fb1c6ebbdad5af87e6af
base/assets/bin/Data/91774e1119c4aa44c8adcd1d96f2adaf	10596	9afe11278bb2491b893cf56d46e175cb1865469a418149cfb855746f2010bf3c
base/assets/bin/Data/918c5be30d735ce419f9f71ef5ffbf82	15784	7165fc65a04416864e056a96c7b6ecf022fac64abc73e97ffac1ad3f95ab302f
base/assets/bin/Data/91ae082501f54f14fa7215c6bb1ac69e	8228	01281ce252d902c1d958901d6d8f56d8bdaf8264984deec08787c70ba5e28242
base/assets/bin/Data/91d318836f2564c5b9596dd51379f1ce	7944	b8decdb598da806b85f819a7743ee7950ea97a4afe3f9ca50d432e4f2bfaf79c
base/assets/bin/Data/91dc80b9a91c0f343acd9769acf32f70	7184	9f5ac534569f25010d14a75bdb9c855011c08185ba96ce6a0f362734ae334a75
base/assets/bin/Data/92108f2056c758247bdf92de69d4bc47	8204	49f0dac8f56c0ba1859bc98cc83b1ba7c291837d91d390e94e1b4c6769192239
base/assets/bin/Data/926b74e5d21a5544a822d690ca5008f2	2396	c60bc7395a55c5789d8698d1dd6a6c5202f0efc2ad9066a66433957e1b0116b5
base/assets/bin/Data/9288e0003a4bc0c4b942326864766bd9	67380	6e9b3538f3dca72f2e5ed02cf049d2edca5f28edfe78d6a9e40da0a6fd56154a
base/assets/bin/Data/9291440841008d94181f2985dab77639	61856	2fbda26a11f7f4ec8cc479c6dbd3cb7c66bc2d3146b5dd6368a364947548c0d3
base/assets/bin/Data/92a90cff2bb3ca048ad7c8ad6a4115b6	2828	2c732bb56aa16976dc8474b10eae2fb8eab6d9086f6cec48d3fc55896f6a577d
base/assets/bin/Data/92d39ae458bc29746911c188cff134d9	7944	d31d140ab5ab18997c24649500564663037d1dc0e1a167c3dc5c90c7d2548df5
base/assets/bin/Data/92e797c0ccb2e4b42866379f266375de	8816	b82f2293c5671799b84f707ed274f859056c27c82d79142cbad840d9ebb4b9b0
base/assets/bin/Data/92f1eb7cf59ee40c3b57f6aace74ba5b	43556	5ed7265cd30b2efb9ea0b4acab376981264dc7cdf05941eaa80684ee7d7d4634
base/assets/bin/Data/92ff6f2d1a8899e479b33298b6b5e4bd	3528	116f2109bbba794f2024ce67fce20188f26451b6b74743cbcb79288974d28626
base/assets/bin/Data/92ffd48e774307a4da0712b4f26f6639	14032	e7b10aa0d8704b4f076ab12061154915bdc8f2a38a37bd50853539d6159e18c3
base/assets/bin/Data/9301380d741ab0f459ca2fac6093050f	1104	de8b4afb80f307fc192ffb06cbeef0b5ab0e306db3e69012affa73011076e08d
base/assets/bin/Data/93029009d87aff54c815a8cc00bb2d6a	55988	620218072a44e3737bc2f5d07a055e43befb3b3a25e705031ce28d9f318a5871
base/assets/bin/Data/93030965dcdb54448851fd1bdea4271a	21444	db0db9088bcab8df6f4c2c5107d662d35cfad0eff78cffc951be068c4648f855
base/assets/bin/Data/930e9e88dd38c5345a78e88e3c1a330c	6232	786a0fbe1cc9828f9cd0d8fc1b69bc1f432b23aea4f617bf4773092ab294087a
base/assets/bin/Data/931253d679be2c24497181320ac3e0ca	1904	11308cbcf571c17c43c82ce660eff30dd194bac46e9b35c356b2bc81ae31e046
base/assets/bin/Data/93196b653640b7e4b815111c607e991d	172116	1b82bd84bb1b14a6602d4d529d879efc37da15cb8deda67b408289860aeee950
base/assets/bin/Data/9338fd634ef0940f6996570d635ef26e	42576	01440b39f67cbca3ebba61bb50a72de36c183d8c90747f9f1af7575fce6af767
base/assets/bin/Data/93488e8556c9f06428ae8338b2238587	31072	61992fd3ffc2bc5df7526bc4bebe8854dfc026456d26ccd4cf964a804ecc2728
base/assets/bin/Data/9365849106188fc4e9821c6b09861d7d	48436	f82299f64d40e0ab6058057b745fc53098a99d7c2e3686cf07e0d6403064e363
base/assets/bin/Data/936daec3baa3f79489e2879e188297ef	28828	2d135ac4b13a4d7cce1779aabfb7e1d97aba2e1bd97240574e7783361dc5e75f
base/assets/bin/Data/938def581d306c346967389e3de0390d	6360	7180b5950a38ca1e0f93d4f1aa1274eb4207181da42df77d5a9bfea6557f8446
base/assets/bin/Data/939b3422471322945aafead356dca506	89500	632cfa48ae8c3abf17bcaac02954e370d54948cf5ac3ab4c4caf36fca074392a
base/assets/bin/Data/93add792427868c46a7c4b9dbb266ace	351584	bb6c290f486c1de9d504832c5dc6ded5e030d3f68dbbcb6367117a600c6fe390
base/assets/bin/Data/93d0f7c84e93977498f552fcf80d7308	31392	c0725aeec10041795a4736642666aa8290cc4297a54ac2e5595c775c9a04afcb
base/assets/bin/Data/93dc2caa1056244f5b85bb8e648aa259	21296	3909f87bbf3346c74e2d1a30a344c49f50dc74e3b8e87e90070aa3c96b892295
base/assets/bin/Data/93eaa96fe14e8ac44a44f3cdcf84dd42	16276	1191cb68c9103c08fcaab99347ece41022d02c33b630f82b1ec2dd563b839419
base/assets/bin/Data/93f9e5361abaac242861f28e76ff86d6	60072	aa0b2175f278489449d9fc52397aa760ccbb7a944ce0017189fce057ac74f11e
base/assets/bin/Data/9408837c6652041e98ae4251cf49ed17	7504	a49fc17de5dc5692966429b54f37d63f7b32c0dd35716eca3fd28a76ecf240bd
base/assets/bin/Data/941945b35e6ae7e4bb7bdb54e4c16a2b	2856	2cbe2fbba17692a1bcefc9edaca899befd309649c3402ab94797874c6f9b461d
base/assets/bin/Data/941ed48b60f3079409537302d2df33b6	9888	04d7b77e77a09651b30aa7b7ef24d48b694d3690a31d46d5e25616e9e8b8807f
base/assets/bin/Data/94352164ba41fdf4e8e525f6d8670e83	8100	cd2e9668c578fd4b8b12f17775f8d44430c74d16b3e03ce623885cb0d8b7158d
base/assets/bin/Data/9438e93395f97a748834c4d1d94c76cd	235712	de52140b0bfd12f4dbb4a40ad75339a88a3abbf22439a2aabe4600b4f23ea4e4
base/assets/bin/Data/9450dca12db78264e9aa5a51fbb3bbbb	7868	ed1ec5cf6887624de9180cdf0b22ba08bb7aceaa3da70680b13af062761609a6
base/assets/bin/Data/9455d24aa020a49f9adb6e8b75fea6ea	238136	6e151f5704d2e77139bf4ec0ebbc2acf3721b7f996eb097f36680ac49a636bad
base/assets/bin/Data/94562000ba5cdd7449c6902b239cca2f	5200	b688411f9a17ceb7a8dd0c99fe8b9dd5788353990e8295d1379491169ec25c70
base/assets/bin/Data/945c9a8c735f37a48b07cbb2fe5b3dfb	1068	627b0b59ffbd8b74f995019c3b5e969559154aaef4076c9ca858e2995d2226b0
base/assets/bin/Data/946095ee1e3524b46bc04795c757ba3b	1497484	89b991b064af0e4e2002163e1bd2576e4e7b4c16465c4d44488239381cec5f54
base/assets/bin/Data/9469137f4cc47be4e80137991b987557	5840	10e6cc7baa7d306724737b8adee1f0568b74fa4dde8be6f87488d579c3a010c0
base/assets/bin/Data/947390c4101e4e9459ab2d24b21e1cf3	808	83205006d84571686fad9ea8de4813eb2744217118d71459f2a4214c3714e903
base/assets/bin/Data/9488546e4476bb24d8aa87c142842985	15716	63f1870ee40abafc1d38c2bdf23c68e7b7a5c0c6bec3d68b2a5971d6ca2864bf
base/assets/bin/Data/94afea5f242d72547979595ba963f335	7748	dbdac495275eaed9f2e64d291bda13ab565956383bbb21986a039e880c4d0719
base/assets/bin/Data/94b1e7a2c8e40844a88641a6dea386ef	130076	ec4e986294d166d8ec8bf3063fc8b90bbe71602282fcc6d41dd757c46f4cc903
base/assets/bin/Data/94b7ce78131abdf4595fb1ed30181532	23752	aae5598c7012a89f73b098034af24197cd1a6f10080bb525b9b504f1baccac4b
base/assets/bin/Data/94b9c563aa9ff5a40acf19358ba84a60	340148	3936b54911657ea97fd5ca955bf05383e867691301cff81303d549b59571d0bd
base/assets/bin/Data/94d0725a071813249b2afc51ca80ad86	4248	fbb173384daae83f32d78a5bb396331902a628b092fe085cbedd69064a99b759
base/assets/bin/Data/94fa0eb628d02cb4eae83346bc11c782	5000	da78b364e6f3f3a55ad4a5f8a13c7a1b613b9aad95614311d67bc4fbbafae395
base/assets/bin/Data/95552bc59814d1447995fabaf8a7f8c7	1292	7d999d91430ff997d15592fe811d92f3935d868ca6d2d059b283aed3d0223b2b
base/assets/bin/Data/955e1d9cfbce4b447a5f28cca93f691c	5740	666dd02e103695b27f99aaad04c089630ed8693c05c60a64c595be820b127c3a
base/assets/bin/Data/956b06d02d46a4c13b08f4d4a50b8f6c	1130824	98a8032164fab366706f42eeb0da0d5e8fde2c92c16194ab38165f2e59703e69
base/assets/bin/Data/95b82112a6e8e494db1e55cdb488b104	2104	1028d63efbd382b706390cd58ab1f3eb5d1f2393337521553cecf285a0c5f850
base/assets/bin/Data/95be50859e9c4a94181aab5083ee4661	650752	ff24fdf1ff00e4ee4380e498c23cac0e0286d317469571ffc4acc07667e2520d
base/assets/bin/Data/95e066d2e9b5a7e408bc7dc5841f93e1	1616	746de82760a43e23a6d185fb34bc3bdfbbbef9658d40eb7a6e642f12cd6ec951
base/assets/bin/Data/95e976e259c5d49b2a7a032f6fd527e1	3256	719d36c85ad626fb5b8bac3916ccf2cf3b28737d50eaa54d4b043e7e53cfb082
base/assets/bin/Data/95e9c07051619374bb1196dad73e8cbd	18944	6bebcfe010789f0e7bd40157e377cd9acd547bca11ab567f446f26f202d0714e
base/assets/bin/Data/960a82ac74a07b04ca5123e6a20f240c	12296	2cbdb5f0eef832ad3e96fadb100f4a35fe1ad6858209d4db0e98f07a8b8e8c1b
base/assets/bin/Data/9614f15bf50e64d42acb6548a6ba1052	10292	a1f075eb7ff97cdda1159d9a028b39f0f3d6a7d46163cf80e9341f5ef6995786
base/assets/bin/Data/9622e0610d2524641bbe5a199f0562af	5384	6e5ce49d37ea7d7147428dadf22c28fd6f8b66b958d7bf44635b9047c273d612
base/assets/bin/Data/962ed0cbf739357498e8adf567391f17	399436	bb28994d6ceea61e694e2f39fe60b8962b97511159a2370eae24afed2985f053
base/assets/bin/Data/9635c866e5743b348ad1429692776734	6508	1a06eef36afbdb81075618539b5ffe5f13676794f25aec6a506d702c5006b8a5
base/assets/bin/Data/96464aaa7eaa37740b38ada05671a6d4	47200	4d533be7b05b0427ddb89cd1c48de63e5f6f17a524dbc3caf40677774d826e9a
base/assets/bin/Data/9656bf9ad89bcd44a97ca56c9d8f6d08	11552	a03833fa51df543c98efaa532e101cdacc6301a21fba640804a7af258e9485f6
base/assets/bin/Data/96584b9130e85bc47806dd11d85e457b	11488	cce45a4c41df6849aefa2d8df1edbb56737b7187602fefb0e8a86b812ff5abcc
base/assets/bin/Data/966fab980820549429d5f7b0be4d6e36	12192	fd059f7ddf4320b91248beeb6254ad107c95d7d0e70f8e5231c3b0564d0b2a8b
base/assets/bin/Data/966fbb325f1fe1f4ba625085bb14cf9f	4680	80d7f614e4f5090c3cacfb912c22b7513bece35efafb3f4be25b7b40dab4f79e
base/assets/bin/Data/967acc5f6b933ff44a48b0eec5de54b3	25128	6e4c33e595388826500093ffa418dbb79d22721ddc88eba25e01c94e378e5c81
base/assets/bin/Data/9680eacd0077ec249b284c693d3e1e74	5264	1f115df10e8b167f13103588cd0bd377e6a768764a8f33ace4b8a9ec090e3e6f
base/assets/bin/Data/969046f1dc9bc964ba36465e95555f3b	199104	df2f523dfac7f9ccfbacd517590b15989e6923a97881577d63b041e42f0bc894
base/assets/bin/Data/96965a016ebe81c4bad99ada0a3751e6	379872	e99e2eddb795e64c3de662fd470570e1c4a42b8d05faf610cb0103d5fc96d0e8
base/assets/bin/Data/969703e2d356e7c46b7a282ac45f0ed9	2516	ce37107da146451508a47c6a97db2e40c6d573fd452216d1c9bef999c545c8a6
base/assets/bin/Data/969d667ec2010f8468632e98ea3c1145	6024	a714a3d6e0998e09977ac8dfef27c76c042156c12221f87aaae870e1bfce0787
base/assets/bin/Data/969f2f54faa713f4ba62204232827316	7848	5cd574609e6361d983b950d26b769fd21ee7699605850b38b0a07dac2f15d381
base/assets/bin/Data/96b92270c495a4d96968c2bdccef8e3e	15848	e40f348afde732d9ca7ffadad047e03c8cf50a13bfd657f92d9871cfd2c93166
base/assets/bin/Data/96bc918040f90f347943354a06293f58	6612	4a9d5f62512c74124a2d66316dc47e8d45989e882147be66e1ce9c67692a121e
base/assets/bin/Data/96beab7d910da46f788196873f3e7a06	32888	d4598db2a4145c9cce656c6dd1d6d5daa49320cbb8054e6ebf7f81c36de3b6f8
base/assets/bin/Data/96d1b8dbd53274343b0dc0d485992eb7	3120	6a13f00ac5a4730b7133f05be4b2b3d6fb2d559852d9861a0a51095cd65db6c7
base/assets/bin/Data/9703673200d5a714484cc930662d8608	4088	fd8f9634a41b4c66d0bd3e3a829220aa4600a8875dcd6658292382eac361ff27
base/assets/bin/Data/97143cc40f47a5248b8b21fbc1e2c969	5288	ff8188ba5ea5df7710f165e13e86e5bb72fa8b5fafb0fb61d0f469db66f59c6d
base/assets/bin/Data/9733db49caee1e04c9eb9ed821320813	39556	0a490ab558257691486b46a4a6a7475afc5c18d5418ebba940afd1681380f08d
base/assets/bin/Data/97478a783dae5414791ba1ece2093669	69120	a9645fbff88cd36b9f48d494d6d89bb03571f88395a77693b4c2fa118c4f413f
base/assets/bin/Data/976c8ac549e1beb4baba4cfb39ea1828	14092	860082f99ba44ec0450d2f0a8438bbd56fd5e4337c235794186615c2f721c57c
base/assets/bin/Data/9771f55968b7e9348b66343dd8b99af3	6808	ff858e1143e59a04d4f511d7f8be8b27c45524454827b93e5aa81d61dc65f893
base/assets/bin/Data/9776ebf8e79344a4a837e71389ce4cf3	31036	9d8882b665bdc4d4ee9eaa0665b50571b6e3c905b0f40925e6d7fd3830a509ee
base/assets/bin/Data/9792fd618a739ef4d8c8dc8d8676ef72	1220	a5e4dec859a05721a4d61279e8320f98626e09c12ed7d76f0b94f06ac4e4bce5
base/assets/bin/Data/97ac21d8212a79d40a79cad2eab8f00b	199648	82b0aa7bcd7a84c1a980a2b177fe6b15574b8595e1ec54aea12d5efeb1a75c63
base/assets/bin/Data/97b6249f1c222694fa253a55ae620df1	10496	cccb069abfc9a82f92970f0074552732e0730ef92bfb2224f78840a1ad68532b
base/assets/bin/Data/97b89ceef0f378a4eb720eb2e186c715	53088	06a2f1005d22270a9bb16c13163921fed577a1380e3dcdb99c874c68ea7e4979
base/assets/bin/Data/97d5f52f7d615514bb7ce296ff70f788	55436	b39500b81332ff3830b66b796793ea48cc8cff5679c018067136b35135a9eba3
base/assets/bin/Data/980b55ae2ab4aff4dac20f424b6dbfd4	55016	b61a4a346f683cb982a554673324cbba0879119747bdb4eda3db6d29568aaca2
base/assets/bin/Data/98472ed4471d78141ab1534a86803e28	15636	28be63c7895250dc6d10dbd7bc291d8896b993c5e89ed15986be4d7f7ed47954
base/assets/bin/Data/984a4cded2d969944a043927e11de242	13672	8afa15fc6855d81012937a83012b1009ff6d15f76f773bda47b5c829ead1aa1d
base/assets/bin/Data/9863a0d63d3202d4a85d6421ff804e7d	93496	c3db482958e60c30aa26a2130124aed0d896d07c17cd0980615d7283ecf50f4e
base/assets/bin/Data/988db55689193434fb0b3b89538f978f	3704	7e37fdf28f2deb44c2390d55feec360f06aadcb3f88264c9d823fefd7bc08bd7
base/assets/bin/Data/9890424bea82a024fa2ca1ddad293897	10560	95da0cb2bc230cd67be6140be7cbef002ba70227158c7dfbfc4a51ea659b0b2e
base/assets/bin/Data/98959cf5c0678d84e8127801b91cc61d	2984	c3fbfc0b66d309c0da9db2625e1c116dfbfb53efed1f9802772d70ae93c5caae
base/assets/bin/Data/98ae7a8f67d567b41ac4f78415ea1efc	10476	c50e89058493648c8b5f7d0d734ff4b3c054c426b114571c18b2f62485dc9449
base/assets/bin/Data/98b2b2404044b2046a9fd69f4e19e287	56908	73ee385a775bc62605f6bc80deafff72d02a2a172b41e8195100f7ff8487926e
base/assets/bin/Data/98d87806762ffad4c92ae0ff0da6926e	6480	9cf0de38d8e0f3b54d4a81d6844d9b9edc400be006b91a98abee190a8a8bb45d
base/assets/bin/Data/98d8de94f13f148ee89a3dcb0aa7ef76	884	e48a9e9e666dbc9ca50b2d6dba79ce5958d59b3bfb6e28edb738b0580b8c6ead
base/assets/bin/Data/99126f920b6f8e74a8bd75bc25fee489	68532	fb166e933a153fa41ea9fabd84aa8d3f1a671bf7f3388526b929579e645b7896
base/assets/bin/Data/991d0d64c7f33cc4b9070ade512928b1	5536	79cbe398b78d9646ae7254ee836932f8bbf9fbe31387e152cac88fa63e833f35
base/assets/bin/Data/993d15fd94d95124eab6f38f188731e5	4536	b650f500bcbe73028f7a6357c140a55b1334b8d359025d039fb7928692b16a8d
base/assets/bin/Data/9946f14a356ee714ea5fe3e25155e01a	412	c89dcedcc1ed4edf2360ed7927ef3789e2eb90f78bfa9c3b6da2fd4b9f2979de
base/assets/bin/Data/9976d9f85418b2c4685048ef16fb1302	25008	e99690ad0d4f895fbf59914c0e6a743e17242ffc652566950b2fd7c8e0db5536
base/assets/bin/Data/997b5ae75c19b21478fdd1bbb170930b	5064	19ab0497d5c732d8f7ab1a9daadb434a158d9605153e28303b752c922d19463d
base/assets/bin/Data/997da10ffad2b2f46885fea827e0f3ce	6552	3ae27145b805bbc956821e06e49dae46e88b0c0743b06f0e788ab2f3e466c5ae
base/assets/bin/Data/99800411bc3aee44483254f12ecd34e5	78604	10c754912cd30cf6d804250190082c2e584be074b9a1a56ebde119db0a163dd3
base/assets/bin/Data/9987a843ef3ec45438938ae0f6009b24	7816	037be4c1d5c479ab3aa6dba69e79be5078cf48dca193647a9eb012140b15fa31
base/assets/bin/Data/99928707beb23eb4f925b2f9ed3e68f0	2480	2aa5f309c80b2935fa0c75762812b68006269c675c0372f8d037aecd5fde0ae5
base/assets/bin/Data/999e6fb97c34da34babfd9d1596fffa3	12028	642d17f6003fd2efb4d0baf556147e457cab4edec1a5e6205406c2fc6ceac494
base/assets/bin/Data/99d43f2ec97e719498625c02b12fa71c	1576	d482d973c4611e617878bdd16905dc6753fea58b3e25bfd762415d385d9c1b24
base/assets/bin/Data/99d533b6d43af604cb0b71f930ebf1ca	2844	efbc663aa70716bb9390c4d9e2ae4599229c516ef13f6ffba9e611025b623312
base/assets/bin/Data/99d7084ede0de4fceb6c7beb50ba6e3a	3712	73eea671995b88cc1b907ea9bef67dce9c814b05656923f51c755c140cb5962d
base/assets/bin/Data/99e6afc7f57d9794b8255454bcf5b275	65940	4db671c4bac920b05cbd62e60f9af8d128c2e02964d1326b872fb9aad5b169b1
base/assets/bin/Data/99fbd5af39d644e779502e8ffdf0a0f0	3900	f6f727bda5cdff206d566ae65cffa9a8a94da7c263ae1713075b4d3f2ecd1493
base/assets/bin/Data/9a0ae933a38455540958bef887cab1a9	472	fb6db936653f7a0329f469faef27aa229d9959e369181df2085cd5de66e594d0
base/assets/bin/Data/9a0cc4321e2f8c14388993d8ed448b65	4344	18eff011cf1ced1b692beeca60080f9ea8f9dfe5c9f9dae89523e8c40f707115
base/assets/bin/Data/9a1599acbf32b0e468dcb0c2d623a22e	71356	895cc0a0ddcaa5f59b2a89afbc620bf08b811ff7cabb326985caf618f48280af
base/assets/bin/Data/9a37feb5c8c2a88429f6acaac3dcde56	8648	969c73251aa1fbbc99434c9348364bba4678104fa01dbd0696998bd40da8886d
base/assets/bin/Data/9a4b1cf363e5c9b4aa62879e025ba5aa	20756	4481c8fe6e5c69a43d6acb924ffa05eb87571b256458ba7d803859a1f9bbedf5
base/assets/bin/Data/9a4b54e55f987e84e8659c8622f5af1a	6500	3b3445a4b666c152b34297ebaa4439ab586f162eb5ba7ec5f30ec02a577b58be
base/assets/bin/Data/9a5f28af6d4f57d4e8f443bda068ba4d	7908	d41fdf44f439dcf1b0c698c42dc8ccb99f364ed54a66bf5ef7cb21d45de5d064
base/assets/bin/Data/9a8e9e90035269543b3d2987c8adaf41	168728	f048dfcca967c721b95781edd8c6f1540b11f7362812581ee84d8880d38db6e0
base/assets/bin/Data/9acac5ac0204441b8af4dba0cd1f7dc3	73808	e7114008875234e4d89d69264189ad3d818c7e6aae67fce76fa66be27514b018
base/assets/bin/Data/9acf8f685ec9841da8483a8d69e205ac	6104	296627189130cef8e1189c0457fcc5f79c9f68dda4d7a0e70064a3d0707723ba
base/assets/bin/Data/9ae97942d0d72a749a005f324f08e4e0	3472	8723a74c1b9f6fa4891aafd9e9723f4b050a9dcb7f37fb386bcba45561242681
base/assets/bin/Data/9b422456134c0b5478806e2c51123c96	736	a37be96f84f927f3690a0a74062a15afb092aafae49694e1f541c78ea041f958
base/assets/bin/Data/9b5755d0c740946b59acb376ec39d3aa	767260	b38b2b625493482443c41ab718a065b59437a4d3300dbf3db1ca4b07781c3981
base/assets/bin/Data/9b8a07833c287c547838c9538652eecd	1584	357c8734d668fadbd86dd3fb74d2d6f0781ca36bad54fedd862c42c74c1005ae
base/assets/bin/Data/9b94c52604441354ba91e7d046866dd8	363448	955c5241c14b5e433fbfbafa2e04db0e256c0bd8a976997ffbdf415c72d70aee
base/assets/bin/Data/9b9df3f17851b5b499fcac6d8ad7a446	21132	70ebd8b27a722dbc0f9e217347238e92e47699ee29e6b61a1468255cf6d2a4c4
base/assets/bin/Data/9bac25965381734489388bc9b6636bae	16932	ed65e184f5100ba6fa003ada875fa4d99d9d9bb3e84a1e9b3c30282fdacbba03
base/assets/bin/Data/9bd6261b7b8767f43badba426cbfb626	5544	47d339eed359fee838945514406647038b6b32a81a2264b35032577ca31155c6
base/assets/bin/Data/9bda2cf438900bf4bb7e4e46c3259e72	6044	67fdf0d23df77f636796035b439244dc015a56939b58ac1dbbdc90f89d550add
base/assets/bin/Data/9be5be14bc1084a92913683472c91784	11200	d1c0d54346ad4f164b5b2b6e836331414a9ff178f671dbac48143454fe04fa63
base/assets/bin/Data/9bed976a265854ab0bf7637b216fd5eb	22592	58220b9747b6b3c85c00cd6fe1f2c506d0a72c52eb4d97e5609c10d9e46ab8cb
base/assets/bin/Data/9c11768539da406489f3948b4ff72f03	4668	51b68ed9dab3494f6b2baf4dd0cacfa6d4d7e358a0e954c422d90ec361051d88
base/assets/bin/Data/9c11951d3f0811c4e8e0ec2d9c607e1b	78232	78381bf57e8394f150a68d8ec822d16143fbc2787b651584c3a40878efe3e598
base/assets/bin/Data/9c25d2ef9231cd649955c2a016e6a28f	11176	68ab3556d3102e6f464bba178bf8e8e11e534b1144cc47f671bf6014602ba8f9
base/assets/bin/Data/9c312a2ec0e3ca3438627cd7e85b3652	5360	e2ba34b71778074df5ceeaa8afb8a02af41c2cf94b2d2aafc67d1242df1ba3da
base/assets/bin/Data/9c494303d0aa8e74d8c1e6293eb73db9	736	61e16734a8629b204e44139e3b8a58caabfda00c915b72ccab809de58c118791
base/assets/bin/Data/9c4e078d792c5fb4f9a99069fddb90d7	8096	c727cfd6e1749c9bbdac31b91ee4d4b2f81d357fca297c61bfc7e4dbf2d7e238
base/assets/bin/Data/9c5add4641d73674b90dbb7b0b2e3487	5576	7339a4a33b16c2afb8d64fef3799346b8757a3b45234799b376bc824589dcdb2
base/assets/bin/Data/9c6cc3aa35dc97f4283a205264a35f26	2608	497d1dfed1338c99482542fc6ac7e01feb8abe089934db9595903c24cdd1b9dd
base/assets/bin/Data/9cac4864a379326418b069890b16a1a1	12288	a8484f074a97a0f0704e4ddfdf478b5f7bd08520e4869fc01bdf113102739f8b
base/assets/bin/Data/9cb87200d1910e0479724b40f0af9943	12208	58dea855efcc53ef45bc4bcf8090cf9325ce1e86e598be139870e7276da950b9
base/assets/bin/Data/9cc909be21b76a8498698de9af962725	5008	90ee66e6ac39a0cf648f124fd4571d7aac42d2249dd40460c29eee391fc70ab7
base/assets/bin/Data/9ccbf4648383ae8449d5269201de7603	36668	a4e1bf75bb95cf6029e3f3bea46d061fafc4731182f2f6043b6e545beef3e8d5
base/assets/bin/Data/9cd9a58702f6f5d4792f98d02e8cabe3	9664	49775d88f9fdce856f85531cbebcfe91455aac2416f60cc82ba9d024ca84ea0b
base/assets/bin/Data/9d0eeaa45e73a1048a8ef777e3b54f15	22004	1abd9e2a4b074f62cab9b4d26c01db4f29eee5743d162978b7815cfea491d45f
base/assets/bin/Data/9d106e140dc0b884ba5d8a8c22d06527	4392	c39d75ecdfdefb2966a45ee345c84b9b38f5f67076be4380a0b23f1e849247ce
base/assets/bin/Data/9d11e5b4a3c63dc49832a6006121785a	1812	e8efcee0485004ac950e71d0918531162bd0b3508bf91b62e1d6ec37f56c435f
base/assets/bin/Data/9d53afc892eb240bea1aef95e1ec7395	153668	b79de3804960f03bf613185d99fbbc5040187b7e17ff760e6efb18bc6d7c0606
base/assets/bin/Data/9d717c9b2181ad344a93716ea42210b6	46700	26f7db9301380ce0330c56322a7d75eebfd01ca319b25806a32502e6a9cbbf8a
base/assets/bin/Data/9d86aad625182e243a78f37e1108e4c4	15464	67bc577c35e603d45627cf19b38cc4e5418f6fbc6c3ac28f20049afb44485aed
base/assets/bin/Data/9d9f39f8c9582c849be71fd5214e47c5	44256	61215050fedcb6bcb826a61c0d41826b4415a964f487898d15235947721378b0
base/assets/bin/Data/9da0aa7541bcde5409a1c098cff2cfb0	2392	8f205760ee2d71c2aa778b33d3646356f100f665ed187acd8c02d11c978bacca
base/assets/bin/Data/9da4a097801fe7f4998078713cee6e2c	48408	6e6a9c28aa419c752bb99a9317313f8839ed985bf1df3ce4350bdb663f48410d
base/assets/bin/Data/9dc22474003e8ec4f9544e7f75be2263	131936	36379f5a3c2018e7278bb6e26844f2ba01b6413fb81a377dd4c498dd151b5e64
base/assets/bin/Data/9dc3e5c2c3f89b14f823ad335213631f	11312	39db6ca0f1acbbea0a2fcc199731d4dd4c058893e253e9f9d816497b04dc74a9
base/assets/bin/Data/9dc569787b63fc5408be465796b68956	5876	3245a81b885f332ede88e8a711eb4cb080b672020490f2064dd9b1bec01ce94b
base/assets/bin/Data/9df37c3872f609f47b3f3adc4ce41ec0	378636	edbc97c794c0b79e51a0021c9680c1da317e758bc2c72b01a6de837b6a380ada
base/assets/bin/Data/9df5c4c2d898bb04faf982f3c12dac61	4440	d9cadfe894bc746dd44e8621ad2e4f1dce6eed4358237ae10baeef957b8f396c
base/assets/bin/Data/9dfc7c5595a3d964cbed986670552baf	1912	0ea6c6e6f9f2363bff32cc35afdd8dd0f070f8f49dcb1ec93c66b894e5cbf9ad
base/assets/bin/Data/9e089dac4da1a4c45866ac7a31f63ca3	238148	6a67386e909ae66f48712d453963ee7833a5800026045c2cc8719b7ff7397a51
base/assets/bin/Data/9e09249ab980f424fb85ae73ff0b5dec	4908	d1484c7b140649a3f7815f2025d8bf5297c58d3fddef240b91e66f4e9f8de821
base/assets/bin/Data/9e1654c2f8a07cc41a4bf417e4baab2a	8664	301e4fe600a6129845dbd18a7b9cf0f5e8a7c8003030ff1bb1a1ee53807ca377
base/assets/bin/Data/9e16571dc14318041bf73ea82057ab0c	4976	3b6d3a6c27ff241d13302e4008d1ed72284b1f41695ebf6cf29b3eb9a0f48335
base/assets/bin/Data/9e3ed6f2354f0c44dabc4146b23c8c98	15664	cb8a9d38d2728dc665bee34860b8eba2ea68a95f3718a238d3f0cc0896d4bfbf
base/assets/bin/Data/9e52c82b0d85b224289932490f86f70b	2928	b91ccf450d68e6e03d11144dccfa1ec2bf06232831dfd4abe2d7ff3afa5c5b4b
base/assets/bin/Data/9e6d32938fc6c3b43a8d402483d61522	1140	5c798abffa1ac74d84629bfa62f628cc952fe548b6ce9928cc87db75d636401b
base/assets/bin/Data/9e710916dfdc65c44b170efeedfe7c80	32792	e448ec6dab9fb8860dbe3f1aa317acd95685d1b67f1af3f621ae5460ae7f16fb
base/assets/bin/Data/9e9f97bd244d8a84db577a9e7cc6c8c7	11744	d4154854dd11e107b6087e0bd95158897fd4509c4da3fe62bbd4d83e15d800e6
base/assets/bin/Data/9ec74479259b74a4abc20023d05e570c	6292	7b3b869d1249baabb0f49081a3c42abc22782ccccfc656b78a1034620dcc8fb9
base/assets/bin/Data/9ecaa028462bb724a838c3719f12b92b	19208	c115f1efac5df400e34761acd306a08d802139621df526068dc865e5d315659a
base/assets/bin/Data/9ed4012e11f269a48b9d0d74e9c5638f	18756	c983f622f1790147f50702c66d0290ab2f99fa838f4c67ae93119c062e6526fd
base/assets/bin/Data/9efffe6e8bc883b45ac05cfa3988220a	6736	8b188b2436d76f009a23e4f4851643a2b52e784cf1e2befd4dd702dcaff02cfd
base/assets/bin/Data/9f0546d1a14ab4a6fb4595e8acad52e7	35060	01cbf2b62a6a372e56c3797535a4dd3a6e545afe2d14b43d279604c53dc4f277
base/assets/bin/Data/9f102d75ce160554fb52e4a1a5d9f2f4	1696	c2461ca6f12a2329546e6644ebe0d04b038f73413c66e6bd93778141d71f5043
base/assets/bin/Data/9f1b81e2928c9a441af392b7d73c2eb2	209708	97aea7915ce803418d2a33f84bedd045abbdb84faf32f0465921577e3169a4f6
base/assets/bin/Data/9f1e2b96d21e50a44ab6ca96be3ef1ea	9664	06238e6d84ffa00bca58a87c861807c20439de91017bedee76df27c705fde4ec
base/assets/bin/Data/9f40391ebbaf2824689e7d4ac7de1166	11364	1fdb55a8640d61c77c2e8a502c76a0a8a07e5a6f0d06f3795e8550e9cfe9bfee
base/assets/bin/Data/9f5e8487d53e24a4f81dea747b8a9e65	46720	133675b532e37d76db96542d9dfb39e1c260caa32cc5f57b626ccb9b2915f01f
base/assets/bin/Data/9f877be91d3ed514f826ad5d5a2ca444	2120	dd84abe3925813e915e6e99427a39be4cd68179281929646152d2c7ddd320814
base/assets/bin/Data/9f8d43a0e60dd8449b5c68bbe6d5210d	18332	dd0781675d514462bea6b8eaaf584c54f9480f00b3352ae7b09c4b9e91ff08ed
base/assets/bin/Data/9f9236ce44126994382a2bfdede7f1eb	52848	075d331fe6984a115130acc876f24ca027ce86bdd73fd66b51d2aab1820a16a1
base/assets/bin/Data/9fa12303b2f197c4f836d75e3c7ce574	30660	c78c020e7f306fd444921db29f5fda62cc84f7a6a05602a40357310ea2f781df
base/assets/bin/Data/9fada37e3fa044134b919ec82a7fd87e	132980	9b40430f4d5561a80dabb00f6ff1086c1637c8943e38254c025844aaa3ce26fd
base/assets/bin/Data/9fb3a1a0d01475f4fbd1a2ade61d0812	1352	5bd410422915bf912e6c83a295ec3c8a19d38bd3ed2b5e2868d58d5789c39b6b
base/assets/bin/Data/9fbcbba997afb27408850ec421b1146b	6888	e602a83c66b03433e10a75960d79f5582979f05e2db925c5460ee86bab6fc800
base/assets/bin/Data/9fe569563ad240742957ae674c871d51	4444	8406f938a4f6c68ddbc407626bd631d3013cdc1f71eff76ebe17b3741eb414fe
base/assets/bin/Data/9ff96bcd43eab814c8be37a2c8353af6	20844	ca17c11a09516dc86474fa530ddfecb1cc5330d0f130bb795902c21b8edaf026
base/assets/bin/Data/Managed/Resources/AWSSDK.Core.dll-resources.dat	1133854	d0966ff1e8401d4bcfa089df1263fee0197d5ce12610e72445be36d3861cf57d
base/assets/bin/Data/Managed/Resources/System.Data.dll-resources.dat	93718	98a7950ec6de3242c2e190dfa630188dfa32511a125542b94baa952d1c757d49
base/assets/bin/Data/Managed/Resources/mscorlib.dll-resources.dat	337563	c5baa176a5b72cd545266340e42102d393a5e43d38c95796bc828918bb95277f
base/assets/bin/Data/Resources/unity_builtin_extra	396552	65b1316ceaf4e9b32183d7d332bcd8a1287ac65841475d30baaaffec6c49d8f0
base/assets/bin/Data/RuntimeInitializeOnLoads.json	2783	d43cd3b67552ecd3b32a9ce8b863b06ee8b4a81098220ff54c798efa95e23387
base/assets/bin/Data/ScriptingAssemblies.json	5148	14c6d653862b0433462a6857961b5e134511589edc4e813a1f1f02834a80044b
base/assets/bin/Data/a000c25c59da7ba4e98023b3b752a28f	57672	093f238494a1cd0003f2e3fd763b7e74edf31598951b4a01e29a9ad12b4efbb5
base/assets/bin/Data/a011d140b1470fc42929c36ecb0bfa22	2540	bfc6fd0859ecca42f8722529f9fa27f18187b23fd2ee70ce5f0778bc02afa158
base/assets/bin/Data/a02a7d8c237544f1962732b55a9aebf1	9104	7057e453cc62660e80e2fa8eb3c4fa3fbf7d29cd77433b943fa6422aaccfc79a
base/assets/bin/Data/a02c19396bcb74b45ae280304e6603ec	222268	6b07351caff1a9db3cde0bd5cfcdbb6f75f375e48bde43b7254e2a228646f746
base/assets/bin/Data/a040597d7bd20714f912543ba95e72d9	3272	8692718d71c3020b924d80b141d764dcbaf27b8428efd4d767fd1387e98e982e
base/assets/bin/Data/a052789de4f6c4575912db97069f077f	2700	4225482832552f3168c4084a9dfc59794624c7549449bb47185e6a4a0b788b0b
base/assets/bin/Data/a06df5b8eba7d2046b53e2eb10810943	1008	29ab03d37f9b1cba57331a515e82335cfdb6aaf21360058da1a868a1a17ca1c5
base/assets/bin/Data/a081c7cfcff589844ac508a2c2b557d9	12144	8b11e173752879c0cb381c5302a4a0ee6641e80ea947aede1db79e79398225af
base/assets/bin/Data/a0849c9e7e8d776419c3f7615903c018	11340	a38d83bd5c0b2661e6351eec53ad3ad1eaf3ae33308566460b9d2dff3974d5dc
base/assets/bin/Data/a08cd16f06f56884386f34fe6ecd34f2	20420	223cdf8027cb347859e3efcf8f6d2f87baee06bdda60a26d34f06e2c1d4d8dfd
base/assets/bin/Data/a09d51e23eca8e94690e41d1b689509d	13368	fabd5c136e341c8569c9821562c47d88bc8604761e9cffa01c89059b850e7f97
base/assets/bin/Data/a0a59217c8d61fd49957f848b62fbf88	6152	d944bc884e5095c59a90fe41561a6e600233b5ff8f5952a607ab4a4cf242d82a
base/assets/bin/Data/a0ad022212586174fbc7d7ac7bb2bbdd	18292	55f7c1a8f49184eb215368446203219aa7f732fa4d9c6bc82134114f3e0bf001
base/assets/bin/Data/a0dc73a3b85a0a3468a8c0cb6229abd8	10528	27942ac9d46d20c4aa83f770abfdb21e21823524c8be705c02aa86476d891403
base/assets/bin/Data/a0e96656ab7e2ba429d70927108a581d	21184	a6368b22596bc49d1242f751f5de6a4882f9bb497a3d7ae186fd93e9c3dd5826
base/assets/bin/Data/a100a11fe2dc45c4dae2daf85780ba49	5104	390347c7dc2a849dafa55f624b77dec3df192abc20ac5275c06df6b3aee20a50
base/assets/bin/Data/a102e3f6a627f4b3eaf416b1266c297f	491144	a19424a7ad4e7ecbe39febc3a8a443d43c4bd7a4750520364f8cb5cc77743840
base/assets/bin/Data/a104c70130954df45b1fe458c419be47	39324	700e8bda627f22dc0d1869a9f513419f2d8648333e36d520202cfa92a1846a19
base/assets/bin/Data/a1610ac0156059245823586afb31a6a7	3032	48f786ce668fc4ff3e4e31fb836ee2a1de82c58ee63b5638fb13ed70032cb163
base/assets/bin/Data/a16a236598604854b8fa40524cdc2432	22540	b0b8a1e7c86670337d4d785f581c649a6bc4281bf289ffce91d8f8b6a33fa00c
base/assets/bin/Data/a172457417cce9e4695c4da8246f4282	12336	cfc1eddf94597a171723ec5f071d8051fb862ecc2f993539fbeb228ae2403183
base/assets/bin/Data/a1918fbc10ea30a4cb9d8f99a1d7c0c6	37464	7058684f5465471d51b39f64510b6d5e1bab46daade75f9df4c17a806c6e8e21
base/assets/bin/Data/a1a1bfc86b1e85f4bb295bdf1c7cd984	6688	b5c7e76d8519e608aba4636f8b2526fb6314539367d9efdd5d3d23d263a9278a
base/assets/bin/Data/a1d217784be8fed4caae76c0b4f8991d	33808	c85e08bff7e470af7b1fb26fba4ba3d9e81ddb3b579263f92b292af7ff75b4c9
base/assets/bin/Data/a20d99260bd3c214a8543a3391c89fa7	836	f146be6a596331333733403093c0e5d7b2d8931beb86f500c3f833f3ab755dc5
base/assets/bin/Data/a2148203dd960814ca5db0c293ceda35	1600	b9c8cde84531ebf2bfcae92bb263e4edda8fb3bc206771028586248f3f1dd5fc
base/assets/bin/Data/a21cea1423ca6ab43abf9157d0e544e5	5476	abacccffac9d90247e633f080aae70a07ebbfbf15dc5c4debe1fb4dea9bbdb11
base/assets/bin/Data/a23993c9f34690f46919a21d9044e0f5	3608	75c41d740cf22af9d2f09183e59e9691775250ceac7c9d0b2997212b03819758
base/assets/bin/Data/a2793f529f60c9b4aa87dbd3dd90db41	35072	5ddaa4585b3e4165c1f8fc51940c592b16c1fd5dc6760582aefad559a04faf45
base/assets/bin/Data/a27d0773c8e22614e88a46960626e3d5	12336	31de11239944fac75cdf710bbc7c3fab9ca46308f211cc135482270484d6519c
base/assets/bin/Data/a27ebea759039d547ac2a41ba0dd6e2f	63792	7bffa58df3d955d82204685f59c26c42693b68a68bbad956450d6617da9715f1
base/assets/bin/Data/a28cde30ebaaaf648ae01a19b4569f33	14024	507691bf740046a265b48f614abb7dcaea5305c8238eafe31b2914ef8ba02046
base/assets/bin/Data/a29667ca761cbe34981bd750157ccc8e	768	ce88274f81c450c2f70f1e25785f9a02216914fe46ba6386b4c1ef390a4151e8
base/assets/bin/Data/a29737f9bcf674c45bdb73008b990ed7	1458884	6cf0afb1d45409789711efc9fdaa07400a4ee73dbde763088a0798263db30143
base/assets/bin/Data/a29c79f6a8474c046adc6963489a254b	3696	2ffb8d1105a354f9c359d0b6d18ed972adda94cdbc51d7e735983f90e43ebf20
base/assets/bin/Data/a2b27bb78893c4b79b9f819db781c311	5748	dfb4c8a4aef23440dacae045efbb9e341576cbbe26c36bbb47da47af67d8896d
base/assets/bin/Data/a2b6a7ceef5b96340b587be281b8c1cb	2828	965e186e507d5ce22c372bb03371f6b2c1b07bfe00bb594cc454e75f650559e7
base/assets/bin/Data/a2cb1a8b09196684f853133a2b87150e	2428	0582a69d1f66aba9388e4e0c3bf6c60f5e38aed758734a20c6ce3dda746aae39
base/assets/bin/Data/a2e079f6c47dc40418c0d156f4807a1e	10672	7c8fc985b0cd06a78c9950c9944db071ffbf7ec4ee61291d788479f06dd96c4c
base/assets/bin/Data/a2e1b629fc9f1774b8a4f579df27acfe	12132	4f979c0cf7b28a37d3cb58e570a02a53d2a5e73e91e7c9da1da9c77fe667c0a9
base/assets/bin/Data/a2e4c8be4c9e89b4ebdef21dc1f49f09	1016	4152a8a613d09e716521bec7d2e695bc08003473ef920b4c2c621baa662c26e0
base/assets/bin/Data/a2f8b9e33921c7240ba4571190071f9d	7476	866b20bf7a9a5d85fb2fc61e340c8898daf09d643569e9f3da4db88056f4e96e
base/assets/bin/Data/a304d47c24d6ec343888318b027209e7	48620	1bd6741f291364d771910abf3b6b6eb9b091634118165182ec1a293aba1fab62
base/assets/bin/Data/a3204768bd8815e4090f0fec61bc2f01	34980	78c6189ae8bb4a4eed66fe1d61b5ce7c6e7a4f945897345643fe24cfcac26a1b
base/assets/bin/Data/a324b55607dfcfc42a7242b93179da7c	20444	19391576928713e1fe987d568aeffeae102188cbe404dd00986fe45626a4587a
base/assets/bin/Data/a3309b21b0cb1b944b2c08d2cc97a68d	528	569878b2e6b0323caeee3961fe732123fbffe3aee377bb9f0f743e2a46db6425
base/assets/bin/Data/a33c8500a01515e46b996fc25a5e064d	16484	66814d51da83d19f283e93fb7f61ef9fbe7f219343d93f043c982688cbbd809e
base/assets/bin/Data/a35f8ba7c066245908ea0d53fad2c3bd	2460	dc19c0da4d6f05ca9a1cfb1ed1ccabadc09ec8be6b4f156cbc3184adbe27157a
base/assets/bin/Data/a37d0b8b71dd56c498ffd7bed61dff9a	271376	55c122b0369db73f2ec5b14ae6de0d1bb0ffc5fe85f5b404bb434be2be3e8b50
base/assets/bin/Data/a385ef75b97cd1647a11a6abdafa58c1	19412	698fc49cb06369776505e28f286fb4bbca4a30ba05a069c4d7188524885dc5f0
base/assets/bin/Data/a39451fe07aa966428357498e6c43b32	185960	fb48ff6bce1ad398e02320cdd19429c1ade1d0c784a1e4ee4f4416f247a0a293
base/assets/bin/Data/a397a3bdb14e9f5478d8b4917822d2fd	18096	0376b7b2844ccdc3830935f46beae1c2dd9c039a50940c0c96aa431eac104147
base/assets/bin/Data/a3a123fe53d76af48af719cd51b134a8	1676	e4f21d515da5d6f50942ddcb981c8028b12dbd355b5b7efdb9e2031baa2ab9c1
base/assets/bin/Data/a3aa941be8854cc46a6a7ee8749fb666	766840	9e8284b9e399bc08955c13601aa939b4ba32875d75d3781537668ed275950ee0
base/assets/bin/Data/a3abbdc06da7c4804b0798acd5813407	56868	5c61244ca791d9df968b1b1de56f32385903b4a5ca934219b8b8fccfd26d1192
base/assets/bin/Data/a3cc7ce624ef0f84c83d9fdd3dbba17c	724	ff1c4a1be1197d1aaad23844df225f4d5cb2aad74586e77605057ef6a4048824
base/assets/bin/Data/a3db4bd7ab864c444b04cd045cd01bdd	4776	60e707f5740b34f53f4ffab2b38b9e36c2c5340ac7f2ce9497c5b0a7473afdb9
base/assets/bin/Data/a3e8130b074794348bf264888dc6d144	62424	584ad6b12d0d06f70203469603f8a13a1c76e9cfd8b420e50d02e52cc9a45e70
base/assets/bin/Data/a3fcff5e0bf996843aa3bbe3f28c2aaf	51052	537739ebb24d12aada57d86331f03a5c3742172a75d27c6e1c4d15ade3d8af2a
base/assets/bin/Data/a402d95d1e0e1a046a2a45799704506a	261260	d5b0ab3128eb18f9175a89efee27d8f41ff86c1afdf704468cc6c0af671c36cd
base/assets/bin/Data/a41b8b5fc5959c44ba38bd1ca19d771a	6300	613804ecee1607de953e5eb2787c4ea9e1871f337e9eb71fb3d835d94c5f4e26
base/assets/bin/Data/a425c13bde7a67f43939f4a1f5cfd53f	54484	954973efea1bfcbdfed8c0faef6a0797432d7f463dd9fafef26064187f29bc9d
base/assets/bin/Data/a426a03d5d3cd8e4db9c5a808704ce73	4252	3d4a7aa7ed689913a4a902ae67f655f4517a17a8d5c67fab7889a06b266b3ef9
base/assets/bin/Data/a42c4a752dd88ed4e8abaf8ccc828c28	30072	64944115a8ac521c9bc940f5b0644feb9a31126f3a2af79623c62b05bbd4aaae
base/assets/bin/Data/a45778e063b52674c9025b8b62db594e	25976	1214cebeb1921c8ec80827f1be281a523ad32264e76c2cdacfa0ec1738c53add
base/assets/bin/Data/a466f627a986ac54daee9cf8f67c1bc5	912	8074dea5eb42f465c9ad314c88b189022b984e15f81ddf3c188b7ff5717d71f6
base/assets/bin/Data/a4768ab0a4b767d4784207d7f30d8fcd	3428	74d2aacc62a8cd0cb9585c73068b96f0ddb78af7ff4920c3802a14f10e9253d4
base/assets/bin/Data/a480376b6897f4e46aa3c439724d3ffe	419592	e769b1c472f4d5d9a2901680f63bd9ab5c7680dbed172b2fdd7e9a6409cd6c31
base/assets/bin/Data/a485df58fb3539b4e80b4ed691281cb4	17048	4ca3ce06a65676dfa2603cff02c1364caebe79b2ffda22d3900b379a74368fd9
base/assets/bin/Data/a4860df978042264aaf58f9ffebab16b	10332	1a8024ec4e12b328c4263e457faf225663f8585c553093ae3f6f275ed926e627
base/assets/bin/Data/a488dc8a6e2440949937a8c4ebfac4f3	110720	e704afd36e5eecda1c71931058c6959c447372693401a56808337c5475a00901
base/assets/bin/Data/a49108517eadcaa43b4f90f9ffb9c750	2624	6b50dc2e4e9ba7aba47a1af9e53282c293fad7e5c294183109ce2478f1e51956
base/assets/bin/Data/a495c050be1278d448537a816c7e40db	8156	7ece81cf9e9198c653339af42fa6231187142fbe1b154ec6e86b99849b703eff
base/assets/bin/Data/a49635520aff0a74aafddae1e578d910	4668	e2d3db44df3dd9d8b349619ffa99ed5b8d7a831203d402c0a3cba519794fbe30
base/assets/bin/Data/a49f48f19e6812b49822e64351ca0cab	4484	c932da3c4b8c32fcb87b528b6da6707bb3d6f007646d75f90d60fe3103d69ec1
base/assets/bin/Data/a4a33cd8335206241a45ab90f066fe29	2176	653fb593918984482ecc3c028a4d1d05e7f8573f25c95a9cb1576398af2c040c
base/assets/bin/Data/a4a78c7a59b798e409c44a594a67b4a3	5264	47a15ded6b5c8b9198dd42cb98bba279155a53351e14355ea4b43a808713b3fd
base/assets/bin/Data/a4a99a4416211c742b87fcfe4047ebdb	60636	21f0fc631359a5ed6611df0bc90329e36ecfa2f4c0853a6d4e6086bfab7c9fb7
base/assets/bin/Data/a4b4e69f1b4772d4dbb98e2f42a622ce	7072	ae5758753ef5e38b5dba96794ca88abcec4102cbbe52f774cbf4e60363878c49
base/assets/bin/Data/a4bb4ba0241454b3baa2c74a74e1e4bf	29464	15f4f04dc748655c652e632987ab5196648911fa169016e4d944c372d446271c
base/assets/bin/Data/a4cfba7625c4edd4e855f39bc68d6c7e	4652	234944e31aaaa6d57283b4e458b0eb31f27f752719bbe5700727b69d7e9c7162
base/assets/bin/Data/a4dc203dd222d4b41a8f3cd9e2d4cb36	14692	ae040603133ba0f910aeb0b35a94479104e948159d3a233b42f8c45f7c90ad7f
base/assets/bin/Data/a4e13a95e8a904846ac035eee9de2051	4960	a113e598abce624549d487ca0a9697687ce7d6941a3b743f9c01a19065b823e2
base/assets/bin/Data/a4e4bbae6c834a1469aeb6647d33bf55	53068	8cab2520b8c50b3bc5af64b0c50538d55923e41cb835a97a8b5ed80689f080ca
base/assets/bin/Data/a4fbd5b62f1ba0c4d957fccf18728a4f	19192	6bc6fae270e075137e0844ca2adf071da05969bc8777cce90ac36bc659e70113
base/assets/bin/Data/a50ba3b83032e854796b6f674c4f739e	2144	fd2057bc5c97110b82cbf47f805d87ae557b88d2e7c19f8586fe46e29a50809c
base/assets/bin/Data/a50f0c417a20deb42b129ffa244d1336	25216	855790e386857aaf4021feec71ef789df366c24a750b205510bec6896086858c
base/assets/bin/Data/a513afbfeb58a084c8ba6d1d2479e28d	1736	348be192fe7ff057c780c65b641dd21454968754146a76c980e888fd8f4297ce
base/assets/bin/Data/a5171fa45ed01594d852d46faaad0787	51496	19eda1c5dafe3f7e4f4c2095c49f68996bc26d2a2341118d5f930fc33b534efe
base/assets/bin/Data/a520ba3d4e5e9644b9412453301559a6	5680	d1369f355c7b6c4bdaa0b05b02998c9363aa079bcfbbcd21efa85ae201c61033
base/assets/bin/Data/a521262254fe16e45a0695938b282d05	2700	2a967862850f7021aca6b8d6a384f12cf45247f497054855cf5c5aa5561934f6
base/assets/bin/Data/a5401973eaaecd8438018d3275f7a9da	12868	568ad6833b098be48c7f7a1e3295258314c5ebe23b3bd69f8910964f53dffcbf
base/assets/bin/Data/a54af3fef4f14654888ded438af9b8d5	31208	1f4d0ddaefd5291d217a9dfd95885bcd61043484aeff0f3a33394dd96b4e4948
base/assets/bin/Data/a5525c74822a1184d9a73edae07c4ec5	237680	04b962790a02fc4d7ec0fdc9ac68649c1ba05c13458ec7fc7e1b245444823bf8
base/assets/bin/Data/a55b3d116827aba4b9ff9d68f4d1eab8	204540	d3b9b67464fc972be9df34070f28c55dba62c9a9d8d5025632b0829afbe0f33f
base/assets/bin/Data/a55f12056f451974e976d51b82c6036e	4664	69c134c064a9e405c21d7002884cfa344ced7f082bdaa3d459a962867a8db7ca
base/assets/bin/Data/a57ed36caac38ac4c9a6518a0f2fbf15	2256	5eea63e44d041280adffc235ad57616c79328da808d73d2b6e07aed8d02edcbc
base/assets/bin/Data/a592ab5e7305f7344b674b552354860d	12336	75f471b72c81e8380d20bd27792939569e559c920ce4e5c23bded4abd79e4eec
base/assets/bin/Data/a5bb903b2a99a1c45b2ebf7036b9cf1b	8276	c4c813af652ab15ba04d90a5898f4c951afe0c17c81ecae506d6d9aba346fd8f
base/assets/bin/Data/a5ca23447461e9f43999a7da34d171b2	3932	6504dd4012356cf6589997ab348e4ffcec2dfcd8a57fa99a180015c68d238874
base/assets/bin/Data/a5cd4f97b47745a4794a9af262c7489a	3532	b63e22968009e586ac11b3e01b771794e5be74f3b49aac91f3008e9e983b84ca
base/assets/bin/Data/a5e204db4e4496d40bf0fa82d5e22d72	2968	becbadacf367f7bd0ac38e15680a3d7d4d7e9e411e3f17fc2238bb47ab9ff836
base/assets/bin/Data/a667fbf0d5df4b24ba6bb97bdf14bb82	53240	76705c3de9e75af3e97722171ee902395d46894bedf93c80c8010e9a3202ec07
base/assets/bin/Data/a673d2333e969c54a9d8b77e23f57799	5612	c13831b627c45a807d013453834fe5950d5e338fb0a5994d42a6d210c65d08f6
base/assets/bin/Data/a674720496c1ed248a5b7ea3e22a11fd	1300	040fcbcb124034e06df295ea531d4a4a6d87512fa825b6cc831b8cf9322e232d
base/assets/bin/Data/a67c3eaaeb45baf49956084497b8ba39	123392	e47a7f388c6d7627aa960e3aad820d40c553dd17786546cc8748b224f7f7c68c
base/assets/bin/Data/a67ca7f4768e986479b539b15548f288	7344	8d389a44a49234688ed3ea79626db7764c73d49e160180465822a0f8988f60a2
base/assets/bin/Data/a68b5da672b83de4d83b6aa70e520b10	3888	0ec0348257d5fe7f4d4ca7d86676e0cecdca6266b3a515c1e3b7a463c2ee3e09
base/assets/bin/Data/a6920ef09675c7e41917fc7ccd57e238	34144	1de3763668c735cf90c4484ed124b8fe5d39ce04a7196cd91969fa42f22ef5a9
base/assets/bin/Data/a69464d1e396ef4459c4394f316fb05d	32000	b9b0cb00077b892bece2130566c1b5ac4c0c19ab9e6bebbb595bb2b86b546123
base/assets/bin/Data/a6dbfeb314911f042a6d78998df6e272	167212	ca0680da9744e55ae39b798062c38ba3aff781874a1eb557da80c47222c14727
base/assets/bin/Data/a715877ea2ab3d84f97d972ea187cd73	3620	819b919d06eb0f4a0d23622a36e4eecea7ab38de1fc27c09529c78ea31a8baf1
base/assets/bin/Data/a72c772ee00013140bfbb9e3f15367f6	29672	ebaa3d591c92aec5d6bd9a87fb84c6a8a5a829cc5e13ad98b492d122ba48cd3e
base/assets/bin/Data/a733344722b2561449706e8313cd50c8	4760	d8d836c56de5b9f0d47aea520bd7056a9f28ce6be314e42940093cdcd188cb06
base/assets/bin/Data/a73bbaa3d8ff5b24baedc93a53c5f4d9	4800	396375036b1c35dc7d4e53966b04c77643d4e663e786c39618a3b9555ced6a9a
base/assets/bin/Data/a741f1b6c3fadd342b8d70ee5208eb3a	1584	abfc3704b0f75237ae7c3fc795ea4e25da748d3683e154197eecbb6d01d4769d
base/assets/bin/Data/a756eb946fa2dd4458f6f421a4b45c2e	852800	99e3b324f73f28b258c1cb336f7f498deec38911a46169c40665e729e31c2432
base/assets/bin/Data/a75f5dd255d7d42bc89e6c4b0d4a5402	4672	dc2a7a1a3d521376aed1d89e12a680f079857c6734f41a10df939436d065f891
base/assets/bin/Data/a76bb86e1c645ea49b9b90c98efc5f1e	7552	e0fb0d912b32ed511973023c1c3252592d29b1feec9c7c21f19cc96c669109a3
base/assets/bin/Data/a7a26300d0ad0bf40b38b0c3a2a2ff70	140088	f0ecace3d6d99e025425822f9e1a2ff935b5bd7f8e5f4a29cf00828b5a8eb9ee
base/assets/bin/Data/a7bf9096328a9d84ea4fdf89da840c15	62104	43ed1b58fe4c7973b4fcd02128decf4dd7b33107991be5b3ced3a5439771c9e5
base/assets/bin/Data/a7cb29f1790d6b84cb56ec52263f88f1	906612	87a5e21d319b715edea0f764d4a7a226383fe62cfbaf102c90a849fad534e4a4
base/assets/bin/Data/a7e83848be75a8b48a69228e4b80491e	5112	56912e4f613f72c3dc5318deb0574ddd67e3b0eb1f9bad31757d00f7b408155c
base/assets/bin/Data/a7f3e892d75934345ad2c69c18645c19	7564	5981b6140f45f8bb8cc13ef359339fcfee76040e2608048afcf3cf0228f028a0
base/assets/bin/Data/a800e5278f4ba8f49a2f1a51ef692389	5480	9cd4ad7666b05777732dfab616de7b78756559d3835651f4f12e092f74e1019c
base/assets/bin/Data/a806afe9a662f2d4b8a68de742660d62	2004	0d48a1ac5cab0268444ee1dcdcebc5dde8e471b775502c3a20ddec45a16f12bd
base/assets/bin/Data/a807e3255f3e33442b3c49a2bff4a58f	72628	5ed8f7b138473aaedd3d855d475a95628f7e944c826856d4dc6ec19b44b080b8
base/assets/bin/Data/a821ec881e5d42a4babc7a93d4b882d0	13836	9fc650193ef29e61819b1f4e170e6efa74f1a4614640fe908fe56bed702e866f
base/assets/bin/Data/a83c04555e964944cab4687a386e9586	744	bfd68e44d5c792a51e2d54491ac6eb4f703a3b612fc79da11188d4d3047d5525
base/assets/bin/Data/a845b260f84a0e24b922a9fb57645b2e	6168	9a2f8bd90cf43bd1d834aa63c290632b48ec93a774985b7d66cda825e897de37
base/assets/bin/Data/a8547145d6e226248a1737fd4b2e7344	51840	8c07646507074611c4bcc985c037781b812488cfaa84c8afc06492b41c59e9b2
base/assets/bin/Data/a8603159ebf90af4f99a0355d2d845dc	15772	983072a014830c500d5003757a86de0469706cf83ad73afa471d4afa50142d5e
base/assets/bin/Data/a87c431d3b38ca54096d0b9e1b53b531	93076	9cad476b4d99519e6a34995746e877d17ce989b72037f4bf10a2317c573ecc28
base/assets/bin/Data/a87cfaef648f17c41b568e842e068c51	1592	bcc00552ed5df37f04452400c25dc7acf71e1c52287ccff5908fadc18bd0593b
base/assets/bin/Data/a89c96c1895af1c4392724afc585e319	4752	4ec4e02e744425a9db2dce608d5ed8fe5e3f9fa7a5880b3d502bdfe68ddd4f7b
base/assets/bin/Data/a8a017654bba5ae40a83d9164fbd69ce	6144	7803f1f0aad0ec77fca6f0d231fa9fec830c440b3662bb8de6a8df3dd2206c49
base/assets/bin/Data/a8ea18c099080184a986fd58c0a76f0d	43452	72056764c3f56498b13d51d766bfe7e16846dc4c2cb79cb16777ee680ace2607
base/assets/bin/Data/a8ebdc6d40be2b24b830e5330ca0693d	7560	192900a2cf276d939f114bfedce91f8e8d3ad4ccfb7c2774d68b6eb678ce9272
base/assets/bin/Data/a8f2ec4074b548d43a5f65e46bd9e0ee	5740	30370996c133595ce92d89197a265c0e2d66cadec351fda821bf88f75dd50c6e
base/assets/bin/Data/a8fdba9ab96e37c46bbba84500ca3485	772	60c01c33709fd30d6ccb3d639dbb26ccfad721e037970148e6e35f0a4177f387
base/assets/bin/Data/a8fed4301de15314fa87b4da631ed860	1284	9f07f8f1c99e58ffbf63ab02dec84f7377333d8371a60efdd24116d6c120ac91
base/assets/bin/Data/a925b24a0c4cf4b539309022c62f5ef8	2176	4f765dcd19c22dec0d0a36358e6e9bf931958408b57ecddbda660a47a2248095
base/assets/bin/Data/a928842371c0a824696eaa86a80e0fd5	39476	b3a5e6ed3fa28c2ee4f5bcaf1a557a1637a070648f819e343126488c021fa7a2
base/assets/bin/Data/a92f55abc52889d4e92dd452ce12bbdc	5144	86dce3e6a173ba7fbbc4eec21b3b8fb173540e208cdd99933df20b5890f1bfa2
base/assets/bin/Data/a93099e980d41f44d968565cca3481b3	3612	3bbdf921ecc673e60f53a9940688328d98496fbc151c157568d46579dc158da6
base/assets/bin/Data/a9426ff5ab1b6f84590bd0b9beb0f190	1188	3a26eb4089db450babc6bcd2de9a92392f5411f17b4ea17a62797a2631a0ed71
base/assets/bin/Data/a942d089e9e9d73489f634dca8b0c4b0	1912	57d6d520d7b3bcd4587a5fb3546153e25c2aac51af58c625d48a7e5df8e084c9
base/assets/bin/Data/a94c4f74d32b1bd4d92b2c2dfd4b6f5b	95108	8917a17ebcd5725c896562d17f38c10c082e0221424dd3f1d1eb3f923b5bc813
base/assets/bin/Data/a9507ee65e257ef40baa4532922751cd	6716	3a662c4a6070ecc05acb2dede79911c57f58c08163aed39b5d19ac56fab62294
base/assets/bin/Data/a97055c226567f14b9ba677b09180e36	5904	1b928c57cecea78ceee17ac71b874c7d97c6b895bb802aa50b39bc3079aea05d
base/assets/bin/Data/a98846af768e1f54e8a2cc7d47421559	33272	8b8c9ab25d33db543f8dc9632f419760338f0522df5c3b780e1ec952dfc9c21b
base/assets/bin/Data/a99519dba0e968248bb4b9a5066f97ac	7168	e120884bef33704057694293d14e5f28f2af8a3bc1a49358008561ee139c0c0f
base/assets/bin/Data/a9a2148fd3efe9a43a30c400b4bc8f66	31584	32bcdd6fdd77b83895156b31e3adf043fadac892addb76aba56fd23e5bb872f1
base/assets/bin/Data/a9c693bb4af3e1a41a773a6fadb14b50	6116	a3125ad4a015755da5bce5fea6af903fbba7adb3446ce4a565cb03f632da62e2
base/assets/bin/Data/a9ce1142cea489241b2fffd0f7dd533b	116656	5e40865db585ac1ac3a5477f047cedb9d556c5b05db71a9586f235e3c8b19851
base/assets/bin/Data/aa107f59cc661fa4aaff4f95e10b2f27	60876	906a699df819c50d6acd3ecdba69a42f89ad54555ed5a51eb837f95c8c2f8111
base/assets/bin/Data/aa11fc694ed56fd409019a4dabb327ee	7804	a71cc6a7a5b351c8dbd854783bc2dfd258c6c440e5401583c9aeaa449c7a35db
base/assets/bin/Data/aa3145beb847e6148853598250528902	52488	e490b2df560ce08b133d2e21ff863159d725aa0bfca4b3c2308310f6f8a0c6ee
base/assets/bin/Data/aa3dcb9be65500745be8a15bdb50243f	5340	8c3c0237a7e44c321b896ea891ad91fd4a585edab62d926dc75f8cb716b2b1d3
base/assets/bin/Data/aa406c91e40bac34587baac091fec0a7	22760	00c43f519cf6beb6700a0651cec4416cb5d3f9a78ac9123b4c8a288435e0fc3d
base/assets/bin/Data/aa578ce5ddcf8a043934dac550653fed	40776	7feabee6a8876db01561c848d19aacbd6f411c2ac0db3c26eb284bdafb52c183
base/assets/bin/Data/aa5ea9c807039f5409be875e9afce5e0	65524	2390f20866533c9f591b08f6b079cda0ef9ecaa7ecf3206e2912d25f86933da4
base/assets/bin/Data/aa62859521392134097d25f7900b22e5	30112	78a590e833b6d368cae1f81efcb4469061b67c4a50ad9042d2307ca81d2834e8
base/assets/bin/Data/aa81053fcaa4cb4438c9077a8fe91383	9824	dfbebbd4c891c3fb00f0a3ba19e0c411d31884515e531adaf7df5f2d8d55be4f
base/assets/bin/Data/aa976d9d3c224434e8b284a5d37efd61	56136	f2cde8b1d918b151732d6dd37e90f2ed6b3135bddc6a197e4f7733a70680c44b
base/assets/bin/Data/aaacfa277c10d6c42a524835a0853b5d	9144	75801cb20bdff5ee62a4a276b785b51937109172217cee4610d4891b82124911
base/assets/bin/Data/aaeb405e63df7cc4b9ac3c6284b897ef	5400	cd15b4958142e03552b8ed8da4dc5af4303b33908aa3e35ecd23444a370a4bde
base/assets/bin/Data/aaf2ddba63d5908439ec1eeb98b10f2b	8408	ed82c9214cee0806a8c65d3e95e3cd0ed340863cfe691bee3ee2df24ae1c6eae
base/assets/bin/Data/ab419f5871029f04d94990dfdeb1be3f	12848	c8de47f8eefdf497d169dc4b4c6f7f93c979adb65572fa6272098d6d0e61ae8a
base/assets/bin/Data/ab5e8ead6afc541bd94bfc8a81018c6d	2492	9d63d92e14e543d8c567aa02875368bdaf588d243d3ba29184feeda73f88e292
base/assets/bin/Data/ab6047c430eb54648935b8aa06483933	47284	4bbc49a386054d7f09ef2d567ac94e55cd937466759df646014c6e495d70380b
base/assets/bin/Data/ab69e84d08c008f4292d410c40c06b9f	11660	68ddc5b5d837cae83c9e9014f4bdcb2756c449a2b464d352337a6197e6d9a635
base/assets/bin/Data/ab7b7fbebbd717a4398292ccb429c6d8	6140	e134c854f25682ec7d364fa959fe6b0b7a375118572fb339b0622bd65cd8fe4c
base/assets/bin/Data/ab98cefe9c0d68647b0be7c08e2cc9d5	60692	4ce27c0ad4e237d67d29614640d241f66a2cf38eda01a8643dc0f3f995d558bf
base/assets/bin/Data/aba59f351dd0b3e4e9f7dda69b443bb5	3436	0757b16e4ec7e4e5193cf5e38d795aa59d1a4f8c6bc987c549bc39711ceec84e
base/assets/bin/Data/abab40e0a941cf548b28c346cefcaa80	7264	3f5da2bc99ef4edd4a15cf489a46baecc8f22db5ea088f1c582de9f2b10d3178
base/assets/bin/Data/abb622c9f56224fcab3818c8e8eb38a6	197992	b2436820d007a5bc7937773f5b5999439a418122f478fcd4ecb860089202760e
base/assets/bin/Data/abb6d393bf3a1fd43a139312fe92500a	33900	d2b055f6bbdc7122d76b289a5fd6aa7ec7bade6b76180334e585b7829282ce14
base/assets/bin/Data/ac0ee3bca7e8dcd4eb293a1c05fb600a	736	c896655f29cc5f3985894a7e6750ce1ac4bb5e77bc75c74c1c43fc2ea01b7c18
base/assets/bin/Data/ac2ec2c92747ac04096e14f72c05e4d3	36764	10dc094cbfefd83e84fa53a9f981eebcb8add66d2d62cf49f3b0c24c20324fbe
base/assets/bin/Data/ac42909b5f5f9d54486ca902407ee8dc	39956	d0fde5186d5460a448f8cdee99a45147dcc2a7f51bfac35c2c69e20bb0bca7ea
base/assets/bin/Data/ac728edddc1d074469458136f6923cee	126944	40d2db347f989a4e3215cafb55fe40e2a3477ee924d0c33f667fd7fa61152a55
base/assets/bin/Data/acab1ebe9ffcba74f883d54f4b59352c	3528	e26c75068ad38423fca8a5a12edca18afae3a7668d2faedbe7429caf6cd417c2
base/assets/bin/Data/acbf3e11371634645b473969ba19157c	17020	735ab75e0209594a0c965a9253cc4647a9522e9e42ea1062988fda9c6dc53b9a
base/assets/bin/Data/ace805f7abf886846b1aced91da89542	35200	3759067b175fbe019451b36f5222213b323be83046beb12887b80c841da5871b
base/assets/bin/Data/ace98a3f268d5b04987121a1d1796aa3	1404	214df9f2a4dae30c938e5f20b7ee43b96f7d54ba71446e20bb1cee6a8a2ec6b3
base/assets/bin/Data/ad50c9e76fa699b40912f7400d966664	2388	5222047c722bd7fcfb93e8e8e76a40af53331e87947dd568eda33cb12bed3a6b
base/assets/bin/Data/ad64b524621636d458ebec3c82955889	37560	6353163c4acba5fa2025e3dda133bfa7db09785f6b28f8f5835db3c0c465db80
base/assets/bin/Data/ad669fa9705c6024db985b5074ee9601	29460	159584576f20fdba9343af2af46e2f2277c4238fd4833daaaeb01daf8c2c8370
base/assets/bin/Data/ad83bc56407925d44a77a5bd01cd6783	3712	4e8cd9f05831d2db53b8ae244afc742296374a29ab5368e8d036a8516052c4ba
base/assets/bin/Data/ad9b0f3a1ae55e04889c4b6ba5d21f10	6452	91dbeb6552edfae85d4e39cf04e1ca83afca09fa5ce93afbb0470ffccbed64c3
base/assets/bin/Data/ada02c3670bc1de4286e872f3ba1fc6f	34340	eb93374a345b0951f0868922781475ea5b100d0c18f32b9e9dc0d2887d85aa22
base/assets/bin/Data/adabf6f9515969c4d8df57bdf2d8f87f	2892	fdb6f2739ec3b2003fbc0f0436351a88767e1fadc984de2d1f27d643326669f7
base/assets/bin/Data/adba3f74d2629614b88bef22c6e04f82	49016	18cf29323b149bbac901fbdee2279768f34957d0c02762fba2f2db56d1b7f62b
base/assets/bin/Data/adba577bb5284f84481472c531ffec2f	221368	3d239d4a555dbeb01aca10511b90a1bf43845139eafb9c5ac2d98914a5cdfaab
base/assets/bin/Data/adc42909dc957f34fa5392fe812d0781	65816	2ce9da9b931076c204706383d63b6d41ce6c711e61cc89ca5302bc6c8f6cd2d1
base/assets/bin/Data/adc8f9f48b78efb448c7d2f51f08e8b4	46140	19b884c70ca428c18d3c4715da344e945f7b58606382b620e47e235763356096
base/assets/bin/Data/adda302b0a8864b459b0f970d0bd2257	6012	1bc38b30934fb4547028b5a2597e922d0712135dfb8cce57d8f4d5174f9a4c64
base/assets/bin/Data/ade35509597191a49b163e75cd4bd1bc	109256	0b80d2e120ad4a41a4d4da7fe752fdc6a7ba6a44a6a0cf4e43efa0f2e7408e60
base/assets/bin/Data/adfe9f0d2d7b84b47b57570f998f8c69	14980	28e105879d53adca9dfc97acc2eeb70ea899dae847d5c39d0889bad53a1d85e6
base/assets/bin/Data/ae00bb75e0cd5b04b8fe7fb4ab662629	5808	b7135864ac5c85c50e7a10212d18563ff1a4afd54da37ddea51b6f9879cd1076
base/assets/bin/Data/ae1325ca207f07c43a1b5502e9a84b3e	59688	df39b229139088908c8854c182c7bf6cd78e3ec205af00af62f0a20bb89fed53
base/assets/bin/Data/ae40c774da98581449d5429b2a44d941	35764	1068e76d7a86b994c4ed7abb3146f426c4c54d3e371f7117af044b38674d7143
base/assets/bin/Data/ae49d4f7051184a509b232837ad2cbd2	5600	bc86179c06fc41f4b8408be93c622d40c00ce68fb32083ea114613ddf5320904
base/assets/bin/Data/ae52404bf88ee3d4b90985e73c1831a9	5452	a948698ad63589e25d3b1788e3540aeef6b0974a3ff2ffc74466864f4d7cb57b
base/assets/bin/Data/ae55a2a11bf30334b81c33d0982807fb	311360	a69f76a9229bfe79fb7d0048b67bf0285a42ff887a9bbe7b55aeb43446e713ea
base/assets/bin/Data/ae57bb1e8aa16ea4e8566caedbd1f44f	7740	062f983e0318e2588649b11973865133b11893dfa564c4450f62b7ea1d782b7e
base/assets/bin/Data/ae5e99adb915c644b807602e42c93a7c	16464	d5d42ae77e301474fdfa15a770234128ff2e32892d77cf478b8ffdbcf1756d33
base/assets/bin/Data/ae6b5bc11d61a9444bbd045c36d55524	19892	f5da2c955253c7eb7fd3fdd25e2b1e46ceb96555007f9b6e7b97b61fe4eebe18
base/assets/bin/Data/ae720892eace10d4291e133b78eda8af	4308	f153e7dbae94ec61a989daa86c1d83447a2b7393c989ddd5bdf38f71cd9faf73
base/assets/bin/Data/ae972182601362149bb59909932ef0af	1372	01a468eb4ae5f840b20ed98d50bc58c2d4ceb410f029b0a9ea7891412c89c29b
base/assets/bin/Data/aeb245123704b054ba778311023edb5a	2468	9dcf33ded5c9f238781fd3b96c4d4645889baf2ff042a5afe863e4fdbac2883d
base/assets/bin/Data/aed9239bc99b8d54e92a283514a8c337	6568	5adc24911d9353294605a1b55cdb561c03f4724275de284e41d2d33110cb0d17
base/assets/bin/Data/aeebc2fd2f7e012428fccdc9c0b0f393	32412	7dcecf912714943acab1b5880ae4316e0f3f9b5815aa75f1bb879f0b449e6db5
base/assets/bin/Data/af09352acbf89164fa21c1388cc65ec5	92136	1ec0a01b882f150979d967a07ec005e2450d0db30ee60ccae3f6e7c4c8a73211
base/assets/bin/Data/af094cbac7b5b9c4184adb4ad3957c1a	23460	2bf56e9aee27d825e3a1581aec0c5d17ebef361649609ccede521f1892bd94a9
base/assets/bin/Data/af3b9ba8028e0634dad30dc735203125	3900	bb9f5d281dff970cef8c4a6f4202b2813d4fd98ca59d2d2d9e1270920fe31067
base/assets/bin/Data/af4b3298a080ec542b44a8ffd80145df	5516	f563c806aaf546bf8870df6c8f5865b985bb83648210e4312b42b0eb1a0ffcfb
base/assets/bin/Data/af5980738f12e4e438153cae765660f2	35300	8b134e614ef3d8e040ba1b140267625aa63fccd7d4a853b6807df158ae87e3ed
base/assets/bin/Data/afc8bc9b40a3ea44d82261f351bc1ad0	24484	8b72a8b8b5235a688fbed1ed12fc10f6493aa8c8ac740b3e25f3f61a061a006a
base/assets/bin/Data/afcf5f6ca04667e44a26c6109f76ade9	64792	8aaa923cf8239eb3fab529cdac35c27384a8f578c21125f4f7325abe8b849b1a
base/assets/bin/Data/afd6c7b8327956d42bb869c6a9a23ef5	63500	1667f74484053733d9b1658299adb35180d9fe5199310c48e6f588a3590a44fe
base/assets/bin/Data/afdf22fdf4327154b8960c41fd2139e1	261264	71c89f94adaa4ef8fc2a7341f603cf115d365c7e30acde0a72b560689ed9862f
base/assets/bin/Data/afffeb7e97900a441afc87fd09327cdc	8820	aa8cc6fa71065671e996a06d0ae7a2fef4a712837a2fb45f0bd97cf12e658b78
base/assets/bin/Data/affff2408e1bfb34289821d09d1e623a	321536	dd30e4b12590d9b13075a97f6ee92a5ada74d975d3a20211abe4631697e5bc26
base/assets/bin/Data/b004dbe0ea593174bb42160430777168	11580	4abffffa253233816f98d29ced9fc5a5689f02af7ab456163019228c2aaf619b
base/assets/bin/Data/b01014ed2c836154eae022583aef02a1	2404	a97cfcd6ca5acf8c28f62cd67355ab1e5f44ffad1ac5f25d23557ee43b3fd3dd
base/assets/bin/Data/b0104245f5409ad4eb6b9a03e8e2aacc	1716	a655401e6f4379f7cd09b6d4ecaa61e5825187c8314c179292d0c622e521e2f4
base/assets/bin/Data/b020207b9e11b184ea5ad39e95f52d4c	7556	4289b1d3ff40a329c752db5cd071ae49b42f5cc28a88cfb2ea73ca979ef635c8
base/assets/bin/Data/b02928147841f374f96d41a1eaa53b8c	29480	fe648b64fc71f81ec8b7194c9acdbe5af7b7af97f016078cd209ff17fd39df8f
base/assets/bin/Data/b043cba3f9d918d44890893d2fdacfa5	164952	b0676c72dc86f17e0c8681473f6d41831a9aade075ef321151c228c0b7b730bd
base/assets/bin/Data/b048b91aaac252c4abb615423f73f702	4328	4f9391b38a40b7f328b0358036c6ab1ea11fef64701fce78a10ae35f0e1fa75d
base/assets/bin/Data/b0555ae2a5c361041a9a00b792be7f88	2636	7f816d0f4d0e1a66757776637638ec078327c459e2bf2127e7d770071c178183
base/assets/bin/Data/b05bba7f460851b49a5ea6498059b101	22752	f052aa73579e7f8359fd7f5da8a7a95aabce9c49a29e2b88259bf0fcc7f73df8
base/assets/bin/Data/b05cebd09b8d64256a46b7d077160a32	5740	d9f3af43da4d1bd0aac38d87ce3d4911759e43f4258b3359b024eebb4450f91c
base/assets/bin/Data/b06b3aa87d950469c815bbcddf949c7f	23904	016f84c8f695d3c0a945ac0ebe8ed968b6243cba25482947bb7bb06fd59890a1
base/assets/bin/Data/b0768bfe0758a7747b9e3c8b0519a141	72532	52722d635bdb92fe1b6d6fecac63ec002f6a93267ef34358a589f17aa777e383
base/assets/bin/Data/b07e9f61fe0d3264480e82f2e3bdaec0	9088	6766e43ca5ff7e8b7fb4b8a68bef70857f5d4bcc9829253949aebf3691aefd97
base/assets/bin/Data/b0c618497c4b3fa41898e1db0fe4a972	4748	58c797649aad28c402d7e34968639d9266848fb3a16007a844cca78e15141f6e
base/assets/bin/Data/b0e4208008ea22b4c9f4a4ce705d0bef	1336	a1ca2f74d8de3955ad0e4ea9fae9ba047683657f89a81eab7ca8a10ad251ce6d
base/assets/bin/Data/b0f196b810a8951499338d89cb33cd7c	5928	e577162382dc801960f169b8bf36bc78329cea9ef19e7fc7cad8aa712f2c7c54
base/assets/bin/Data/b101a30ceacd0f0489103f5e374666e3	90792	80788380752c55da261f4a0c3fc650043ed615b2469f9ca8b9ff7c9e4d3acdbe
base/assets/bin/Data/b10e25517a7bdeb44817f8dd99275ef2	2160	c31ad6ecb28006b29a1e9e78112c7795db6a0ed494271db86a072b2dd1562230
base/assets/bin/Data/b117b489fb2fbf2488cd61b0c0e4325a	15252	ab1f154cc8fac35c408ab5d662c03f13f4b36c52e004098350e3d78b72bdc41b
base/assets/bin/Data/b137abaf8797a4e11aab1e9e91742685	30592	e93d0b8e9e2b669705db8ac1902c8a275a0cb18efe6bf5eea4d6705f2e644b3e
base/assets/bin/Data/b15c672081c822e4eb4be0348c3227d8	1064	e52938414a5f5775cc326b097b2ccc918841d75af3ad0ede575f784d7db1d8ce
base/assets/bin/Data/b160ecc96ed466a418fb4f038f6578b1	140520	6855c3e835f3de428ce0a468c3da3ea4961c7d6c2c1d33c9051843b56d385fcc
base/assets/bin/Data/b1632ae01a719a844a4a52a76749a3aa	4212	f6da212eaff18057e815d95b645814d89979a2a48cc64ebbf6af6120c2aaee31
base/assets/bin/Data/b163494eff9e2d4438dcbafa094aea02	10916	af03572c0e59da9906c603a97003c3016520518dbbc5e5397180e0c50c409636
base/assets/bin/Data/b1651a35da17fec47a593a90452bbf84	11024	1c5ad34c2526f711dad3da81894c04b0e2ed21e9bb152fb165e67570672b1384
base/assets/bin/Data/b166d03814c99bb46999c0fbcc08e486	55708	9daa97386ac76fe8556e1720892c06eff452b20cc065943815279080bce02622
base/assets/bin/Data/b1762eb660f8b8147bff0bc90a4a22ff	60216	a05c07c4b1acfdcff9fe1cf5280bd29fb98cb6ddff61b66e45ce7116d8fe30d8
base/assets/bin/Data/b19478ba812247d4f81c814465568e1c	2936	bc63dc265a5d2e171c3e5b7a985902b247713a6743bfd38803555f3570380b68
base/assets/bin/Data/b1ada424e858081428e424849a9f9d99	5484	a629687db10ede5dd87c89b36084e3821be2746880cb1b73adbf70830158e5ac
base/assets/bin/Data/b1bb5647abc158844afc6aead687d1e8	24844	2014f2e95635fa42693baa7097f0130a1dd2b8510bb01272fefcb9597c5b31ef
base/assets/bin/Data/b1bda4bdb7e51424ab2d52cf72d55354	25292	cd102b9a35e0a7ec224c0d71d11e611ca9e7ef8c2f85d96b9329e31e2bda7418
base/assets/bin/Data/b1c2890d13579644a940a60287708ba5	35932	55b2a48e04eff24bda70a042c70804cb2b12c80fcc846006e5b0147a9107120e
base/assets/bin/Data/b1c5e2c6fe844684295269302b9b9bcf	488	84431f722720717413f7c6caf4a885a9e2c8a2e9d48fcb4669432d39f1bd18cb
base/assets/bin/Data/b1e2d010db66cb14fb4573e67027955d	10460	f894dd79bc618d55ebec1704a8d9405bcb4604e7919cc72783677327b856e246
base/assets/bin/Data/b1f541c71705c674ebac891cd3c2e6bd	52132	5364465eb10d6c2b3835b9db60454c46fc34248b3ebf1e8edf22a103511a0dc3
base/assets/bin/Data/b1f803bc2f5604a1e9fdda242771aa3e	644908	e9dd5a9227b001082b91ee286600c2ab8229d7eaf95122e17f9ccc2dc055c72c
base/assets/bin/Data/b2006f5b96f60734f85abf1bc4e03ec1	8804	8bc7c8ed14289ba3aca8cb24cb762015a75ecbff42c5602df453b61d2b167060
base/assets/bin/Data/b23d718c6323c1542838ab108662a09c	4104	b8de7bc637276ce4a14a98911248db9be249c747e34eaaede2818ce481b2b407
base/assets/bin/Data/b243a725a3c21af4297b409f8ce59557	26348	cc022b79c3a729fb2a80c79f063e6f2be3004d218e1c230f8d14cd443da465b4
base/assets/bin/Data/b24aa8032c3420f469e7e8974a161898	40204	67a3bfa63f106e3f2b5e91acb1041bc5484100cc701ded04e711ce664d848c0a
base/assets/bin/Data/b256daa3c4fb94cbc83d12d38bf66e23	65420	781d36dcb389ecde93a31f2b52f63506757b3bc1e2319981e58419fe27ca5495
base/assets/bin/Data/b25e99e154f60d843929fed4ae72ba7b	14780	c2e438ae70941d165d0543b3ca1ec51cc712a50e8727d856eb76ed22ca6b0ab4
base/assets/bin/Data/b26c9dc657618bc4ab3579bdf37472f9	6092	ff2d52b62753ff09b3f4606a0d6e39c7891f22831c1cf7ff95f9f7da511827fe
base/assets/bin/Data/b277de96d41b6274c85e5edaa6b20ecd	77388	7a935a30311f2cc7d005f8ae1421954d66642ad62aeb0f89e7b427b8951b9672
base/assets/bin/Data/b29c73bc7fb84b5428a1aca6c8316bb8	824	d250559a3355c7cc6abff7c3c77ca943e085aa8f6af9056604b27bfe0849bb7b
base/assets/bin/Data/b2a3613ce88ee8b4aa272a3caeda7b70	3200	e6160baa1446fb0c2d321b55aeb35dc7398e6abb89d8bbc720650af1e04deccd
base/assets/bin/Data/b2b1cdcae93d12b479fd2cbd6a8c13d1	42132	fdc83b60ddff46f8557aa4595d9fdf5fb5f7efd995fb775f78e452e9d7b4c1a8
base/assets/bin/Data/b2d257b11dee0774fa011be6c0d0f265	16648	69adcdf164666a499c4653219c8ab19266db8a1a56e8f0954d13c38856dae20c
base/assets/bin/Data/b2d8e2d23a1f1fa45aff050188ef8b23	63776	7c757c946540a781ee65743147a34d83a2e4c658af4c8b4cd037c23780692fa7
base/assets/bin/Data/b2da6b27df236b144b3516ed8e7d36ac	1628	c156871796f695ef720a5cc2e134a7d152a9a8bbc4055baa472c40324e2ea053
base/assets/bin/Data/b2ef28c7e355939478b7e284a6db59c4	55728	e1d7d3462dead1d95e6e76091fb57a2c4fd266c94cec52fe5eeebe1d2e08abf0
base/assets/bin/Data/b30bd62436b35ba41a1802832c405a75	12568	b89f7d9e296e0a421039b24286299b116a6cf2194d999e41d20ceb7744d127da
base/assets/bin/Data/b327352002561674bbceb076a855bb8d	6320	784e986d3aec2342bd36334fddb8ec0a0154704611621e9b30b2543b9103d2ff
base/assets/bin/Data/b328620da54a34d45a82afc1af3b9320	1560	ccb082107643ebad06f851627d29f4a7f43a6ead39ba48ac41d957476aaf7ca2
base/assets/bin/Data/b33901c54cb8d9747a517767867eeb34	14992	6a2c238d3613650e0353d7c02445065eb8f6e5f9e72659d5bd3c1b19b27fcc47
base/assets/bin/Data/b33ae257f1180c54a81f9550b609b347	996	7a2330f5fddb610937350b987f2abd039f61256cf102db5f735a1ad19be855a5
base/assets/bin/Data/b346b2a2df1d290438be3287b6419408	1296	871492f862e607a98ba2130429b3e7f3da5010e463efc7663d932db5963620ac
base/assets/bin/Data/b34e9706a852d2644b033f457295e895	61076	bb14472f778724c74fced54fbfa730974cc93d5dd196621217ceab334cb070eb
base/assets/bin/Data/b355f731da9dd104ab20ac622ac2ac0b	8508	00bda2cc6b6ff8f4f850c4bb5b714ba05283fb30b9ef7155b92b1b054430ed1c
base/assets/bin/Data/b35635d7f52621f408e6d5b3deb96cfd	93560	cc8009e611e3db3376df7062097888f289e425748397f8db80b3b649a5a479c8
base/assets/bin/Data/b36ce11cfbed1b440ac60d7c7da55a19	4928	2aaf3e2b0eeb96c0483d1ad2b3e9652a09193845acca24b5c2f8126e88598392
base/assets/bin/Data/b384a3dbcc8056d479c6d7af9d8477eb	2924	b459d4f922210ef691facf44d75778f7adc82cf9288aa2a060545c5dd571cca0
base/assets/bin/Data/b393d7e1d66822246b2b6643fe948ba7	3592	0ddbca69fcfc8479a8643a0b81a0b06eb2d14cc3c7650a657e158b3200b83c29
base/assets/bin/Data/b39cfd6052e22684387735ac69b39dee	5948	e32403df4d4088cd41057167be20b1433d07eb42cd8908e7589c9747c9849b19
base/assets/bin/Data/b3a25b1e64fe4a241b3e73e49690d6ad	1581524	d5de172867d3abeb0f319b6c7480fc8c23ea3101a0c1377e02dba96c742d82fa
base/assets/bin/Data/b3c607142b9a8e84ab59581da917e6e2	5732	7d50420f1ddaf78de6c53bbd8e1da09877caf30f43069403697d76f680db8c1e
base/assets/bin/Data/b40472272109f4f408f94f6ead545727	15284	2c6d3df2fa5ee46fab59d228d2eec353dca0ea506cf7f26f04101197e2c2fc19
base/assets/bin/Data/b420dcd44584fed48b9782681d197c22	172520	ab03811f6e3b40caf9b5b4d1444e57576b0d8c9e2472a0745ea9b5574862b02f
base/assets/bin/Data/b447e0092b48d7e42a5c012de44688db	1116	26b3a7daeb57548dc694bb6d670ffb44e39af46fd55540bb6fdba6f80044b2a8
base/assets/bin/Data/b45f7e86576ca3e4b92ea308637f291b	1820	0257ae1b99c79c8a23752ba4899879849ad1550b8c68683f38b0102edebfc0e3
base/assets/bin/Data/b463f916d08d7cc4ba2e16e7d5199cf1	2184	1ccde3866c416dbb14905d3c3a3c373eda580129aecfa3acdc7fd99b6cc12e6e
base/assets/bin/Data/b4775f6065a815b438373b7909aae5e3	32904	2e4ebff8332f358b2b814637a65205c0efb8f026ee0c2636826ca26a2be7b1b5
base/assets/bin/Data/b47c2cedd3600f347b32292de392a94f	67512	e577d0e3618d7882c508f29fa78c3ed94e1f81b0d2937c602acd36715b93c59b
base/assets/bin/Data/b4a8c3e96978941b1b2b30b3284583eb	8208	69e0f1da7496d3edf2dc59750072aca027aa0fec495b5a3446eb8e9b2d9e2986
base/assets/bin/Data/b4ad7fe7f6a7e06449c985b20dbc2c25	736	afc6604e098cbe9fa329f05f6c965052ffdc1e84679452506b4cbf2890ea247e
base/assets/bin/Data/b4b53a20929cbcf4b9ac6fbd2ea45c64	11904	06d4c261468a09c8887b9348a0a3ae3b38cda56afdbbede87e1060fed314d223
base/assets/bin/Data/b4c6cbc7804f5ed49ade83375f2e9c1e	211860	cfb85d3e52b2afd9bbdc6214540861c80bc13ae9aec7bbf25642d7154c79b844
base/assets/bin/Data/b4d173cb4fcc8aa45be9f1c9f5ce7bb8	10836	5154a9754ff7468803d0130eb4ed7848b08e2b304691c916a2f6cdba9b6b24c8
base/assets/bin/Data/b4f033ae174f1774089e90876eb3d447	26580	bc2b5526a0be48399cd8bf5ef7395aa16d28a29a5d749d83904dedfe364e02a9
base/assets/bin/Data/b4f5a813951a0af4595a6c5bbb97079d	28968	b9b6e1d49bd0f8e1ca848c262db0e3aeff2bf07924acc5fe7a9e8628b4512950
base/assets/bin/Data/b4fa5de5c7c9c8b4585cd15490e9dd2b	8752	ff34ea3f42c2565e0d9b6c657fdad2539a628df98e6603d51b70ed6e146dec8d
base/assets/bin/Data/b5302b84ad922ce449a9840da752166f	16212	739eb34c100538e44bd09ef5a7ba67f135562d3958abc4494593bcb8887efe45
base/assets/bin/Data/b54089ccb00f18e4fab38103d0ca1dfe	152688	6ad9f46083203f5c3e539ebb6db1fbbec88c64893571d7a67720d3b96792d810
base/assets/bin/Data/b54141ba43a0484459ddee264d3f2f11	9104	7ae152c66a1d168bb60cb3186f372c2c0a0253cd8a0538d2bbec6d7d6d6c8487
base/assets/bin/Data/b543e2e885592574e859b9744e0a6195	5400	84c0bcfcdc7788633cae3c9eafd99e711d7f07e28835d520c9828073e5c687e6
base/assets/bin/Data/b5707417e4c5d714db57e1465451ea31	16192	1640515b2ff388e3926121a15fdaefb3a481c2403cea8d0b116fc8701f6ec9af
base/assets/bin/Data/b57abdd4cf6d3e94aaed44a5c3f5aa66	2508	e60f1e9f3a8f37b84c5098dc40bda081a4c3e93dec33a31d80bf5dd6e892dc34
base/assets/bin/Data/b59839f00c2548343ab65c0aa6b1cd36	181192	472fc7ec49b1e4b3d697a18274fe802c0ef864e379eaf222272eefbbf569b507
base/assets/bin/Data/b5ca325f02cd64c458267f4dace2d3ca	5508	017cb7407bd7d74825ac97186135b0bbd8cd66762139290bc015579eebe013d0
base/assets/bin/Data/b5e59a673f743eb48bac8735bb42fa0e	5640	2ec7083d59d05e280af94b747500b33f306d91ca9f5331e154a3777df94756f6
base/assets/bin/Data/b5fc0ed0d213ddd42827e821da21499e	1972	0016bdfded121b85c0b5e77af80088bd9a6aee506093a6027a2c26edb830bebc
base/assets/bin/Data/b6152855ca237da46aa3178a5a4a592d	1552	717fac239dbfef0fc7aee7f7d88d4c28b284cda60ef7360d479f88135015ccb1
base/assets/bin/Data/b622815ccae330e48a1c7aaebe913d11	222192	51c5391ee05b57fc19a79687e0f5d347ca37bd407ceb236e344bd8650c35f8cc
base/assets/bin/Data/b63595800ff02406f97e85944ee8b5c9	14748	0d3918397215e1cc24cde92398721cfa8c54bdf08e8a6b35d8aa8ceb1e7b71de
base/assets/bin/Data/b63694267c9b98f4eac90b8c9b5fc1d6	3480	1d133537cb29757c24556a32a0371eb62f65bb315aceb31a43100899ea38585f
base/assets/bin/Data/b636efde3eee84042a212724016ffa0c	150272	153d31b5b9e31d84d3973761fd254d815f62c42b716df7e17a76e458f6064db7
base/assets/bin/Data/b64e9cb9776e4834bb5c62e8bcad4fdf	1904	512f6bfb196f87ba5a79606c6897f350914439e764346ae7e183bd32bf1c8ddc
base/assets/bin/Data/b66e31bf7f85d3c4a9b5d9f268119869	13960	3b329363c462875cb6e409611370750922931f127a3db721307f5f466949e83e
base/assets/bin/Data/b689ced805eb71342aa79f8cb3d188ec	8340	ef715a11ebcac864051bfa7905ca3ea66d63a3995fe618766323ba263e86cbdf
base/assets/bin/Data/b695f302ad7f628428f48e3596651478	35744	a154ade5166e61bb68376ded30a335e12e5355f9a8adc45afa966df8ee084f03
base/assets/bin/Data/b6b58414d1916ad41981820d47cf4e58	3960	40a009a293364e11a204f0760ff1e252eeb36c634e7db18e7a27ef8e011c93f3
base/assets/bin/Data/b6bd915b10e79c640a4f2d8f6a423059	7292	e2eaa445f204e469ffa3e451fd535797d7324ee78259df477bd979b7e60043fd
base/assets/bin/Data/b6e5e820a121b5e4fb6377e1cdb64422	5260	3bc22ffeb3592a42d29ee6f449398a0023784e53c0b661b260b4c6c9140b49fe
base/assets/bin/Data/b6ea70aff6614e946b8e67234b3769b5	4404	a3e44ef2eb1d534fa0999ed661c45e972fa95cb6ba647b89069efe3628d9d342
base/assets/bin/Data/b6f9dc3b95959fa4fa3baf51bdfcf21e	27184	f42b15c5d112290cc5b6cbcf29513de3022ab68e6fc3757db4447f899515cd25
base/assets/bin/Data/b6ffe14c2a5c0254c936f8a3f71b9d7f	4340	293bafb606fd99a6ffb2fef3d9ba723af6626e056ac4e383b5358d8e502d3d59
base/assets/bin/Data/b72642941632f8240afe6d4f9940d9d7	11872	1948e1299e88c4dca44408b3c97d99d855d98b4e2a970e356cc6231309957082
base/assets/bin/Data/b7376eb7346c15c44876a280ec22d1ab	8324	f3387c0f1e402dc37deb3ee70f5325bc2b4398d8308e81a08ae667252ea8fc9f
base/assets/bin/Data/b73d356f7fdd60f4eb796a3544a28b2c	20512	a9658ba5936d6df04d2bc56e5923263ffc707c853f7760bb4f31414f95becca0
base/assets/bin/Data/b73ef068e0afe024cbe9c0dc3ed595ff	19384	720cb5f7db986aef8f78a1abb890cdc2a368c634854f8ae3f6dd1cd8bd6869be
base/assets/bin/Data/b765b834fa6b7f8438c87ee424f6605d	8172	a88688a585f657c1df456535600c24b8c2c40a8f00fac782a655fdd8b6d7cac1
base/assets/bin/Data/b7aa683a5e2d94e63aea09eaed7b520a	70228	9f8dcb1027720c6f3a6b41cbce613df32b1aa96d8647663cd01d94b4dcd0926c
base/assets/bin/Data/b7b4cdff8c726234fa83cacad808c2ae	1676	daef005dd03789154dee04042bd65d84d0fe0ca9bc99e09e9f2849173188918b
base/assets/bin/Data/b7d642c6678090f4bafcd8168fe4735f	9032	84ebe5d464e0f073446cd88b1bd9298d1120bbcc13a7c2110cb27bce5178aab4
base/assets/bin/Data/b7e974bc9d66ab940ba4b679bf724d72	13688	374c3a73ee74ebe708130fc27b87e154aeb985a17b20f49ce703a22908d4824e
base/assets/bin/Data/b83c1fa026766b84daaa07c231a7155a	8792	b6d188cbb8c47367bebe50b808ffa24c3257d39acd70b721d98830c1bbc889ab
base/assets/bin/Data/b846ada93a094dc4a861ce4f49f34c13	14836	ed622dbb4296e6559f7221e1bea7a87f1632118b426b772e928aceedfbd16293
base/assets/bin/Data/b84a621041f31f04e8990ed8a9130dfd	2740	773fb17385f46ca2d6e3fa0f276fe3ba7bc76bf2d358657c74369454db3bf818
base/assets/bin/Data/b87088366196c4fbf9fa4a0a52f062d6	5720	c9bd7e54a3f19a0213aac311ecf028b2f683ffbb7f595991d267c2465fb4e59d
base/assets/bin/Data/b88c9bd0834e444428ccd7f52e7e7c8a	31992	ce66de70e8d16b4619c6e56895d3d8bf4a9bf122578baf075b10fd5cb3c29bfe
base/assets/bin/Data/b8ae9e96dad27f846a4efe7e37ecfad2	11244	37bd71aa24926832e64f747164a6a2df1e26f31aa44d0935d5c641e07c62ccee
base/assets/bin/Data/b8b213cdfc4e528479ad0b78d8b564b9	289740	091fc012b8900d2c16565113c1d70fd082d0f9018261f94c53b3d6ebb18e09b1
base/assets/bin/Data/b8b870859c8ab5045af130be69aa4e30	4476	ba0a810f96b8354d25654d33fb74d9fb5ecfac04571f8384e7d39976f371b681
base/assets/bin/Data/b8de4b5cc947858468670a5f6dd42009	4808	047977e82e7281667b86ec0cbf459e8bb23c873daaae7e268a36eb24c06f7a3c
base/assets/bin/Data/b8f05d82177b9d248adfa9a2b84aac48	59476	9a21e154ea8eab611f2459f69f4f204c60e7b5d3b17324b991fe2428bebd6d9a
base/assets/bin/Data/b8f97ffa6ae99944281126581d164176	9364	bb26452da16b49a3cd69c2421c4f2548d6f48ef18c413b1a9e625ba3f156b05d
base/assets/bin/Data/b907dc488e7cd4349882e660c89fe492	512	98dcd52f6bde3afbddce875bf09d91903d4f64957ac1012172157aad3a0b4852
base/assets/bin/Data/b91918d12b619d94282d51a71712b4dd	4472	72c0cf2331fcfd3c64bb28040ec5b503480af341c6a58fbd530367774922580e
base/assets/bin/Data/b93e00a00f3e9d44b8a170084ff9a1a2	28572	235d9058bedc441f48cee41fad4a4f93618da9400880a8444aa45393eae7cd48
base/assets/bin/Data/b93f00aefe40b414a943b6b3384d15ae	13456	7fa8c0722ed2c7e9af20e9c72911eb89c3c5d7b0332dda5780e11002121960ef
base/assets/bin/Data/b95aebc34cab71348aaac93854f57384	146252	f09b7fb4e4a6bb823fa86ddca03258b73af6fcc31d74e2b2216652a13a99f28e
base/assets/bin/Data/b974be8ae3a6e514984df8d77a21fb46	6104	13fab22808f4bf79c894f261686a87258cdb91f2880a7c194bfcc9f767845427
base/assets/bin/Data/b9958f35a2c8c324a862c3c9aa5236a0	5628	c245f52c5742b6169dccef8be2bc05adde766030c58d6f88169bcea44e0c8558
base/assets/bin/Data/b9b42c0afae81994f89e578f31492438	7456	51c9eb9b9f58d30340ac83603f0badb5317b200f0aa735cd9fb6554dc88a150e
base/assets/bin/Data/b9e428021fb9c514cb257a0f1b89808a	4548	795f4ed4388a4e5f9c1e3480a7fd8fd0b83f8823fb51f11a48095c61649936e2
base/assets/bin/Data/b9efdac47cf203844b836f2b888b9cc6	1704	9feb7d2117e6b5cef0bd0ae7d9d3b250415565f262da324eed0f5e64ebc23840
base/assets/bin/Data/ba0b8de9b45bafa439384839024cd657	273424	882dfb9bce610f8618c67b9f1aba6da9f33025519aeff715a504bbbab5afb573
base/assets/bin/Data/ba317e7f5bc480148bd3c1d025b88a79	3380	d0c1381301057a84635bfdb73f4e0cfea001bc9d1e3f4d2ee8442936dbb5d00b
base/assets/bin/Data/ba3ad5329f71cbc45b2f3d05574340c4	8048	186a63bdab942fe164f55ef39e85b2115b97d882e54b27ad400fce573e671a1d
base/assets/bin/Data/ba6c2854119c8454b902338519344fb0	127680	da138fbaab2edc4a233dbb67ac2437281d258d848c950c38ed34f4c20f622380
base/assets/bin/Data/ba72461917ed47d40a33bafbcca8bf92	343712	9fb50323cd21c1c2c3e359881fedc458ae90a1f985a55024648ba19b194a67a6
base/assets/bin/Data/ba7d938016cd645f3af214750df53dbc	728752	f8bf70a9ba54f7c1a4ee9861bb32e6216d2b7e39782e4da822170b222ac244a5
base/assets/bin/Data/ba885bcdf948e4143a2a604fe37fdbae	12264	5cd3c580aef4013363c8e2955ab6ba1dfc91462c5fdbb10f48c8fbd3605fc64e
base/assets/bin/Data/ba88d7bd909934944a83ac59a3e36287	11292	11da4c80bd4d1384b2d2ca05da2f4252087c43228fe77ad17a41b32666db5a1c
base/assets/bin/Data/ba8a460b109173b4599a510bb89ccab6	401228	da6b5d5520747d166c57334927cbd1aa4b8b6c0c954179dc6ea716fb0e01cfe2
base/assets/bin/Data/babc04bb8afd9124ba0d8c7ab2c7cdf7	183504	7aa2808ccf5e2e91cdaa8808ccc61ae9cf23e839ae487e0649fe014b61d129ca
base/assets/bin/Data/baf39beb4d4a6cb4ea57bab0f5c1855d	36984	6a13f21b554813c5f4c2e6360e0a6f98705d37db7e2203db8b3b9c81fc79ce2d
base/assets/bin/Data/bb084136d6cca09489ccf5a5de98917d	3956	75d6e0d9d6c24a9485bb6ec69d5fcea22077650a7a31edea7cea0b7ee5cfb4be
base/assets/bin/Data/bb12585589201f24b9e147a81ee12f46	118324	aac65e4a61a3e630b6db85bf8154abd4169d5683dec8a28e8bcd87475aa26cd0
base/assets/bin/Data/bb2f666f984dd8b4496cdce0b1277efc	7112	9c66e671de9d75fe24e5f69030a0a0ea45053d697089f141c85a8e7e3f8c127b
base/assets/bin/Data/bb3605aa855dfb7489d23bebde7f7557	4900	e9d0023d8d8ba2db5201ae44df1cefc7663f5d5b813f3081e404263dc090ff14
base/assets/bin/Data/bb381257c37f5a243be24510e0eef317	4808	a304ac86f5f26e589470c8c2986436c04d77eaca7d44a889fc5ecfa5e9675894
base/assets/bin/Data/bb4620d343024a84b844f4e326e07a30	10560	86a4076acb8c8a647c3612aae3755c370dfb2e7f10b77ff1ce106dc210383b55
base/assets/bin/Data/bb4ecd20547b99a4584bda97ccb3b66d	10956	d9fd563b0516f6ecbedbaa524744cad40da6bae43de0759756a914b50959137c
base/assets/bin/Data/bb7607a8bcd7bee4d9924c553676d039	2196	38d21fce029b753cc8dc11bdd0596e99406abdfd1f2a075c1dd25de66195921b
base/assets/bin/Data/bb796003f0ab17447b3e8fd47b323f2f	238112	3879b76ca2be525f8eb89a6160a04ce63d9848131adedf55d0705eec77799497
base/assets/bin/Data/bb7f5279ad832bf48b8351dd8faeb887	10872	e2c4354403719f409a3740c9cb5e17c7105e005e7f816379a062a35c07338446
base/assets/bin/Data/bb8b3028f1a8ab1438d7aa5bbf16f651	13964	0d0db954a04cf68bde778c864be8a1c1a3e189d7a3dc5f3711a2976bfd113a90
base/assets/bin/Data/bb8b4a7376c11cd49b9355654f2f3252	20004	505568037bde4e4a1130cc48f981b9baabdacb8f1825a074df487e07f72c9c9f
base/assets/bin/Data/bbdf4c606c9eb9e4da20e26715c3d9af	60360	279d7659622737e3c507bea9e09ada973e55b768e4c087f73964c3982807cafe
base/assets/bin/Data/bc1eae8f0d31e6844bf26ff894075228	340472	9e79fe1976cbdebdc34b663571e192e3dcb2b0c9a2685b864f3e3be701e620c0
base/assets/bin/Data/bc1ec500ae9b1204bb1a1827854a658a	411084	217beb47fb338dd263adc40c52a93babc327a8001e7e39e3d306aa698ae4ab3e
base/assets/bin/Data/bc1ede39bf3643ee8e493720e4259791	10028	d8ec003daf0c5a9ec0e6e24172448bc8d40b5bce0da85862ac7f3ed2af846c25
base/assets/bin/Data/bc2f262970f913f4d9691befc64381f7	6536	6b4932d359bef7e427f715fd4f5213ff9c8c9ed9cf76373242387c536d0aad04
base/assets/bin/Data/bc31421d5672dcf468665a1d87413ee7	3060	25a80f11d4eb4190e3e247e1346942f3a6ce494aaae6be5061af981fc8410e78
base/assets/bin/Data/bc35cacee8b09044fac412992a40ac75	6484	56684a08b57400972f320c54f42b82e2dcdc9f4b3c8f4067ed82c8464a129acc
base/assets/bin/Data/bc3e12ac728d8054d83e03a83aac1cc3	5964	a434906d01e5a11bf14f756d814a55670acc6894fe6da9cb4ecea984d84be823
base/assets/bin/Data/bc44d34a55395406ea7e169094e947b2	23088	3378303298a0810ff3d1589d9a7060624d0f633f19ae0f801d950f6024a1a176
base/assets/bin/Data/bc4bfb0f50c7b4b4aa56a454f1530aec	66632	b03545cdfd61e29274818055deea2a4e2b200e0d847f43d714384d0923834f61
base/assets/bin/Data/bc6005037d819e14d84c6dfe6bb0e2de	3448	f493bbb8d77847c71d43b26172b50677f9c4b47b8bc60ca5cf38be98e86ab846
base/assets/bin/Data/bc69ece71ce63b44cb983d8e14f99ac0	4908	35511d61439ace881079d0c2080067e0d0af7aa979683185b7cef2a7c2204f8f
base/assets/bin/Data/bc7bf6350b34d40538874649d4578859	18816	4684744e59ea9697336b6d7a1e6be8071a4b3e3af604edda4ae92a9418f31599
base/assets/bin/Data/bc7c1fa78b94f00488a7c6723f5de6e2	11136	8d8713d77bd11d14cf285ca6db61051293d1fa40ad57ecb86d6838dadee179c2
base/assets/bin/Data/bc881cba35704004b84643076649eda5	6052	11d18c0c597413d62186b014a2453c0c74f1ee4db04a4fff4a9b470e85287363
base/assets/bin/Data/bc8df906fb9c5a646ba73a5bf0aaaaed	11188	9d1b04548be729482f65a53a11472692349da85f48cb233d4df8c87a78e0fe83
base/assets/bin/Data/bcb8bbbc14fae794a9e55fc7080a21af	336288	b413a6b3bb5ca108f60b120677691757d79f8372570b15a2dd7d766882640e5b
base/assets/bin/Data/bd0cae73e504f7548a13b7c8868ecbfe	2176	4480ca2d94f4fe90e9e3d4cfc26008f5c1b27823bab456605b9018fd52968c81
base/assets/bin/Data/bd106b553b0915b4287b61d90f806e60	56048	938db04f2ce7a16f4c953b1721065f0c7cefab7f7711aa6964d7e3d393498bd8
base/assets/bin/Data/bd1250ea8a17a964497a11db204ff4c8	27148	89e584d39980e13552458ad724424c639d712381053282b41dd467a43e8147f4
base/assets/bin/Data/bd19ae7c08948604fa300cd23093596e	12764	18a915aad947ca0b0f73fc7a1107014ea12a77a292fd68767dfb47ae4aa96625
base/assets/bin/Data/bd217d8cb816d1c4094769f2e2297dca	60596	0ee673ed2014aa40eecf4257ee2b70937e903bb7f838c87e73065d2a8ae6ab24
base/assets/bin/Data/bd30df9fa38763a4a8a8fec4a3343423	52776	67c99fd820395d89e5261ef409a87be7d0f173ab70f418b00bad03a48654cc53
base/assets/bin/Data/bd31c6d333fe6994d80263af71ac7086	105024	d623788099cf78060167811818af3144a168cac5e643739cd6d042796a432deb
base/assets/bin/Data/bd357b843031045b990c54265fe7b16f	50332	b61b757bb92eaea130561d5498b15778d4e7de5ac6904675c39398aa3ddb93b5
base/assets/bin/Data/bd3c1e712f6c3494b9d7c1cc300e7142	118052	2b310ece8c3b8d3181d3268a8de4be37b3279ef74e3e0ee5c898b2cc14b6d82e
base/assets/bin/Data/bd59d756f74b5cf40a38b944ce78757e	189020	dd259982cced94d8901529540030057addecbfd4c49dd3fee53c5d3482e15411
base/assets/bin/Data/bd7e51db0d5b7174692cc55916254631	6572	26d12b02e270226f0bf1c34adcdd7746bef23fc3f9d85edb2a80515b641b730b
base/assets/bin/Data/bd85a1f8cf2583f43952e9c3e23188fc	1424456	599b963a9c609a9f659138adde40c54a0e86643ade9c1b34638a685b72202cec
base/assets/bin/Data/bdbfa18e717d25e4ebd331314e3b0b5b	7376	bf1b3d306e1a1a89639d2697a9b2c1342e1585b8548ccd758b02f3c3d6cfca9b
base/assets/bin/Data/bdc317c2775089647b3d3f9000298870	14880	1a62c8bf21a0cee3ebfe38b5021fdae689f0c3428b5d9d38cb5d4105dd97489b
base/assets/bin/Data/bdd3268a916b87e4e8a267ed3bffb306	3780	ffc08106408bf29b558b5b44637e73332563595e641914841a80ea7e8b3f1e74
base/assets/bin/Data/be028c49e2af99340a52dd29933f64be	1116	2d3f653898e5afcd330a90ebe51479af59ef4f78ef0be2671828651e3681edd4
base/assets/bin/Data/be057dd2be908cf43a92705278231abc	18260	d30f76be4d11e9971f731e7a790aa3c94c50d3765f50691a4a30b2f5969cc441
base/assets/bin/Data/be2696d1fb9a19e46956a6b5f49373d1	6116	795ebe9c3b90ce5633178e93c21a9d730234a50821b5a0813a864ee4a196b998
base/assets/bin/Data/be721a28b4662f244b27da961d5ac818	74784	a5d9d9549a825df751854dedf16c372cfd10bf6ec2e57c0694d512cce2cdb0b2
base/assets/bin/Data/be7f61dcc972566488022486285c32ef	75072	83c23fbda45487c5cd6816bf87a1af77ce0f9e6c75eabb8ef80913c6998873d1
base/assets/bin/Data/be8587eb203d7e443bca73b13116b7e2	7220	88c4128387e28c51118f5b5ed9a1147903f4ed971d3e4474fb7b9dfcd40670c7
base/assets/bin/Data/be88d284dbc2ebf40a97aaa3f274efe6	35736	c0c6d3a4788c2c20e4949beec43fddb412dba812e01c48dbc029537011fc7b98
base/assets/bin/Data/be92fccb40e3d5a489b5d805471607a0	314892	ffbbd89ca46055c1d83bd64d9e198cf5c6f30316ab418daccd5ab764d84dc4e6
base/assets/bin/Data/be95af3627f7fb84fb82f8abbbd81d4b	232344	c48af58d00105fb38d9fafa4c07a286bea0220b027b21b4ee3273e0de3823be8
base/assets/bin/Data/be9953ced9fd57d46850aae1162a93e7	28024	f895174d2cec1e4eadd168ee58866377068285931eff8a994abf9c02b3fd6560
base/assets/bin/Data/be9efc9d2d26bab409853d6527e82f46	32776	e36241414df241a0466f61d9536abb1e84cffc20c8f8102ceeb5cc1d43b40e65
base/assets/bin/Data/beac667967e490946adf039751760124	273056	aa0b3fdc2887806b8e12d10d619e2e02c19c1a555c077d87f996fa59ba203ce3
base/assets/bin/Data/beacb905da81e544788dce3bbe2f8978	4872	fb56f1748730526dd7a5bc90258b88bbc6c57881a26968b3337c9e15c6c09133
base/assets/bin/Data/bed8ebf2c3e21854981c92d739e0fc68	479824	20a9a4d6b521951936c44144ceccac3b872c318faa8171cbeb55247a52fa7f0d
base/assets/bin/Data/bef0d4be8c16d491c9bff5e49ddfc210	1472	caa7c99141c0eadbc1d2cb4f90446b439cb0663cb619ed7f7ffdc7d3c15c206a
base/assets/bin/Data/befaff8f3279bde44b3d4e12999dfebf	57528	75588ba516bcd1c88a24fdde6cf4c62504a9fe9ce6e373a0bc435e2fcc3deece
base/assets/bin/Data/bf0ccd5baba77474aac846aaabdd5f56	2504	4d7c526ae8fe44e2a306a69950883681f262b25ef40164a354a294ca6dc780b0
base/assets/bin/Data/bf258a95b6970c94dbac3a2f28fe0843	26740	52ed10c77b4ac159f585a3425ca758d2c1ec082f3f281f80087b0cb57501f8a0
base/assets/bin/Data/bf64257aaa3777c4abef123880c12db9	52992	ddb8103248df0e030ff7cf5b85bc05c63c6571a7e7aa9b454487a9c9fd048886
base/assets/bin/Data/bf84fa4fc505c4f42a7c39d2faeccab4	58420	4687e2ac2f31979c20bac5caf90fd046e8d129e8079c22a668a873bebb4304e2
base/assets/bin/Data/bfa0655949c000249af12f5019aa0e1f	2097440	1bd7db2ead55e6ef377650f87471fe303509ea5e1b3bf3c9d5119f4a6cfb5bb0
base/assets/bin/Data/bfada6713d6d44f4da3c7936301e0412	872	2bb3df840be84af41dff140befd491ea4c4604383fc2e80c216841187e17837f
base/assets/bin/Data/bfc4d7738066d4f4fbd8b633d690fe39	4764	3fda4a46253e45d68986de23b8b40ee7d68a5e5d84635a1b2814b07463eb8941
base/assets/bin/Data/bfc9586a95e3e9c439ed8926d8e8fe9c	19764	69bce72af33d23c18882f9057628620849671ec0470144a4d633d7acbf3f4508
base/assets/bin/Data/bfd60796d2e5c2242b481ec010592abe	6556	bf1a8ea261cfcf2d18b6a0284e68273fa5dcf950451a313fb25f7b34fa69f57c
base/assets/bin/Data/bfd7bb07fff844b159472953fe6b1d6b	7976	7cbf12c38f13e4c6f1d53eba36566c9b594ae75610d4815f4386a6de94e3e6cc
base/assets/bin/Data/bfd873bbb9c16fd48b5ba7c6616ae29e	1236	78f56977a2ed90fc9c52c2f3f760def77cdebbb9907fb6a59cdd554cc46ea9c0
base/assets/bin/Data/bff9257eafdb1f74f9c8f43457197922	113284	50ab4f28975da5023c0258d70f8ce17ee2f93cf8f281287dcea80c9709df5061
base/assets/bin/Data/bffce3474c501424d8e843e96d997e38	1288	d1c4a5e0e4d8ca6c99e235816d19cef354f34670117d09a82e588ab73609ed89
base/assets/bin/Data/boot.config	171	35e10682469682ae3a8feb0c758a07215e8d94bc4edde067e22369c12cc39072
base/assets/bin/Data/c004e001b45e60544995a64461cd8e9e	57980	c61ce76deb49447951dbf33220140271821c25a4a572385de65efdf5d25da24d
base/assets/bin/Data/c012a38b9892b7e4b812306c4ec83484	9404	0d1ee4627133ad22fbc3d7eaeeed6d170092a44edbbef8f4f2ea046734746fa3
base/assets/bin/Data/c0495fa5d766e2d4b87f1224d512357e	34348	bd1e3113652916511abd0c0840c68bf8850d4e52a8cadc868916a430262d685b
base/assets/bin/Data/c07e520e88c849442a3cb294e617f649	6232	2f6b1c29722104412f2f4d3d005ed912ade36c4b3103b27d0685c717716ffa21
base/assets/bin/Data/c08d5d42ae761a844904570cfbfdd681	5500	2fd83384d6e276249fe2a0005012bd20549cfb19088a05b04cdfea31d34f4ea1
base/assets/bin/Data/c0a1e9259d35bcf4f9bd40f2b37b5c5e	740	87d72446fc17c3cb4a080c2c0ce5bddf5403c1d9be1aba6aaaf01feb73bbd33d
base/assets/bin/Data/c0b1bbff1ceeef6448c4fbfef525507b	4812	7a6b4c328bbabdcb07b4a8e609780912362c07d9d57ceb820c2b8ad860c233ae
base/assets/bin/Data/c0b35541b62e44644ac6637fa346df24	1812	79f72c5dc0971db70620bc4e9728f9bfd33504cf107075871d8803ad6589bea8
base/assets/bin/Data/c0b56c80053245b4b97097be861029c2	1508	0a171680c5dbff06adfd1887c9a2612aa5dc372cb66e92f8c605786295d50556
base/assets/bin/Data/c0dc8132a609f1c419ed8ae3b3355c55	4072	8d3b246895c0a79fbec86a2450148a7f02ce92c72f01abd4ef89f45acefc4bdd
base/assets/bin/Data/c0e279d23bfb2ba4d80724f90cf79354	68704	b0546940e3b297bd282a3657c7c50d46a7b730d6d6e6b0b21738395d6632ac2a
base/assets/bin/Data/c0e74360e15c7aa4fb94e069fc68c7b4	84904	7d1c4faa1df4b498b95d60d1043a0b33b3c691241e83f675ce995a77357aa832
base/assets/bin/Data/c1255fe284397ff438a9c1f77991454a	3568	c854a05802362d27eb9be7282c34d02b8f4f38fe85ec44c8fb9a71107547067b
base/assets/bin/Data/c13c697ca5454b54187466c4412a3078	295304	077714b95eede83c4289d3bad1386a13170db882e2baff6759e8d52ee8e4cfc2
base/assets/bin/Data/c150dad6232366c429427d3bcfa8ee7d	36440	84a706e1ef912a26da8ba53a5bcc55800de9cf0851dd8679acafaff1be463801
base/assets/bin/Data/c173471d66d08d74ea0401afe3b92786	736	f520aae1e8c00858ad6b774f8fd8b25372cca05f76faf3704f780bd4b80b5736
base/assets/bin/Data/c175f0a6eb4d26740a2126e63f63db95	28204	a655fa5693b0a8463d9b9e9d2acef5ca0b379bccd18afcc5d8c315c6488025ff
base/assets/bin/Data/c17ec2228a70b9e40b1be80eea6d2a89	4476	d1b2f41ac2d3ccbda7abae51e541853767b84c942b81f1a488e4c520ace92504
base/assets/bin/Data/c184de361fed080488dd7371bcee7505	58396	ebfbdd3bcca7e5a547f7ccc7b33c2eea935ff5bb4cf9d12e919744bdfd0089ea
base/assets/bin/Data/c18e9bcc21c39b5429a2455946a166cc	1880	45c3230b253dad17bd46f2abe388ad83e0eebf770a5303d36beebdc6b486bd61
base/assets/bin/Data/c196c5e5782d7e64c97669227f6c0e01	14164	5f8a66dd176ed8b967cf12745c92bd85006f0b5884bf4272aca3e39e37c56ea8
base/assets/bin/Data/c1a24b7cca923ed47b26782a01a8fc26	1676	062508a02abd9a417c456e91b0e8110f7d6936a8e3c8f11ce23cd731442a7390
base/assets/bin/Data/c1aece7827a861349ab7799b7c3a7d76	6364	8ebabec12cbbc1860c4ca8e4ddd9903de1ab2d6d67a3cb900846ab1198b8e660
base/assets/bin/Data/c1cfe22621486e849988db16438f08d7	6532	4606a68f5dbac53041419c5af9009f8d17e541a64f2edeb3d9897e360c6e7a02
base/assets/bin/Data/c1f58785becd5fc44b09c1a5fafe995f	64176	43d5be5517f553e2ea505ecd9058e7147b7b2b80b54aaeb44091afa164248b40
base/assets/bin/Data/c2039afbb49030c4d807dc4f7d7e3770	3992	6685ca95319af36d1ea39ce221fa4e9dbf07f28fd9e8d9e20f894b9ae19a7717
base/assets/bin/Data/c2377c1f7e6a0cf4ead14d5982cb34af	16744	99e44a11bad133f04a8d0eb5fd6ce2a3ab01c6f97487b341e5e0844fc1019d48
base/assets/bin/Data/c2403d8a51a1e414eaddb308d63837b7	87056	7ba47599ecb2b7b9b1cefbc0166ef531e947c17d9aee80a04c2d4a91a32d95fc
base/assets/bin/Data/c25c15f2bb7aecb4dacd251fd3c0a55c	4104	d4fdde2df4822f8c26bea6cf0faec86f8217c898bbfc07ac8f659637e73a24b9
base/assets/bin/Data/c273a94b3f844864d9fad6590d84b8ca	8676	105aa4416588f3550cadc72b05831afb051ad0930adeafe452b80b342b6d8094
base/assets/bin/Data/c2c0a04730737d242a3c09a554f1ad48	423084	bb3f568d5d7b4a58020ffa8a32110432d9330813eece8b37f634b79351c45c40
base/assets/bin/Data/c2cfa637d5bef48c2b7d3bbf0029b56f	55348	8018099902ff7b6570779b71d528f53246bd080d67b48efca1ec0b4837393392
base/assets/bin/Data/c2ff553a44df72a4380848c77bd8d5c9	42256	995cb3dd4f600a85fa2794c4d62a939adc8df876847474ef45578ec77187ced7
base/assets/bin/Data/c3000a31d1e600449bc450b07f2e98fa	4948	6bf7767c98494aa962f865e1b68ee19a2c357c31c496a56302d7f1296131ec24
base/assets/bin/Data/c3227d85ce259d6488254da71f96ff25	5944	6c3cfc941c31cbc54cfcca7a84189150806c5a9e61169c2bd43475676202bec3
base/assets/bin/Data/c346a3a4909fca949aa051675c917306	3116	40879ccd02cac19ef445aa9e15d2cd842600238f2f2135d12cbfc1ee83945915
base/assets/bin/Data/c37a66e964e5b4f5c8aff430952dfe65	9500	fda85b32987151867d68f946fcfda141ee88c168b15fc237517f357303c8264e
base/assets/bin/Data/c38b630670dd1ab4f823be74613d8a4b	13340	94c97b9854d0012d17ef7ee0d7b25f50350c7fa4174323b779670e98dac39f43
base/assets/bin/Data/c3a7b97a6c8bf624ca3825bb8b859430	21916	01ddc412d9e46dc6de1ad17baad3f9292ea3faf79359ab8a3e35fee291641a7c
base/assets/bin/Data/c3ab3503db5364a41ab85b8425e4cc22	110604	e8dc1dacbb8027345cc7ac9eed1db24d12fb19f7c0ee521660f79d9d451345f9
base/assets/bin/Data/c3afe4ecfa0cb094499df744637d1a6e	35604	a59dd9d9b2c90865edbd3e186941e793ce1677e7d2b41031f040d6c4442b3fcc
base/assets/bin/Data/c3b0568f48e095e42b93054ca409638a	3268	7c96122982e9bf313587b1c5378e6e88de45437463dd99d21df49a216a05fb7b
base/assets/bin/Data/c3b47822dd061254daadb55cb91536a3	24176	cf07ee352c99c664f6630516a02084fd78d2afaf3706007b50c0623949df6853
base/assets/bin/Data/c3b4f57d722de924ba5bbfa5cca1bc7d	14696	83cb67da7bb96d7bdc6f0c2823002d337741d01d0b0d0a240028dac821405d81
base/assets/bin/Data/c3d246500a50067409f07180d460f4cb	18004	53558c1c917774bdb1589df71146d484e4a07f88c31e4cb4a5696b85fed43ecf
base/assets/bin/Data/c3e125b4a54d40448a58e5ff4933af15	284624	d62a752da4fc2f11a4ee31f1302e98305365f91d3430da4368fc40c1e82c7c75
base/assets/bin/Data/c3ee6325c2b457b4e8257a3daf4a7036	10224	111a3dc6cff6525fb62b9c8c44a409a9f5330015ae89a68ebe93886b008425bf
base/assets/bin/Data/c3f054c0c17f6eb4ba363fb3abae5ae6	3720	769bc080bd187152c3164b5627cbf5d4d2a1879da18d3dfebdc6ed4d3490f46e
base/assets/bin/Data/c41005c129ba4d66911b75229fd70b45	3744	a46e76e9849adb77720b1c7af45430204b737cd9d324d696057534209476f09b
base/assets/bin/Data/c43991d3b0933a04797cc5cb834fe8ab	16504	272e9604e4987153891ad8c64c0872912018355638a626dbdebf500865f30fb6
base/assets/bin/Data/c4501f72f49580843ae1fd72e1220049	14580	544c83850edd955a68cb4a33c427f668d76bdfd6dcc16496a43504a7245db113
base/assets/bin/Data/c450a95b99f230f499a3f6895bb089d6	4456	e554d8b6f74ce7c3c0cac813b98756a40944c2daa72f358528a65183216be3f5
base/assets/bin/Data/c460224b83d80c748b1509b568e71bfd	4800	5eb55139a5bcbe41cb7630d9afa8be319c1aa33b89e7c67334e432d7e9ec7353
base/assets/bin/Data/c47446324b5dce94a89d6487a664f2e9	126680	190f6e4805b9521e5b86547034692fd4e05f3b190666d5aa9a478555b5b41241
base/assets/bin/Data/c486b05cf6daa4a768c3519babc93663	50116	e71a96fda80897c580e5c5c3b42eda19dbb626144fc6ab09e130da55a3b19680
base/assets/bin/Data/c48cf046a54cd8347909768268924c13	8584	c535486c7f8dfac4972f97e8b2c2bda194ea1984e0583cf4f4a911f00f5292fa
base/assets/bin/Data/c49bdef20932e5e4a949e15cbfc218d8	16328	1d2245a9454376ac5a3fb331c3f85490cfdf896a1f68ee0def8814d68458bbf2
base/assets/bin/Data/c4a74cdea231ed8409e39fda8f3faece	17080	e002d1336056983d94e8f550e0127c7d26ff653e31afc70d1af9847c8e4986e7
base/assets/bin/Data/c4af57455082507449647af11623448f	8152	ec8f33ed60559edfe72c29274122dd9dd6ca5dc49c5baf6b72047ce765310728
base/assets/bin/Data/c4bd21e97ef545d48ac198d3de40796e	38824	e579ac60872672f8a299d698801ea19f6f40c9a33a827c13558e7654c41c44da
base/assets/bin/Data/c4c43b7ecd50e0d42b066c3a3a8e31f1	11400	7bffdbc7c34f3774f7cce35d7146785a6284fa142fe723a2711639ced20f265c
base/assets/bin/Data/c4d448592d24f1f42bb6ae80ad44024a	2916	1e9ea9141c4f3454424106c7ef856a3ee7ac14f63a36c87d2ce75431f8f5f001
base/assets/bin/Data/c4eef2b546a278e49bcdcf6ecbf7f8e4	13468	b8ec019e22a568bdc20e92b04ddec1830d459b12780c444f9fe745805d56275a
base/assets/bin/Data/c505cab966517ca4a8758936ce9b48f0	3452	67ff91af619d9746fd5c0cd09d29534cb6631dc7c3cf5a4dda3a3a0955a228e4
base/assets/bin/Data/c518532f4a7bfe74e943e3469b970f46	40516	832f9cc8772f76a50e35b45d3528f42871afe4b37aa2368f53bfbaaefc9d4118
base/assets/bin/Data/c5229ebf861bbc04abe4b0a3dfae0e41	4704	13fb35c2e69276ae839edf108832aca75ec66adc401ae43e312a92329b74b91a
base/assets/bin/Data/c53dcfe5a1f25cf4f849dbd8136b527f	10024	2368ef83a12a85b6fe3abfd9f12338ad1fa22e065498aaefdc018ed32b935f97
base/assets/bin/Data/c54298f3b12764145913bbe1c97b7768	10584	b3f0f46f324f3a45c6eb196fb74eaeb0a6f02ba428e1a986ff086504888ac61e
base/assets/bin/Data/c55204e2c96f0df4a9f5022dd586c59a	11136	9cac535ae5b2cac1315fab8a3e08abe224c13052d59436d4580c0de51ee84afc
base/assets/bin/Data/c5a07a018cab5bb40875c27e27d550b4	4944	91a9777f2050d048844f54f7780aa05bcf4b83c7a311fa9b8f807efb59162e14
base/assets/bin/Data/c5b18c2f3666d4de7a587d5696d2c792	76304	888d65e98b01d45dbf16e8c607ffceb5b5d5e2a146945bec88133fced3217ddd
base/assets/bin/Data/c5be7252783e934469fd47f0e570946d	33640	92d8524afc39e60ece2222aa7a77e1721ebde141ff5b21ee999ebc935b441c8d
base/assets/bin/Data/c5d5915e2a378b94c8fe49ff2e9a7923	2232	1a916efcc8170266f12861075cfb3e1258f81093c36fdc260a6fd27cb99699b9
base/assets/bin/Data/c5e2fb9f7278a91419fdd25eebb981c8	2768	84c5dab944751cbe77751f9db9beaea76d7840153cea32ff369134caaf83be51
base/assets/bin/Data/c5e87c30003625a4cac055fede06a732	7224	a9bfb487f568b0642b9af43c88eb639a269e163af6a96d4f4318c991e665385a
base/assets/bin/Data/c5e9e314bafe2c746a3e6261bc189c5e	238112	3e97bc1294f77fb88e3e7209cac0854f8ba7be94df11c56074fe504a8d16d882
base/assets/bin/Data/c5f53e11202cc424bbccab7a5f85e19f	50320	d669ca5a22d2237bad30645683ec97305cc6869ce8797becbf5d205f52063d63
base/assets/bin/Data/c5f6f6762bfc77e418d4ac5b17ce42a4	4812	40ec5a20a4bd79fc5a478b4e1d759dd3a17f8e6148dfb21c65bac525b6090a9f
base/assets/bin/Data/c614c9c4d92cb324491e245b9f801812	11068	a6ba744fc9f29255fe9d620aa91098217ade535b2f02cf37e4f985d590e9c71b
base/assets/bin/Data/c62a391c392179d489b8091a7ffc2fc3	34724	4648806c0fc5eae01ef76849ed1f4bfb31a19cd8293d73dfdcc05ea608843313
base/assets/bin/Data/c62c14e18116fa2439ca9f2d953abce5	85960	ece084f1789a442b1559d35ae1f0909cd3ee8967e63208e68f18913fec369aa4
base/assets/bin/Data/c6328d8212feab74f8bdaeb9dc36c88a	42276	862fac4f5b3d29fcc9309b41440b06d938c3f27694e1c47d4a3901fcd0fe84d8
base/assets/bin/Data/c645265b043555b4fa06562f49c2a4e8	216940	ea5a0f7d54d61e0f26aa2a5b6f3986bee4e486292d5d746c437bbde17fe73242
base/assets/bin/Data/c651aaa8386e54d4fbe82d864a5cfcbe	18696	49dd14b71d875385e3298d684cad5b583933abbf330bab29f0488fc442411508
base/assets/bin/Data/c6614f34620810c4698a7c863e3d420c	54392	4b14d220ba6b5b2b1c861c61b97207e31f37629d658cd1331aa354f42f4320bf
base/assets/bin/Data/c665e78682eddc34dbf42a5f4c0c68ea	43672	e47fa1758242bab604f82cf3f6dbe31d8360a61e154713cba1263d9dac55bceb
base/assets/bin/Data/c668aa1221ae7a44c985d460eea5a225	102688	416a40c17a9a8f6e63d75c118c4bf6c745c8a80690539bb0f3fcf6e36f2e1a1c
base/assets/bin/Data/c6786e763b9027541acbf67ac2998992	2236	43b32b8384c67e53e29b6e8da13e891f9b07e77fef5161fd67d0b56ff10bc4dc
base/assets/bin/Data/c684ff8bf0f6048dfb9bc39c0dacb8a9	10772	8329bcd39a673b86a6e5e65de36a48db71636dbc979f4c44c63c2bf3b734a570
base/assets/bin/Data/c68cd7e125ef9ed488bb112b44f7175c	12192	41aff3251edf6d30aae9d8fa6fa8dd58c8e8e71f172d30e1c4a0221cec9d88bc
base/assets/bin/Data/c6a8f2f96b5083043997171a0ef7135c	25056	8be78ee7a2ecbd3e4238734960f7f56f4e2eb8776e20574aca533054c2e719aa
base/assets/bin/Data/c6baed8f8de030247bf8fe490c6a9ad8	12900	328772081140e0b3184ace9dbbb13256f3294aa15ca387b2cc690258450926cb
base/assets/bin/Data/c6dbb6ea610589b4eb933633019499e3	5840	5c4cc36af98049f397a7c6266f4017fbdfb9b14a548a12904cca7ee84c425937
base/assets/bin/Data/c6e915e722d8b30419e0c9e73ea64aed	6864	287640f6813b169b2c5fab4abeb07d3e42bea56bf878ff783aec6ed13f60993e
base/assets/bin/Data/c6f30968dbecd384180f1e6d4bc55bfd	347468	215480d0ddf2d4fd499571456f53332e7e6b36d219df078ac055b7afb9e02f35
base/assets/bin/Data/c70800ca52f3a9549a7c48ebb28b22e6	185960	cfaef0a7b161d8b7160cb02d5d4355ac69f506ed2b970a692475f7a5e64ea7e9
base/assets/bin/Data/c70acc2e0e1d56b4fa761999508305d0	125656	aa5b838dcb0a7900387951c709fe23bec269a07f2013ee75362c5d2fe5646d6e
base/assets/bin/Data/c72fac5d6447c574988c58563aa3cdd7	8512	183bc383668d66d9abd6e85eecb8aef429ccbe3c6dec365c567aeaa7fafdd0e2
base/assets/bin/Data/c733b12e582209e44bafab6c682e3562	9552	53b286542f75e7430525e9f2a67717bc33736f24014faeab91e6c47748432735
base/assets/bin/Data/c73d1e10f49e19247982570ded0cc2e8	8760	1a73ebf53d7b5059cdfcc0f682d46279d799d8f8cb586f353a79941897c43a53
base/assets/bin/Data/c77bae82431e54b4691ab827b8f04089	4432	a0065f4fd31112a2c9d60268295675aaed937ebe556cc034e251fa60bfeca670
base/assets/bin/Data/c78b7ecf873811249a7324b7ec21f4eb	3432	baf2233e9c27eab1e545a4c6142eabfb079a3fb40d1ff8d9b3f6b54f94d846f7
base/assets/bin/Data/c7a0e3011681b2c49961383cfadbc927	36672	4b2f62ad62b9b4642cf5148f8c6c0441fe1b210de69aafa5925878161917be5f
base/assets/bin/Data/c7ac0d98009b5174ea99df33b99363df	5224	cd70bc47bd8a91418ba3fd7de1f5092362a9ef77e637ec295291c2f14a5269cc
base/assets/bin/Data/c7ba2457a7d995745b09111c2fb1905b	19760	c8b9f4747c0cac48748e151ab1628347ba379682479e7570301c507f3594c209
base/assets/bin/Data/c7c09d24c0cb12842b57e5aa9875f422	222336	ee229bd19e5a21cfd0d1fed73b9d4a846d609fc93acb0d1006ba819eac6ea004
base/assets/bin/Data/c7c80fb0cd12c264686c9e06f0afbefa	736	ab7920b5984e46f49087db15df9eac26b1cb316bd52c35abd17600791a9f71e8
base/assets/bin/Data/c7ce7eeb643e57c479c629a98a2272d1	15256	26631e1ac1c707b296a8eea3d3f8304b3f2b4d0b3279740e317833b88c512e1b
base/assets/bin/Data/c7d2483e5956ca342abc63e67c5269d5	55044	0c8f01154d48647b9beef4194a4721084f798fef1748aefd8dd7155572574072
base/assets/bin/Data/c7d53a45d1b63994f9ac908f5df1e20b	38816	b19b7dc29f21373f0110c0b5ac5e5aadedd3060c6bdbe6438ce9f45237cbf93e
base/assets/bin/Data/c7ef2c91cea6283498217eb92ad42b59	1334280	40442d710f2cd7254f8199691ca3b038b3f2efcb331730252e75c50c43cf814a
base/assets/bin/Data/c80b3b8fd68234dd386478efb6d5168e	5520	10b69f8a002446c6bfcf4700f7551306b2cd85c85446150b44a028a587279ab3
base/assets/bin/Data/c80c0b3eba8f526419080db347cea499	1652	f6dc5ac0e1e00df3b276ead89a5b7e0015d7d52b79581e8aef1dbc41e8b1e8ee
base/assets/bin/Data/c85958676a48e5244b40cb4098f54192	45856	25579e01b95b1f321d67109be63cb37094c637041938399a5eb931f4305b5802
base/assets/bin/Data/c85d175ba1199334d8a1a2494d198006	10676	3c8fc908db5061b9017279bac6346df1f4e5a6f4979c39804c3ab109b994963f
base/assets/bin/Data/c88df0fdf82c7a44db3f0a547a9c6130	5784	b89ed5a568d1be51f9e86e8bc6c075af72b6dbb9ef0f4ff308e4da903e5dc27a
base/assets/bin/Data/c89dbe92d528ace4abd9e756d95d92e6	4696	a0ba9cd89a435ceba470aa77a53f347f1d7149f79aed5f80704ea4d4d8ab3182
base/assets/bin/Data/c8a3a31ee9129de49b0131fbe00f7afb	21000	43ba84a45d95585384c14131e438372c6ed61f36e14589bf6215e39545ff16f2
base/assets/bin/Data/c8c120e94143c1b4b87a0b30aa2fdea2	75492	e3280aed5217b7a35606f0091aeb9b55e2675bc8a37b49a98ab2dad5cf27d881
base/assets/bin/Data/c8e7775730b475243a9319bd2cf81a90	4956	d704d2667ccb6c0db57b80783edddee29a9bc6b5a0980358fef57aebdd7d12d8
base/assets/bin/Data/c8e96256413699d4ba566d0dfe43cde4	11728	cdd00519e04fcb6eca07d723c2cfd3bffb86e4e9a0413da0f9312d0d8fb5a058
base/assets/bin/Data/c8ecf136cd54fd046bbe23313b1b5190	7856	697ea566ea8a98e6c16b0aa29479ceb525396301ece9143bf63fd03ce89e8c48
base/assets/bin/Data/c92263377756d64479b307493feaf755	6584	014443e021070bbe918bca9fe827ca9ca16055ff1847d97676ef7a7b8e283732
base/assets/bin/Data/c922bc522a2715942a6316f3ba71a761	5336	4e0b07581a0c2952aaa9fc127b97ec7c75f7e8abdc6a03417de1d92fd1498c19
base/assets/bin/Data/c92354d52043d27419a2a35e8161f753	5656	dc9422c7e34c8652ddd6da88ed34eb32bbc5fe1f48291744c6919475a27d815f
base/assets/bin/Data/c939686f118ca8d42a114de5bf4d2032	7424	7569471b5ce46818283f5a4bee816bbcd92b5cb47d633690a4c7b8eab5c33d6a
base/assets/bin/Data/c9418d2462ecb634a9772d4bedc3472b	5520	d65435a67232fc84fecab8a244a8daa5b4c7682657b3da4fac5e4e5d7dbdfa58
base/assets/bin/Data/c94df16a6204a744689706bdf56b13ec	3448	e21b51fcf7d8c10ecdcd252083d8d8b4adddad5a80558bb56ef104fe941dfc79
base/assets/bin/Data/c9795273bddfe5140933e5b0eae5e90d	5852	e80f195c4bf1a378130a884b4373f8018f408e1a62f8c8938ea9c172afab0b4d
base/assets/bin/Data/c98f709734fc3a047b9d2ab3d23c344d	38228	4d9ad9863cec5e426a89be989f662861b8bc9add47f6a6ea4f218a0d21fa9c2f
base/assets/bin/Data/c99da1f43fd6c214093b5213efa9acb8	5688	02918ff2c57cc46f4609e8e5e5b2fe9a243809b96d0c96ed416599062f1f5773
base/assets/bin/Data/c9a4a5d29caa8e84e8a06e29799ecb85	11592	dcc3a95e4b5127156a2ce0c7d1c5e050dcb83711406a9f2ba083a0663ecc2c8f
base/assets/bin/Data/c9a50a7d47a869a439cbbe85eea1f907	4816	af4652ab838d450c6afbdde47248339c8f90ceea8a1c7e08255951448b283f6e
base/assets/bin/Data/c9b673a8bab2d124fbf1c39c54bf33ed	1824	35a90518a287e245ea186037889da491a9190037d8f6bf3579aa56ed91988f88
base/assets/bin/Data/c9b796c90309c874ab5db6723461d5c6	9168	8a9a8ad2d89c3141d0c4ea3bf679aab6d1c7f0f80b722849328dafb0680b6237
base/assets/bin/Data/c9baaecd476d18b41bc2b5763482fb8f	72244	e5addb1c8fe45373586b34831bd6655c0f00f3964af8ab30b44b7201e6c3591c
base/assets/bin/Data/c9c51bdeaf4f8eb4aa4bb1c388812dda	4296	fb20ac9eee321945e546e23fd2ee948c225bcea40d78c0566f1f2b9ce199e812
base/assets/bin/Data/c9d7e88e5166281419a364cbd47e2f5a	6104	0bb48c21a37974015dba8df114d813a81d7b7c681b67396d16755d6de03ade82
base/assets/bin/Data/ca0abbf19167ff846a4c900a0d95f631	4116	cb1adf5c351ab24bcfb2b51128a2145969d8f7dcc2853ad4f0c7c267e81a06c3
base/assets/bin/Data/ca10ef9f57aa1d74c9d5a5e975f99c28	4228	4de18a54e8dbce1db204079b24c24400d9fc7c98dca55284c3180714701d16e2
base/assets/bin/Data/ca159011127946b4e83223568476fc49	7324	ab971767ecd31050506c2232b7aa7d8793130fab5f0918ef47e6ea02e79e8319
base/assets/bin/Data/ca291bdbc67f16d408811ba348c860d2	4208	7daf79962a5dd9d4ccf6135b8582bfcd773dab071f965e0bd78a1b6b156a899e
base/assets/bin/Data/ca2ac1b161081654fafd43698af48b49	5620	a0bcb418943193ba6de8a2bb5bcb009ce81eb9dc32a199be29e67ac6ba862227
base/assets/bin/Data/ca3e294656861a64b8aeeb9f916da0a9	964	4e46c20e234f2b5ea933d06441ce37a99486ad933cbadd6f60e606b4941157a8
base/assets/bin/Data/ca4b7fe3299c69545b82d1acaf29a873	126008	03c3fa1d3a017177112ad8df12112dc94c7b3b0c8f47037e5ea7fca10952834b
base/assets/bin/Data/ca50d1d8788701442b9b04b2f3bfca56	20924	6dfdbf7e9c1e91bedd621a6e48ca63bca40fc133b20877ef27e60912fa5b6aa7
base/assets/bin/Data/ca511e75d3ed0a540a3bf4848609cc85	83460	288f8c98f59a09bc567bd08fca38002937209510c2d830876c3fb4f3a557ca98
base/assets/bin/Data/ca5e20098010c4ac791bedc12343a7d8	39288	e7fa846b9995e093599a2011df64e597df8b98492dca7705e1e37b185d91a338
base/assets/bin/Data/ca6f7044fcec7774aa65e1a3a1c4c960	8092	bca34450e25d0151cbdcfb641c90ddf1a95c537d987e6a78c33f24cbad302088
base/assets/bin/Data/ca8aec4a26e954942a4a0816bce7629c	27708	42ebb22509b0e715129b8fe56defe457ceb398e73a153e87bda385fa66c0854f
base/assets/bin/Data/ca940e3ff14b26e43b6350937ac8448f	27208	447b430fc7d5e3a7fbfc1f802376b56ad2d6bc37e595ed5bdf8611e71955d476
base/assets/bin/Data/ca9cd2ac9874f454c9e2448e7a3d02a7	2200	69f3389dbbf735426330635f6eb899492d245d283e18ec60bc698ecf1e213956
base/assets/bin/Data/caa26efdf75cdc346bcf73d93958a31c	6476	48f583ff2494058dfe961c5d2829bd26fdc9bee71eda31a6977546e108d1deb4
base/assets/bin/Data/cab27bb6b91728a43b101002414049e8	8696	f5d1ff9744f0df8be3b903ace09dd66955f6847559ea8c2211d76a81c8d4733f
base/assets/bin/Data/cadb255b7c93f61439e24e824f0e574d	2888	26abbe12577f0257330ca644ef77570f8c10dbd399de8908a30559c6404bf7e4
base/assets/bin/Data/cb0c054bf3084314784390d12207960e	2480	af6c3f0db512adfe45f08a4a6dc4a4a96fb59268b11a669ea0d24078e8812b08
base/assets/bin/Data/cb2a5c10d02ffc044b810500f8ffb601	4920	e444d4fdf99d7ffc69667ebf609fd1a4709b711fa24d372b2c7179b01ce801f4
base/assets/bin/Data/cb370fd0383a4534b9864f5f9862fa0e	9568	c252dabba4f69e5ec07df73ee89b0a654f6ec1dc48bc3d129dc8893f2ca141a4
base/assets/bin/Data/cb45ed840e665cd4ba78ca3c21a2db0f	80824	3863f408805a936046faadd78cc171e7b40426dbcf2231df405a33ac504a64bd
base/assets/bin/Data/cb4a174a3e77ee244a0be5bc777d8a6b	4556	4ae587230667576ee647a83a566868d31736f7476c78916a3b0229146bb44347
base/assets/bin/Data/cb636621efbc48240a8cf91e033317b6	52784	dfb8ab5d9535d17809864ddc3c9868177ce124c0604b78f959c66dcc894960dd
base/assets/bin/Data/cb67c873444a57741aa5470b80a2d724	66552	d59fbfa84c0bd1a9571561dffa2ab90f0eb0959d29c4ebe68dd47303718b39d0
base/assets/bin/Data/cb88f52b8bcad3c4db5f4515438b5f15	48756	4e3e85759417c320e4c8c4c0493b9237f3c7a3cb9e1021092eab336d9f786349
base/assets/bin/Data/cba1068dc3d846445854e5bf3e5d2d8d	1016	13f9ad0b1b4bdada9b319d8c580e86ec9c1ef628dada0129d47404e7f79e2caf
base/assets/bin/Data/cba8adf3029cc82428dd8c97ca10a9fb	33556	bcb7d8d03092223d3093ca32a6df140ddafafed548934dee994629abd9cdca16
base/assets/bin/Data/cbade924aafa26a4a8980c7fc55b3e5a	7892	72ccd2541729db23edc0fde09bde9b1f8af326bf74aafad05f80c88205f3ad5f
base/assets/bin/Data/cbaf44abdbaaa3546823e3484b4ac915	7168	7074407bd97e41aeab186ed13f081ce10c6d1d9d5305fd661c30a69297b4e45a
base/assets/bin/Data/cbb0180dc5c521a469c1d9eb5f33f49f	260712	5cad60c2e40482fc3470d7ae30e4400e21c01c02709e084ec5b258d941e01811
base/assets/bin/Data/cbb450086405f4246ad0c8c1362eb076	4700	7216aa2273ee9b557bd19d1211781ee1222d52b1241605168ff95848b2a7ee9b
base/assets/bin/Data/cbb466b14e10d2d40b9b62d998ac28f7	896	df0ae64d179195219547ac9cc5e99a094d3ca39bc6eeb40b01ce5094302b9021
base/assets/bin/Data/cbb9827d4459bc1428ac5b257d8f0500	14100	bf0ef5f2cf2cfa02a56ec1b1edfd0ed06b2b2f7585e9d9a9a3761be8c44a896f
base/assets/bin/Data/cbc00512fc942f848a401670dc7e1d34	28292	c6358c2afe3a270b1e131168a2c0e161bf91b390bfc743571aeaee7dd64d4cb7
base/assets/bin/Data/cbe6a2ce5f20df04b8d476a606ca814d	32932	35e00cc11db43eb815244070078e148e3c6ad8332034645ee1a80893f7222e95
base/assets/bin/Data/cbe967caabc32f64690aae9a473a03bb	2616	d23a165bf8121f6cc0cc9677bdac90014ec4ff780c66326b77600163bf16beda
base/assets/bin/Data/cbfad351249655a4c82ed8b98289d90d	6724	70dc5c7b4041bb4cce2dd03e3f030ee0ccab4fbb8801aac6edb2f9c7c10cdd1a
base/assets/bin/Data/cbfc5d83d83200c40a7878205bb3cc9d	1504	99634d3f3dfa902e6b80b5551b2ec826ed6981fca3395ca301fd49a0fc875b08
base/assets/bin/Data/cbfda4c6beb851542a3ea3f637b39af8	11908	064885ca4623b5dd99efd3df4e2f35d521a10dbe4ce9c03892ffd32d8caea642
base/assets/bin/Data/cc1cb36f239922542ac0debf23491e41	45552	93d7bba66e65fe2676efb844c50003abf9dd36426d29938bef117368a2e69590
base/assets/bin/Data/cc37a95168f1ed549ba3fc1257a9b016	3184	6687c1e8be08e263e6e407008c3614b4696bdcbdd3e076c0ec0af3b33bd9224a
base/assets/bin/Data/cc539d266fbdafb4093c066a5f991f8b	16452	1d976118a7a54dfafd5245939bccbb0d6088f16897362ee9a890b4c7a4290d57
base/assets/bin/Data/cc574086e0e327743b7ea629c45d094c	28116	2f037616214d00183ee101d81d771fe8b57a15c9d7623c0c831a6731949f32c5
base/assets/bin/Data/cc5e6e1d20072b34b9693290a4c37cc9	118848	4b8d62e8542a979523a6b138d67ef833714c9ae3e2db4fbbc054fe751ccfbdf0
base/assets/bin/Data/cc653e2abfac1914cb16f435c8d09c6e	780	9b1c28d538734716658e1da894c0960d05948fd6596652b21c14a9f12841bae6
base/assets/bin/Data/cc7274a711f81ce4881a3c490a9fab0d	18224	3dcbe9808fadb9bacb40af5809ae2c88104155cdb2aa25ed05e795c339fc3867
base/assets/bin/Data/cc85e22323d840446ba10ae8eb38f3d7	22112	c5478d91cbdf27292b65ec80a1d1974039d53f20e93ea4ff235a81f43d9446af
base/assets/bin/Data/ccaff1b8ef10ac042823af6a05678a63	106336	b1e37e921e5bec050a6513087bad9d58dde3e5e42df1213a3bdea16310f47ec3
base/assets/bin/Data/cccfb98dca9165943855853087945355	3848	08ce6bf2e9dfe3ac73c28dff817541ba0a739695af876a99ed0ccf963761ad60
base/assets/bin/Data/ccd54e757472e7c41be410b0e5f3e4e6	3452	f4d7caffa1e225134946fb45d845233bb7ad97a26831beab60fd67f8f0a3499f
base/assets/bin/Data/ccd8ca23a6f894cb3a7b9fb02c250b4f	26416	ca9b824f8c10b6adcbdc96b6307c9279105f9008ecef0002b6ff47a6eb7d5d5a
base/assets/bin/Data/ccf02a88974b5dd45b684812ddf74272	55940	52bb84eccf659f9f61d7f46cedb07b3cffa2edf72af95103c44633926bfc39a2
base/assets/bin/Data/ccf155c074cc0fe4fa16e0c99499815f	4880	3d14c42a48fe2bc4ac3c7863826910f7e4f569b9c8a04d74b396c2a39b801eec
base/assets/bin/Data/ccfb668f43539d24597875dcd22a7f62	8976	e93731393382cce45ecd799b64f22efef3ec32a5d4cecec0aeb60d28f39d68b4
base/assets/bin/Data/cd238cbfca83ca94f82bfc0c16552b11	1588	f53bf99bee32cb0ea30d12dc5a138f247d492d261a5d290c1d614abd25e20894
base/assets/bin/Data/cd288e605b348e84c961c8f183146626	250568	1c76a9df415c635909557a53519fd8d67e9a03aa9a0a84e9ded5594b4ebb8798
base/assets/bin/Data/cd3d1a1620889974db4bd7b871e10940	40760	20c600eb6108c2715126ad9fa15619e4afef2688915bff3a1392920d91389c04
base/assets/bin/Data/cd7d3222aa1337944a3a14d9f701f104	378072	12d328b8c5afad9073605fce8a2d32067b6396afb5bb13bbf9c0156bb4a2051f
base/assets/bin/Data/cd8e04f0e42ee5e4f87f854d8e2b46cc	1816	d8e1ef0fa12b11799d33f18f01a7d9ecbad5204b5eb0c45a5d7cf6c011f6e65b
base/assets/bin/Data/cdb5b7f1955979c4281918c55467a27a	2236	186873ab7b7095352ebd8732627acbec7fbca47b97c2c094532f34ac117b2378
base/assets/bin/Data/cdc77e9f874ebac40bf9e152dc4536d1	9916	1541aa6d6c1295d32c6f5e1aff1188abe7f3541d15f2960c7d7ac028f8393aae
base/assets/bin/Data/cdd537622d07c6a40936714033fe6a5c	2796	2e01aacb8d7c17f1da27ddb2527b0f6c00c7f1dfdba39e00f75fb589783844f1
base/assets/bin/Data/cde7370202ab00241a05bc474cf71760	14720	254d5fd0830b22bb1cc7220b2e2db224f9f446aac248d7dd290d222376ab128e
base/assets/bin/Data/cdea5933288770d42a61a4933c924f74	55976	4ed12eeb0f872d8fce59e5a48fecb0359adf84ac5cf6e8d9d6e44b8b288fa89f
base/assets/bin/Data/cdf5bbe6287458f4498e86abecd7e844	36124	2fccaa7defe8fa3f273c524efb62f3d462135c85fd894851fd4b355fff84a906
base/assets/bin/Data/cdf954e516e080f4f9e2929d524bcfaa	10824	2b6ea7f3c86bd6ab6fbd3c8c3d59af195e2695223076ceae7d59baae6e9a7d09
base/assets/bin/Data/ce178476faeb3f441b6bbec5e44613a1	324816	1aeb9a97ce2d2ef3ddb18af0308ec3a6fe5fc0bf68a1624dd297859ddb194e94
base/assets/bin/Data/ce347ad101f41ee4ab5c3fbc0ea447db	2828	8346504f6646bbb64799214ebb8721f5eb35bb09aa30d0133e8c864062928211
base/assets/bin/Data/ce3882902c1ee6e4885d41a75850072b	11824	f5d0eeb78d78b6c561a8162f97920da1b64f63d8c41fa2275a5a3989e61f03ab
base/assets/bin/Data/ce487f77a853efd46ae1c163aff98b26	812	07c91cebfd1f11f40cd34a71c2710e5bde34f0cbc617c95312c976365f6ca32d
base/assets/bin/Data/ce601e96c1da25c4e9631e589940ec32	11752	120731b5d333c781702bdc582eae72b31d98d675da98733c30d1d45dfe27e844
base/assets/bin/Data/ce6c1eaa8108f194bb31cb2454afbe5d	48752	b3f66cc407bf08740dad91146782993ec9d22d17db1c97d33a3d6aa21fc8bd80
base/assets/bin/Data/ce75a2b32275d7e44ab69281b5594ee2	19460	ea7e9ac7ed7c774bd6c800b7797aedecb9347ed4fda664b138444712a0bf5cb9
base/assets/bin/Data/ce76a7846312e4841aed8224694d03be	1506024	794809ae70c653d9f214f5bcb19ef6e824aeeb350cb2deb8e954cb2e21384c6f
base/assets/bin/Data/ce874c2418f632f48a628f1f8d52613c	6984	8979ac01cefe97214c49e267dea4b6cc0e2782756b0239cdeff5eba31f218793
base/assets/bin/Data/ce8882293cd71a54aba935cfeaf92385	159152	ff329163fbe4e7b5184e5bd93f1665ce2d357e03b33d3719417dcfd9f8ada285
base/assets/bin/Data/ceb1542003db55d4bb54d35c328050d4	13272	894e01896794d581ff66097bb2266bcb02e2d4f45d0cac90dda62e4a743fa3e5
base/assets/bin/Data/cefec48c0bb3bf0469029c4d521e9a5e	32864	e075c227beac3937302ea81c238c7c2bd96b44f5c802c51aa4575496ece078e2
base/assets/bin/Data/cf0aef6fa3b024d41bdd106384b49c63	5240	4b8e62470e6844d7a164b6111be834e514eb5f38192577d9cb9d9e117520d0ea
base/assets/bin/Data/cf115ecdf317c594dad4e2a7c490e6e4	6168	440cc0f410aab3f93160bc591121ad54938eb03af0fed6b6dd83b51feb3415eb
base/assets/bin/Data/cf209cbce98a98447b97ab52bcd3bc07	12132	178a311a9dd478cd4ba3e0ab77063e4347664daab4dd7fe9f2a502b99cb3e688
base/assets/bin/Data/cf25572aa62419444ac6809992cfba15	71016	ca30ab820204cfa32420ad3175ce99cb117414e88ac120d641be4a0c8dc4db5c
base/assets/bin/Data/cf29064c94962dd45bcf882282804667	5976	744eb777ac4db24bdd67de59c340fedfec960e3567eb9e3559f35fd552251c1e
base/assets/bin/Data/cf4299aed35448a489aeae2c82b255a5	421732	cac61b4506ac00340bb8a78bf47edb461662d7cb23964979f1dccb2ef4c7ba1a
base/assets/bin/Data/cf44f26b15413314998f864f4196bd5a	47752	a29798136b6f83976855bf15ebdc7eaf56973f9c3b7c19f349b8097ac0af1601
base/assets/bin/Data/cf46bde11568f5049ac3c10897f83526	3832	39d4fe51ba97e697f73ab8b9259808b17d16e358b5705f4544dc5efd934adbd9
base/assets/bin/Data/cf483be130562dd4cb59bff9068dd707	23812	30b1ff693201b1478ffe9068ec060637b7d6ec1891bb301ba64f2d859b792134
base/assets/bin/Data/cf4b60ce9e4fbe941a2501d13c340a6a	73248	47361c5568d52ba9173b2075f50413d67b8728c82284a2491ad9787df119e4af
base/assets/bin/Data/cf5334b3f04a6544d9f5ffe9f641ff99	265536	32aa934c46f421c572f4c39f05db4de3971658120438f10605f9e13878ac4de0
base/assets/bin/Data/cf6cbdd672089a84796e55a21fed1cbe	6224	4f64c88bca3bc8f2949ec6172db46c631ff6cded0233dd69657e7143edd7b893
base/assets/bin/Data/cf73c5cb8db8fd2488a00a63f0194036	59960	40cc0e94df58d9fad3da9314920586312de830a2b44fceffa6bd48aa1326a72b
base/assets/bin/Data/cf81c85f95fe47e1a27f6ae460cf182c	5400	60ec2bc5338ce187c1667d7848dbae6d7e2484a914197fc7aacb91f7a7d7576c
base/assets/bin/Data/cfa1802c192ed644d9d312d24e5ce806	4648	e906cd8c98ba30b01c5083dd0a1922e1bc806d2c293ab2ce4d65f071ac437abd
base/assets/bin/Data/cfa9cd3419a148747beeadc95b8ff31e	3492	7f8c61f001e83a68ebe5c0052bd822c63235b59c91b685037c3310cfc23b255f
base/assets/bin/Data/d0022d0cca72033448471a84c0f99e88	6652	4de2aa24807626f7db908557b36ceed76c4573cc03577740f6aec02bd7c96e66
base/assets/bin/Data/d011b03b391346d48b06677d1ec35acf	5176	8a81fa7c954c904d527510d7b6a17ccf7e83cdd99abb962744ebf75a246afcb3
base/assets/bin/Data/d04c706d6b1c38d4f9bd015ee120eef4	1124	c61c0836e81fd711d9b2461ccfcd082339301c895dc806d75385497ba27e0a71
base/assets/bin/Data/d06956160618e624baf39bcf56f57c9c	32996	e34f05dcd483bf9c20be85f8026f7c0adb213b5b6f4ad3a8fa64d07cc7c4921f
base/assets/bin/Data/d07e6100b7e3c164d853fc6eb74a8b56	33292	f2e5305455c85057ccdb75b6c9dcaa01c2c7a05f8f592762dca739771f4029ab
base/assets/bin/Data/d096635809b969e4aad98695909ac92f	7816	68037208ec7b95ee404c92be2f0369cde194d3dd3307759fb35f34443d01bec5
base/assets/bin/Data/d0ade5874f4438a418e6c20d5c83fc48	17016	086d740d5c2f392fda6dcfb4ba0090c890aee2b0db9672d8962c3f83b999d409
base/assets/bin/Data/d0f8edd6651cc3143ba6f478084bfdb6	5088	3372539513ce5b2ca1bea4c2386b35923071a50c7ee3d7072e4ca375037590be
base/assets/bin/Data/d0feefab8a5bf6c48a0afec45d86bc35	6288	9852f9d928197ec6bef5b2455b7a0a80225d8669227e68e70816398363bbe600
base/assets/bin/Data/d111ea129082e9345afbba100af3a2ba	65800	c3aaad860a4a866b2e15c8408659f9b99cf376b3378c7c27746a85f374f21c77
base/assets/bin/Data/d1156f434fd8cf24989db4b09e0db9f4	39312	6046929d3f8ee18b410a9da151121517f129a69f4141028c8c83b3a6d58eae9a
base/assets/bin/Data/d130d81470494de479eb459b1a2eac14	17200	aed0a8b7e47ad5d9636332446a0896c30a020850da97653351bd0a5bd8b64b82
base/assets/bin/Data/d181fd3566c88c74da0daf413b599ce3	64732	6e4fef1b2206263a758e763b72f0fa3951a97f99626d0c3be688e753a834d592
base/assets/bin/Data/d19cb49476f96ed4d9e95af05b4869bf	55568	a7e95c483acdfb4cbe7245986127300ec02105ee4647e600b12a103cc333f623
base/assets/bin/Data/d19e447870443094b99a63ed6e7c2a3d	56636	de246f4b31347e57519e30e64d8a602568badabde6be2f6783a99da45071ce68
base/assets/bin/Data/d1b1dbd4ee6c1434fb091a915d0bc8b4	25064	d831c800d60a50ae2753b5e7a3097d684fa16901bb6139d1f4367b0a6228b913
base/assets/bin/Data/d1b3bbadfbf92c34e8cc2b41c8e56588	17132	5c24dbf488519d7980b1c980ba24329209231c8ad2f617ef8923cc79a877aba0
base/assets/bin/Data/d205464d2002629489b33bee6eb3f4a8	16708	1f2f2de4b6726d238669cda04bb507c0b2110ef36c1fc2cd651711115279e93a
base/assets/bin/Data/d2134cc34bfbd0547aa3b8578cc7439c	18828	a65e4618d4b81253a7bc7e92e70e8b02aaf0cbb616aeb26552adac75ba6d72fe
base/assets/bin/Data/d21e6745b9dbc1a4dad89553532d9f09	2532	643f1b386e1ed803ba701e3d0c982c4f94f81bc6de92daa8c0a863fc978bbce1
base/assets/bin/Data/d229fc8bef5c41b468bc1f2debf62161	332408	0bfe37d6b698634e6a937dfe9ab6f7dfaffb99c7ff5b00af4023fb50d7d1c2a5
base/assets/bin/Data/d2397c6b3bb9b214e93ef7125948d04f	63188	cfa10badb8214bd5f0e31662304672b02966f70fc4a5c04bb71efb707c2afeec
base/assets/bin/Data/d23a0018a811836458ffd33868752175	4868	4625e96c927d9741a7b93c0d113276df5a7c95ee7fcd54e438faf95fe6b0f8d6
base/assets/bin/Data/d23d730c43fd8be4b8251cfc79d61af0	1384	b4e5e600b6c2c706c995d4f4031cfcd23e68de5a971cf15e7ce1d5f7a7d94655
base/assets/bin/Data/d242a347183ea4142950a5441a126116	6592	e87f4779d5f6bd5548e0bd0d08336994699164ab638438917e71afbf4439b928
base/assets/bin/Data/d26376467ccb6d642a11fb2986c32a0f	26796	7c3f33dde93508232dd4004116dec4b8bbf5ff48a20aa4025b563d67b7f0c669
base/assets/bin/Data/d2744f73ef3d85849a95c4ff6e233ab7	11748	c96d1258eee0e5c8ab41bdd11f8560341035cd42adeec51cbd15d8afa0f7bba2
base/assets/bin/Data/d27476bb69c90774bb40e796cd837b8c	5600	fbddf2db31f59bcfae40717f85cb817e5b08617218fdac765c9e1bbc2d47dff1
base/assets/bin/Data/d28f4896e9c89dd4d9d3455517576a07	12852	f28cad83cdd0334bc731a37cd9369a5f84c55e3fe36bd49a495e257b7ccd5776
base/assets/bin/Data/d2a7b0cb832b38c44b9a950d65183e88	11116	2ab81d983a449feb6fcd7195a25c9cb25fd5c25282a291120cbbb22b366dd88b
base/assets/bin/Data/d2af65597fd93b24daf273459c26d83e	7960	95061bdc83d7ef4b8187fe5d58c5350eaf72651b24ca2d9811e2ac0b2a6f3aec
base/assets/bin/Data/d2b3ab64d4f95374d9a08ca2821742bc	1160	ef9dad1e8d2165a066aea82106a6d802a56927c395ce0c4d20bdd7327ad20f95
base/assets/bin/Data/d2c288f5fb5053d41a38ad320e659943	3524	f00ee8dcda826ec7a5f45d56eb4dcbda52087306eeb269bf347c350fb2c69e12
base/assets/bin/Data/d2f0d1e6ec9357d4299e7f2583ac62cb	49800	b6d56979ed790db331972a987e311277de590cbfc82752169921f6bc398a5536
base/assets/bin/Data/d329ca8d94f60ae4d96de290ed9646a8	4392	e0b5c1ee53bf83c45fe831bb93d912ce47f29ec708614f0ddc69ae9704d43a7b
base/assets/bin/Data/d3770aaa3bbd8384aabab9ddd383e21e	2376	b5268a7cfde4d10de6f8e084691915b7d4633c888de534bc3347572f86f690db
base/assets/bin/Data/d389203636ab3034d8f22d2ae9a00bff	948	bf54bfc04856801bd66664abcb6d5dcb3385fed802daf6a8dc61acbc3aa0efce
base/assets/bin/Data/d38bad13f59f04c459ec4bd68e128908	21128	1cbc3b12c2831c683f0001a97004b70a81c4a55cf821e01420ffb15a1120ea9e
base/assets/bin/Data/d39e98b1a523c444fb65a515fcdcb337	1580	d1e55a10c996c710b2aae83e8572798d9d28a6e4bec8c2cf74650a153af95c9e
base/assets/bin/Data/d3a44563b54eea14e8a853be8ecf4803	83936	4d898308104344ea8cfdd4980874c9df528dd93f06972f413b8b6e5c8cd450a5
base/assets/bin/Data/d3a8177e152460642831c0eb206c8b02	930364	5e588c87e8ca8aaa5b4f76f0d92692226e49ad51e1ad2f542a458dae7f30c0da
base/assets/bin/Data/d3ab7cfb5179e2d4a87af8314ab86ee3	3692	1e84c9ed079bca3a8b12216fb65d09c648a99ae10e0e3cd9894fd042617655a0
base/assets/bin/Data/d3adc1c6ea99345348f39324d784f93b	2360	3c63d8e159452f082aae143d818d14fa3897c5a012c7f4c7d06951977595052b
base/assets/bin/Data/d3c26b9aeda529b46b3bf8bf94383d7b	39516	81ed1c0a8649154bb05422c5a076d4db5b64556ae0ffbea04f3f3ecc84d8eaf5
base/assets/bin/Data/d3d95b0d9056d3e4eb4ab5bfb921a274	6156	ba85c67959d5f75299176058e1f05717fa5ea2fe6597f8ba36bdf344d2af7fcb
base/assets/bin/Data/d44a9d6744a0b8245bb358c1c9fc1400	3910630	aaccf4ff2c3bcac437f513fee4af91c754c357824c10b1d09f27c153fcd256ed
base/assets/bin/Data/d44e8503c76d92f4b9dbb589d82c8485	3412	987f44b0130eb04b3648f7d8bd17380711732c01085d22283a7d1e07c58be462
base/assets/bin/Data/d4576728025e8894aa8380a2dd678c82	43644	96387bd56f2d52182bb01aee80fd30c112e2507e1e6b01f220fecd682623a33e
base/assets/bin/Data/d45a8f1b3f2ec184eb58df5d7a728447	8164	5ec00ae283c2d4f72028177d707320f5f9759a523d6780d6f33b18c90ff1adc5
base/assets/bin/Data/d4613c65bf2b05e488f8403845153b2a	38884	48c65a19e082c6e1462a10db9ae287bde52d87ca947db0d1e8f414241a843f05
base/assets/bin/Data/d47f009476100f545971a81ede14c750	9000	75c4f852d634127c99602173617dcdb823f2f0172189073a0b466015ca8ae13f
base/assets/bin/Data/d496702cff346c041990f5e4a1d0a377	6272	8d550d3f2e0ad8e74f02562bb89a5cd63fc4001a13e7453038c42170472956f1
base/assets/bin/Data/d49bfc1ef253a7b44ba020d63bd1b2b2	271192	f6b3583d8b1a3ec93fdd640c4fa2a95d18f5d803b39ca24ccffbc167095486f0
base/assets/bin/Data/d49e78756811bfa4aafb8b6535417991	1040	ce2da3de55f09f6ff0d85efdcfb3f6ebb48b1b362d6f21b0b9c36e3e95c6decd
base/assets/bin/Data/d4a48a1b4d0b60340a197819942e9641	7844	61e2f927ae77a9b44827cea2755238bbe86f7d2ef050e88ae65fbdeb6f9b2998
base/assets/bin/Data/d4ba5da9ba44b664fa8250a005380d1d	261896	d310e1f31ac7f91aa621e151e614062ad611f967180ccfc7c3dd67e5200d9089
base/assets/bin/Data/d4f3b42dcc9ca754c80019ff5feb30ce	2044	1ea5f046387a0004fe3922e22838326831444b4e340b08160fd6b0726e06c3d3
base/assets/bin/Data/d4fe0707bee9bc140821cee4b2330da4	7876	e4a49f9ee98ace6822a64e080f7268a6d872e8cb8ddeae706ca2bf8cdaf94b4f
base/assets/bin/Data/d4fe776fb56fe4640a302d5962a8c6e4	8176	e88e503b1687371e3c55adf8cb24db2cccd9ebae6ced8af8c811581daadeffa5
base/assets/bin/Data/d50ab42a8772742cd947c13f9b34cdaf	19628	4db3abe244675f685e58b2e20ffb5d8f2d5a2675f55cea07d3a0be0e3dc2b6c9
base/assets/bin/Data/d5264871c0986254fb9d4d7794fd288c	57172	45c35b7121496322e0b158f1f478c7f15cff8491bbfe5d1976320cc9c953e751
base/assets/bin/Data/d54f9769abd60894bb016f07f72bd5c7	53696	dfddd9e567687b080789fb5dd917e3ced367b6e0f75effd7f75ac54f635909bb
base/assets/bin/Data/d59ca3cb626df3b48ae34479cf7a6c28	5748	11371179b61fd7f20bce0958492a02f92ed35dcc0bce5d552705b6fcebe72fe8
base/assets/bin/Data/d5abd7fa5ce5d834a91d659367679d9d	6016	0b08e50266206846ad58c880d3cd429dce8653570198d53afe6ba8be2324b614
base/assets/bin/Data/d5b628c974c1c6647a69a07869815e9c	7204	3d65d1a0bf2bbb8a0470cb62200493eef49b1c89658e235a68042f0c1c87c693
base/assets/bin/Data/d5bd70e0ba3ab4311b71cdbcccacecc4	19480	d02a7df7462ffdc8aa559de279943a744d91ed0caaedf86c53017b3a8337669f
base/assets/bin/Data/d5c51b8185e746d40a45d1dccc307188	4720	c61941a61d50ba7e994fe69418c83df86c2b81544da3aa14b27b09de42e71691
base/assets/bin/Data/d5db1f4674007da4cbe8efa4d0cef390	13808	49d90cf5959a261cab782fe637e161d4d736f2dc797a9b052ae3d6ba4d1f126e
base/assets/bin/Data/d5e86cb9b4264734abdca62a110cd102	1404	06864e8bf19980f78e92ce762df0f5241687d89a8736c087433590de1c175c93
base/assets/bin/Data/d5f7521a86a11c64fb96ee58971d8596	5228	9ea221aa078c70e549a617c18ed1156c18380c6e7e8c19b9c3a65ec177078019
base/assets/bin/Data/d62ac7f315ead4f68b0380619d521a38	3396	bb11c86279d672ee3faba87c97f93e6e496a0dfd80b4253c7df51b2182ef7292
base/assets/bin/Data/d634b6ffaf5e64947aa3784034a1d9c0	30380	3cbfec1c1a58e1d7b50fc44582d517f7da8ce4073cf1ebc7ece7cca6eded40c2
base/assets/bin/Data/d654747fe27680443948dccb6ca2c854	3014912	d6349d1f1e1258af5e18b53d126c4d3b5552b8462ae68f7fed55153258b90352
base/assets/bin/Data/d658921cc286d1b4591b6b35db692682	58472	481693dd6192bcdaceadbf534287078c369be40ba2b8b58c2be915a2f8cba63f
base/assets/bin/Data/d6605c92d6818984fa5e012632b0d58a	16228	791d1c278a6417210de903943bcd095780563d9dcea640522a92d0505fb87703
base/assets/bin/Data/d67560f42af1e4449b3defd790959581	165288	4d6a1738cffa8529f89e23fcd7333d992df335fe28826cee937d9dd9c5914951
base/assets/bin/Data/d678e96013436c74092aed1438900ce3	1076	2b2e32a2556a20e88f8f82104f4a75bccd0cd84bedae51a2e32725f23836dd0b
base/assets/bin/Data/d68e33f55b4f37745a3181eccf303ba1	50768	1287ba1759bc9fb339641d0ffa7af0c5e72fc1a398cb6b3c69b3d8cbaa6140f0
base/assets/bin/Data/d68f27c0bee0ede45a12fcc3f00c025d	9212	71900cab6030b174047be1e8306307a2281f0bad050f015bc38aa5fc5d898ac9
base/assets/bin/Data/d6a7d417c523248c0a363449cd416e84	3624	288f5b6f1dab15628cb5db7edbb2973340af4873cb3c3bd73436abae1b9e8766
base/assets/bin/Data/d6c26971904f7864caeb670bf57ec84a	5736	3da97805be27eb9f3105eef6f797a561b3e81908ca477aefdb606c05f6d8bf3f
base/assets/bin/Data/d6c366bd2d5e6514aa7269802b88b2db	5532	bb9226b79dd789ad851bdf8562558e885e9bf3d8883bffecdbcce40ca4843db6
base/assets/bin/Data/d70a8fd12fc4273488f3cda85b7d97e4	117172	066a9e6e3b8b183ce60d01c791cebec5d6708f123211b45aa1c00a4838849546
base/assets/bin/Data/d726d4f52312aeb4781c138583a44420	6348	9db9c80090045167633231716fc8ff743207406b29da2dc92e67c61c4082c010
base/assets/bin/Data/d73712df3e6dcfe41b4bd561e93f2f12	3300	7b8666db7f0dc8f6d9d69cff33ad94459a72dd69ae57dd16d4d41fa11d9297ee
base/assets/bin/Data/d73907fce91c0964382466675e6252e3	15628	054ccaafea62c5c59d49090ab2c375e0eb8e37000494c5291f55b56ea8ef09e3
base/assets/bin/Data/d756de1d836af4bd4857f0d61f397af1	10808	644c1c2b7c18ebda6aa43f2595c2b800c6c29f672214f06337e42e1931e00c3b
base/assets/bin/Data/d788f859a1ebe7b46a57289fd4f441ff	18056	7313a5d09b5aecceb52fed2ac15b19104714f18224c482229c36015420287993
base/assets/bin/Data/d7a2a7a834f27b24e89c9d9ddb9a7335	736	8c81b735024c19fe0a68048da3de947f81723511c0c8dbfaf0e5ceff90a2c066
base/assets/bin/Data/d7ab6d8d3140ee84182f3af0252f8034	1736	2873fd94d3eceb2a6f8389da5a94faf1305bde79063948563a1a7aee929d8e8b
base/assets/bin/Data/d7ac468e08aa45a43b76d9cf12e1ff13	16676	2cbce15f5f9d1b11de17fd577ba093255d27143e8a5fd2d8e2aa2ffd4558e852
base/assets/bin/Data/d7b5a3be9fce6ae43914d1c9e9ef9c00	34024	5c6be7fd980da2ecda8191b3a79aafc10827a404ae198c4319f1275042551e27
base/assets/bin/Data/d7be397c37e1a304ab0fc699d1dce1a0	5180	9443698ddd33612bd135dc6515949a8c83d735e632d387e2cf88a61dd56ec97d
base/assets/bin/Data/d7d1b7544def4db43b2c25afe138eb6e	1092	b10be5abf3f5399158ba77877ce7f218ff0f54f7163084a87485b2448cc0d9bc
base/assets/bin/Data/d7dd3f027382e1545a2a18429994e1b0	6440	d406fa8f23c696ee618dcae4dc470114ec9796b3798b42ee8b725a13845cc0e7
base/assets/bin/Data/d7ec888f4ffa8794b90bb135dfb2ceee	51544	446bedba56605cb5c6261249123b39d7ff768d3d887d4c6d11e6118f4c10254b
base/assets/bin/Data/d7f758b0733ec42918baa6e1f999da6c	31040	5843b8581aab0306cb6904a1355698aa04a747e3d95e1b175ebb20f1ae614e93
base/assets/bin/Data/d8040bd6ec21c0d468ea29a04afc7647	138256	76659a2dde1383fc4cdd01d651464fd0a442a86d52bf8364a0d8d9af1528071c
base/assets/bin/Data/d82c1b31c7e74239bff1220585707d2b	292	33201e5185db1c776bc9e580b5a677c8c362f4e6dde35259d93cde3427db7d80
base/assets/bin/Data/d82c344cd4b66b549abb9553c4fba7ac	1468	86d22c054e77e0cc4f82ac83a463d6d4dc8db94dd4d07a90660c8801d6857567
base/assets/bin/Data/d82eda933c8b2d74d80be864881be62a	5288	f1c67985b817650bcc81fcccbc2711421b7a63a01d0bdfd19ebb31ae8ea21387
base/assets/bin/Data/d837bca1a2396794d95047351aa21ad5	1820	bfdf49d746f419adc3a787a648fc14c63c6881af6a1ddcd6d86f64c5576cce55
base/assets/bin/Data/d84876fd23083bd4ba06c210e048d630	15300	0cf91b5b009fe888d5a194b4390554076e64d298181549ad7e4dcbbcbde29ddd
base/assets/bin/Data/d855216cdc3362146b765372bc03f4c4	14936	f3298b91926528f18b9d67fff8a4af08e69f5f36c5ec7625fd888e21fc03af15
base/assets/bin/Data/d8648264da19eaa4b9c7574740da8787	1072	a8609b00e6c4ba71c4155e763402d4348ad318ddab231215e49aa3c7fae9ad97
base/assets/bin/Data/d874c6e8cf6493e48a55016ca2acec60	49856	931ca0840bdb2a64e14dfa057be21ce59e1422da670ffff31b0800fc9974eec6
base/assets/bin/Data/d88a066e635a9814aa3221c61ffa2fb6	29928	0ee4b0594e5a0f4adad4123333cfc3edea53681d4549c054386fff59b959db8b
base/assets/bin/Data/d895a84100dd2cb4d9f548c2c7f61d41	9048	232a9b99033bda0dfe4249a16ebc49a6f03ccb549d09ff797bdae2684f8687a1
base/assets/bin/Data/d8af39838e5f8194ebe9c46526a7313d	4604	c5c461375123e32fd5fb257758a32d3ddcafed6f85282537babc20d18e4e4231
base/assets/bin/Data/d8bd893772c134642b47ac879bc8dead	57400	7d15f884af8ecfaaf27341173fd0ece683685e20ce1585ac2ff9ffd41633580e
base/assets/bin/Data/d8c744701b43c864b88e7f8144e19bc5	5480	7a90488f9391deaf303468f2e663c2b4050e0c6dc1a7b4e21c9a5387555c99b5
base/assets/bin/Data/d8d02c54590298f45acdca3801c7618c	9752	1e53af8cb2e2e9c2516062e5849a563c273deaff61b4a86f9687ff6f771095b4
base/assets/bin/Data/d8d1974667263a442bc297196d7f76d4	40792	51713ccd375e35fa55f704b29dc417f3cd2580ab0083b700e73e4a7c5daeb0fe
base/assets/bin/Data/d8f51d63f6a3d07469dc15311b7f8c48	10372	d0a5937e26668b1c92ccc65ccbc696a25ec41b974587402de893952ef93748c1
base/assets/bin/Data/d8f76fb4f214e7848804278a70496b65	8512	f226b25fb48b450c0415f8b7dc557bc8cd8e9457e0f149515895bac8a6cf78d2
base/assets/bin/Data/d907faf92686d1743ae1a6cd8a0b8d40	4552	264ab09606ce5877e3567e56804f63f5ca81a7016d2271731146db78ec35fd8d
base/assets/bin/Data/d91e9f4901a554af9acba2246110fb38	36396	d2c450fb8f99f6e566657ef57428803d679884f0a8c0987df4143cfba906b198
base/assets/bin/Data/d954b71468e65464499441a1a61b2cdb	60200	11bd9e3c4e3f1c9fc0d09b49e207bd788dc223324425437d0df18bd45299906c
base/assets/bin/Data/d95d5c703ed59244e94648ae60383e6a	47492	6182131ec4b81b8f49182150273a54883d14f032d7c86a0a2c40851a1d536a17
base/assets/bin/Data/d9763dcc136cb7648b13fbb80c7118ab	11012	a39e1757017900d59a57d8bc50bcd1d32e249d72625f2d2e090136a16be5ea17
base/assets/bin/Data/d9aeb96520ac68442a85210a25a95a4c	3904	b1e237bb8b3cc2745bff46b879902f8d2fcbffd16efa223a39ff08c6775094ed
base/assets/bin/Data/d9e14a2d6082bc143b1c66e82065ef5c	50396	20a75e95041e72a7fc8b4b1666d8258b065c67bfd0661d6537c7ce84f5cfc1d0
base/assets/bin/Data/d9feb07cc20574849b3755525b025367	18120	6b6e00863e3188e66e483ad5a0ae4103e6f0b6f58b16897e701e9ef63a5f7e17
base/assets/bin/Data/da0b765ac76d0034ab15a1e54fff3f9f	8976	53550ed6d47edb45602082f41836e84b6a80d220ba5044ca74f6d466a9a96028
base/assets/bin/Data/da14540f8017c42a4b499fb01d6d285c	6264	0b5e281a17c895a64558fd8c37a24e341e3ca54020d0926f7093fa5295254b3d
base/assets/bin/Data/da23f1a02ce7cc547bb472e597f4081e	8560	3d7b6cedead15aee30f9024d099beb901177378af5506906c3ec0f24ac9fd5c3
base/assets/bin/Data/da25995a77339e94caf2e90a399a1ee2	210704	fc743fb1ec19ac48ce74cded4c857113d159303cda671f0427ecc53fc3891145
base/assets/bin/Data/da2e1d5567522e740a7d699e53b2e154	38404	81faab18c62c664c104e456e2396eeb0c20b869c0fe17f8175b99e1cc317f4dd
base/assets/bin/Data/da49cea331403024da13eb3b64cf23e1	978720	245677e85c3df2e67173367cdcd22189d91ee6f6e92bfd44cbd5a66e57ef84ba
base/assets/bin/Data/da4d0d8f0ebe62845b093c4f6df48588	25456	533e49c7582b1a142dc1135d816dbfc0b3108faf1ce6d8b0ba08458c32a9e915
base/assets/bin/Data/da73b0d1195a29c4d9f3856cae8cdc40	6400	ae96604cea9339273f2672043ce37f75d317d17cf3b59c35c2f14713c4d356db
base/assets/bin/Data/da74e16c6c2eb744da731a59a94eaef5	48296	5c054dd3d4943d2d34475bfcb9196782a73432fe52dab1ffdc1ad57aefefbf30
base/assets/bin/Data/daa13645de0c5004f99c107afa350392	11484	613e7b8522cc82f5ac34582254b27e06f6261d48964108b00e2683154ae95d7a
base/assets/bin/Data/daa345f608d55c94abc33aaf4fc959bb	5136	d063a6c3c06428c31a77dcf2bac3de7a49a2c202c77b15bdf932eb5e87ba39a3
base/assets/bin/Data/daa46a58178a6ad41ae1ddc2dc7f856d	12984	f6920e77e73f9213aa2a0530604b0982ced53a94b9dd1f265d1c2a776cbc225c
base/assets/bin/Data/daac60dd3b22801468a878a9e9e9618b	70664	f5f1a4d8c9ce2b826ec35f4e1d883874077f204aa49a87ddf6f9b952375c4c70
base/assets/bin/Data/dae168bdbd9c5a04b9e7db675cdafb92	732	8a3ddd0ea3af1b2a0762b90273d36942cea49e77a67eddcecfdd8610914312aa
base/assets/bin/Data/daef5d11e9e00074e95a5354cc5a3089	5644	cbf39599452b022471eeff48d3b5369670a3a7e5a7f3ffe197c1c7f1c827c1dc
base/assets/bin/Data/daf6acf66c457884187bd07a3c758010	6208	1fc259eb83cf69f4dc2ef7d43af6153eebd15dc5d51f7fe4322848371b49d7d5
base/assets/bin/Data/db15a39733e6dcc4088418e6d9797fea	736	f9f87ad4551e96716863ab85369e755d02b23653106b559ca9bd1e6834be1a5d
base/assets/bin/Data/db26a46a5df654f4a9c93f2af77f6b12	10508	368fb59d75f125097301f87b4211e66cc111000373eb05f7fb788bcca8444aa3
base/assets/bin/Data/db3c65c1a099142f9821c96c0423c76a	50284	71e5d0283ee58025513940b7dc27582178bd6167aaa1611d42806484abad1229
base/assets/bin/Data/db4dd9d8177c64048a4684fc7ae74a63	6892	abf5d0395f162c5d8d11c49ae57b06d75da455f510d7b1a09d1d7acc5cb11037
base/assets/bin/Data/db52f5f007b0a433ab134271690f491d	2512	15c86c469ef5bc0bdc556192a5eb98d7c3274333122dca1b801d821dafc8e17b
base/assets/bin/Data/db7c16c8842e32640860d4c6bd133c8f	5704	3f0a9842115f1e000d572996f53806a384872e1264cb120e4e75d736578b56c2
base/assets/bin/Data/db8b8781d0394574ebcfb6305845326f	5172	c57ab3a84c777ed405b1b958cefa46cd74329afa324a2cce248284dc2b2f76d9
base/assets/bin/Data/dbc3c0a6158284f5c8330205b32a8bb8	129212	c6962e87782781cec4c025fbaa8c2959df4d8b881a70f4e65134ba09f2b87c12
base/assets/bin/Data/dbe93e98a3d4c504bb5284f2294bfffc	1400	853fb9778a0e511f47d11859e1dac2c83124f0003555ac62b9d6dd8233e0658d
base/assets/bin/Data/dbef460467cfe874eaf951a56c0ae72a	3708	a3a0e8ed09f7b8aa828a96729b37b743a92a1f180377326933a0d0569c4dee93
base/assets/bin/Data/dbef72a84a0e07d4e8531176cef15286	9688	e6d49e6897e53636d860932cdbf1359cd0aea4339b780e2222f65febc0e3aa0f
base/assets/bin/Data/dbf8e0e4a19009947b576b4efdb9366a	2740	16c017685beb191ded344e490804154a436ebb7c9d27ee721a07570c712411b3
base/assets/bin/Data/dc0f88987826e6e48b1fe9c7c2b53a53	1592	75f6437c19a80bb359c86312254732f9762e2db312548605fa975264c8f29796
base/assets/bin/Data/dc16a9ddf8b58bf4eaa2f286a3454188	104268	251e743ef30dd6ede1016b5bfd5838134deb8ab463631d1effdd5ff8fd32d911
base/assets/bin/Data/dc31f4e3b49843443b33a7744c42edfa	20804	4f27f0a8618978c2d1443ec820add5f537d9e65fcbaf1fd486516fd85655e099
base/assets/bin/Data/dc3be1e89c3babc40bcd037c62e3c283	9056	706bfcf6f9c6c1499b93aed57ca0a0cca6d61a3a40846437e4053b864620c654
base/assets/bin/Data/dc493065eaa22a448ac12f1fc5f3d93b	5080	b9faa81a7e426a831e7f5d59969b80d7f2e08103d5f96984432f657e4d849ab7
base/assets/bin/Data/dc670d9f962d98b4292c0b028e4b8836	13392	4af2801e706a96713fcaaaf3bc3d0f6e4e3799a35d9a0091112f1a3c349df5eb
base/assets/bin/Data/dc9e00e09a219ab47a1de1d2b7d761a8	4808	bcc00851b70e8eec3a12a438050f190ff02a7350bc80e253e252f90ef4be0050
base/assets/bin/Data/dcaa593aee7c7db4ea3f2396debb1eb0	38832	c2296f43cb7cc3f4e44b6de783d6a343aefc248d586ced5334aad33fe30e940c
base/assets/bin/Data/dccac1bc4c0d43e4baea957e40692d73	12552	987349ed92d6864539fdc0d79ec7e8d6cc39123b063ae0e47d1caa648e38350a
base/assets/bin/Data/dcf591483594831468d6519151713748	22528	d3faa927d05f95877fab8445ced697bafff89738cfa125071da9728dae1ccaa6
base/assets/bin/Data/dcfc4798ee6bd094a9f11f30a6c5f35a	42648	7edf35669cbd41c08743591fac22a9cc94c840df8319ced6b7c14c8a7c50d3da
base/assets/bin/Data/dd353e5affc4e49eeb62e4b979150abc	7432	6e3731578ea18ca9c44d2549d2dc5e01c2713b04a228dacf6d5fe9310cce965c
base/assets/bin/Data/dd50890a9dccc8b45a8e405872b0d65e	2440	5a004a71515e3783e12846f117af786d8509c3d53ecdcabe5890f99c736a45d4
base/assets/bin/Data/dd57c74954b18c346b1749200de93d28	1772	3c27d10e3827987166615da661b7c7619db215f130e8f5a9badc7b6e5036f6c2
base/assets/bin/Data/dd666d8d281d0c647aace4eedccc7850	6120	4a509120d6fe34f4c44bb80f6fe9f548a792bc590da01ee62f4dbb33a512c694
base/assets/bin/Data/dd89cf5b9246416f84610a006f916af7	12328	e1ee0e116f8c508f6628c2aecd1f9ee13a26075e6dedc9ee3a44572332867814
base/assets/bin/Data/dd89efb54201bf642b569fc581b8de88	9780	f85b1fc87a4a14cf22f96a7f2f90f82a0afc346339ac338e7f833bcf6bd17c4b
base/assets/bin/Data/dd91709cc8368f749a2e09e0de4473ad	7208	524cccf07dc3bf42a0c710fa26bbe9471e9e8d95aeb91021f795ebe0fe6e5e63
base/assets/bin/Data/dd92ed9a3d7a08f47a971a6c56e54784	12856	eac809add2bd751d29fe0a47d2b724cd51d7e862855d841e2fcf262d3060ddf5
base/assets/bin/Data/dd970b4252c15d24a9cd9f1589d14587	6968	21fdd094aa6bdad20df4c40e06bc4f3408ed9097fccebebb0eadd45194f2878f
base/assets/bin/Data/dda5cbd6026096043b84abbc73ed5e90	21620	0cb872ac9bf4f0d7a6b4c42afa59957e6708dc0dcefb82c3f2ef22637f0aae22
base/assets/bin/Data/ddbb471b03a3bb243b5d8d4d5935bb16	8836	237bf3f2e2a72a018e54321d2ddcce43307bb7d943dffa7383b981bb552dc3b7
base/assets/bin/Data/ddbcc900f4b522349a2e4e51bf43aa00	22768	68327556313b3a344a355b0d78e7298c4f84f818aa551550ce16e4f4286ab13f
base/assets/bin/Data/ddc024ea1b6d81548816fc23c19dd8ac	744	0509302f4b0882cdd44d29043d7056c17b111b0f97811ae82f32622ca5f6b0c6
base/assets/bin/Data/ddcc08930d469394197597eae72bfc7c	42264	3a90604ede6bb9b303aa060c6e8577ea070cc174be3432df5653260b93b025c7
base/assets/bin/Data/ddd03adad1e61ca42a4df3a6b2f8ce7b	13816	2738b696748f920a6d2622a904e603537f23f2eaf1af57daad447efbc0bc9d7f
base/assets/bin/Data/dde1e0c047346e441b204309b66d49c3	59524	222f6cd98bcc27c1a4e511535de64c19b4514c1ac5f4cdf1225d757fe87060b4
base/assets/bin/Data/dde78d7142168a74bbaf83b2d411f957	2416	00b609085f1c403542081136845d1a7ee88068520a4b2d17c4fe67666768509a
base/assets/bin/Data/de04622552195c54e9b1f8bde16f38cb	8252	ad50e0d40f5f68dfc02afd414f72ca388574ffdcaf0bfc55dfd7313052f601d3
base/assets/bin/Data/de123d3266cd556478230a61c7973941	14500	8d3ab75f8a8c939883b72c7ed4cebd0bc55692cc79db166880b97891eb911146
base/assets/bin/Data/de21064d56f46034bad295413ba344bd	11208	703f6500a386a08e274234cd1edcedfa53b62065cd6880d4eff3b70a52b0b925
base/assets/bin/Data/de287425e84ab444e9a8e57d53e6941b	4036	f323f53dabad5fef5a26e6e39d5e10626b97958624216667fcd38e134e378ba0
base/assets/bin/Data/de3f99ad195209746840925bca801035	23976	b32f627f1651d0e496d5618ec74ad41fffcc47105425b4551277f92a9165a5b7
base/assets/bin/Data/de5200f189b83484abac006a2996a158	12568	ed30285438539fe4c119980be4eaa7aaf640055c2178d93a592de6aa0a510c5f
base/assets/bin/Data/de52ee73e46082948b8a8302322d6578	53492	a7e761d580e74a8908574cf59328eb690a35b8fdeec6754802db474db60f41ee
base/assets/bin/Data/de5377eec8fbb50429acf5a7f26e2de0	116968	a26aac9d18355ed1459b0a78e31d9da9a5b5b8d0e137ddb17cfb42f35be6a9d9
base/assets/bin/Data/de634990a54574688a9897eb0bce5351	566548	ed6f9ff0f6bf227df905ab1bcf0bd77eaad3a47d3f02a817bdcb3f98d9ea01ea
base/assets/bin/Data/de6a69ea5058c844a9d4afdb1a589f33	9608	335239cc22b2362a08e9b247d56c4104e6663097ed6616479b3dc48e53b99421
base/assets/bin/Data/de7d0316459f6b54695e8aee0c66d01e	40884	7fc24370d8e4fe10155a2ba824f8c6ea4bd607b76df135aebfe53b8790ea1140
base/assets/bin/Data/de91da57b298c124796c89c4e1eaac7f	53824	ce43f137ede181e3081c5976c44d8739e608a0c33af244b75fb8ea117f40957a
base/assets/bin/Data/deb29905775540f459a8f67b8e47ddaa	22208	5f655b340bc74871cda040de543a43f2109cf7495221718b31321932ff4fa74d
base/assets/bin/Data/deb72d262d7e7e14e81b124c4efcd0f5	6552	d435041ba660e5e826081ca9054c1b1f1272db25eb2bd2b3d47d09674226b601
base/assets/bin/Data/deb78193804fe1b439936c32a2408f63	26980	ec8f5b16ef32fb2bf4745a33f19b22a490226d0d9563c4a3cd4376a56b5524fb
base/assets/bin/Data/deb8ce5d0e14d224696c848d935ca20e	20972	301f487b2fe559d5dd2262bb1b47c6715ffb3564c4e8ec3220967aebc3be0497
base/assets/bin/Data/deba6a47b8a1c1f42aadc2fd2a80bd6f	17436	d1330aa8354ab84ca1de7659258d32e33dbe9edf0fcd8d75c8643b4159c5c374
base/assets/bin/Data/dedcb4b41b5fea2418e95c1c4eba10dc	77936	7ad578c9105b40a88c78085fbce8597085bb2bb4139bcce88b79f81da18806b0
base/assets/bin/Data/dee0d9c3b85b2fd42b01ed5e13b67587	11848	2ffda954561eee3023b5b9e96240b2c4f9d501250413b9ff3ab064051f38d976
base/assets/bin/Data/deefde0dc215b4a7c8964ea7e3c2cc9d	2932	699e2279e573dd501acb4484c397b35d8a663615865b70139e67990cb491e6fd
base/assets/bin/Data/def9b05cf74a82948ba20a7a6996036a	2552	4e10db09d5b0a5f3d478ee1290cc8abc9a24ebd81b3532563d35cb4d85bd04b2
base/assets/bin/Data/df14a5f3cefd94541a109d4f96271a14	8956	d21c5ac4fde6b82e171e07d400241889fc125b16f377553e3fa873eea042c43f
base/assets/bin/Data/df14ecf4556ed2443a2ab34df8ceeced	53588	c13b7eb7b1265660d8910691872a10b3e587521f5750858aff8729c2b6caecf7
base/assets/bin/Data/df176b530611ac5408fee0b8ef1a1d17	8864	bfe47d525d6822dba04e74e09eea25fa6ce57c9d3b320353d403129eac74d90d
base/assets/bin/Data/df34d0e1b90af1846a98c0f6070933c4	7984	f0925c6fddc2bc0781e084314e8eaf8691d18121b662c041b1e96f21b2a68522
base/assets/bin/Data/df37d3c53fbd0e14dab00616118bdffa	2996	e000a326b2e73c1b1482156f5882a2da78b704d9131d624b15270d145860f33b
base/assets/bin/Data/df3dc77ec9e0b7644a1d04941f840393	3744	838ec318b4946389af4209141e0cb1240110ed3f07719a68e0886bff0ed4a99f
base/assets/bin/Data/df4d6c4dd4847094991c00d23462c0bd	29736	868e8b6b1675a9c7d4fc4badce0a8497a511ac1a06a9b176884dbb422170ab27
base/assets/bin/Data/df5314074a5d90541af2ab0c1b61c709	1896	bcc7376effed9747c34eb0caf723d289fab58e87bb254f54a9e07e79c1feda66
base/assets/bin/Data/df5411eeacad46143946cf25d6c2a685	1040	7e988888348a819a7cc79b3e8b0f6e83f74b963fe39a465fa047ee224bb26f2d
base/assets/bin/Data/df5a12eaa5a6e644ca2907993a43e560	4388	d5f8ed9c70e03dbd31b17e88830072c4283ac7f4b2c7d4f67274ac2c3462eb38
base/assets/bin/Data/df5fceec4e86669419439662c4cc5012	5568	873ef88480dc638fe6a47316b9cc88b3d7d8e74c11b95ca39767fc0e5f923b20
base/assets/bin/Data/df6bbe64ebc187242b96da142a2c68c9	13496	8935c48f0ca087d3e70c092f695b405cf840b6858a3d1d8e0828c46455553b2c
base/assets/bin/Data/dfca201848305da4184a735b93cb836d	3212	785946c120955dba050088f2651eba902e14b7038795cad2c868275dbc9c36a2
base/assets/bin/Data/dfcf366ea004cc8418545d048a99d55e	3508	15bcb97b22e307d26c1bd1d53c05c9abf6ec9209095111bc0528d6bc6b481fe9
base/assets/bin/Data/dfd7c72bb9d8ddc4ea49156e27cfcc86	55792	c1553e8be106cc32ab04143bff7255ed8940a5080f277d02b282b57a6832e2d4
base/assets/bin/Data/dff6a80171dfeac4c9f4429a44767264	676	9b19b05efd4ee6965d7c557d9cf8ea982cf080d896394307d21ac8c845cdc2e8
base/assets/bin/Data/dffef66376be4fa480fb02b19edbe903	349820	6b69256299f05fe9ae74cd9d21b6e698e636b6a5329974747a295d5762e42965
base/assets/bin/Data/e01e185dd02fd134d990e773667ddb95	13808	e52a883af7e0660acc2ae378dc1233a2c808fc3f8604f686666945a0dc4d9fa5
base/assets/bin/Data/e0306bc3d57302949ad57e0179c7bb6a	1076	c311335821b5c911da9f9f848ac5174e7c4e5bd8799e38d2448384c622911fc0
base/assets/bin/Data/e0365f7ca76ec394c8352d840fa79f63	4104	3e512ff68ecef581fee4279d78594ca35ae9f85015ae846bb0cc89f478d55211
base/assets/bin/Data/e04233180c16649eaad846aa2ff0de33	65000	22ef45772c89dbcf996b0d83815fb0e8732288e6c4b15083d35fe226ed7a9e1f
base/assets/bin/Data/e0500f42d884d2349a3a77de159cf1e2	14588	23ba53855f15a5146be9f3e68832a0ec263620291ff18822cdfd2d153b3a163a
base/assets/bin/Data/e051c1abcbc28764d924bc6c6135f45a	1012	53048b63cec8d1857fd61b284f8b8338ee4b136a9bed1fe18b032b32dc06e100
base/assets/bin/Data/e0585411bb4c54b4e9ee11ae11a03be1	35092	a0692311f4060982f1329234ff7135835612b9cdca3f21aaf6967490696c82a4
base/assets/bin/Data/e0676945c18839c4dae71fe041071ff9	5824	cc3676e5c4cddacd77e633fd30a241d2298a06d4e646e5c066a09839d746eb8b
base/assets/bin/Data/e0978b83f4d2aa644b97fa09974b25f5	11028	40836cb0331d2b704a5efa5a8e13bd9be23fc4710fab611905d23053e2925ca9
base/assets/bin/Data/e0a24872d1372f64c8b63d85ae60553e	80112	d52e20d200ed231326e4175b9638cd83dc9a2c4acd9d47c163df9e3832358e1a
base/assets/bin/Data/e0aa5b714ca51b74e9e9390785d2791d	12808	14b511cf0be5bb93d1039ed510d27671a171533c9bc27ba6a614e75de97369b2
base/assets/bin/Data/e0be3fed8d881474d89f3b6da60372de	4912	d7babef24e4c4a3ee067b04542e2fdbd0dd8b257e49424b1900ed1fef9fe68d4
base/assets/bin/Data/e0c75aee410e4944ca1bd36d1f369ebe	728	dcb90c2c95e7be05a7fd50e09fb575d426253fb60ab03c2e12b51d4dda56297b
base/assets/bin/Data/e0d36c5e206f68c4c8c17c2d23830dcf	8716	9f4e860b93f4cc782dafc8dd0d847f4e39b079ea48f139fee2217484e942d847
base/assets/bin/Data/e0d8530bba3341a4e867fe3a78850575	2156	dff442e4f64ade76997a88c9ef26e902b097b8228df24158156922018f2278fa
base/assets/bin/Data/e0db34b085fbc1c47b11bd7955447f22	7560	04c28b08612e57f82976a1f1b48663cbaed218a0249fd3fcb4f5da17a02c035b
base/assets/bin/Data/e0e5c77f3bdba0c49a522ba143792e60	19048	39b01af9f74215d8daf3a8eb719657a4b0948a17d5be4091101c156b99bd5e35
base/assets/bin/Data/e109deadbf21049efb9f3ce81d54649c	5748	c96bfd8fd5d7667b6e44331f55152dfe5fa1d6c8e5e40bdb663073239bf9ddba
base/assets/bin/Data/e13d460a84829a7428440612e12e9506	14624	311a3f87149fe2dc827e9c76e163057a9f5dd378be0edb58f3f3e947519188b8
base/assets/bin/Data/e16e35feb10a7ef4b8df83928ce92845	2720	85077b9c45e4036439aa2587eabe5530010eb33c9959545abd1e083f60ff25b0
base/assets/bin/Data/e18334770e256ea4ca47e061fb7f8675	2508	dc709df3a96bbdcd49c22952500ee86ab781a1b38bc1888f329d7f82ce0b88f0
base/assets/bin/Data/e18ab8418bf43dc42accb2b963c17d48	178772	c098b42e2b4854de1c2de05a667e39278a74549027ae8a10a3343d2f090616e6
base/assets/bin/Data/e1952eef2ff54474aaa52610ba8b32ab	7860	37708da2077490c8a7f89a907d7464a8e8322e37966f9b5e06caf3a02bc71e76
base/assets/bin/Data/e1c8e10bd6b47f140a6f63de5d6a9bae	3612	a4bf81da3d55ae897a9a7879a7dd4d27bd0f9a66bcb24bc365fccea559652851
base/assets/bin/Data/e1cfa65af540f074da88ed82dc69ee91	12676	f58a349a05af8c5b76d3f2dcf2084490667a6da00ce4b62de8d0fa0f56c37cc8
base/assets/bin/Data/e1dca12544b29ac48bc6c0e2eea5e8b2	12368	c2e66e9524bdc139dbedabccd6f41b02df2089bba9f0975be43bb17e88a59e1c
base/assets/bin/Data/e1df09f37cc76c24d8bfaae72147e1c7	12604	f8ee9c0feb1c7cc484be1d18e510c615cc8202f59b1d3da5afe8fe0af2c99b35
base/assets/bin/Data/e1e5f73a654faaf43a24c99ed81201b3	7316	691f5ff7aa615a499eb4bda64b1eefc9efbb5b2b5056f37423063df67dd7c2a7
base/assets/bin/Data/e1eebc4d30a6345458473b095ed37511	9860	fd260b3ed11f1fdcb710124240be95cd28a0a4ca7b889b15b9aab19422debf26
base/assets/bin/Data/e1fa492f99d0d1246830e1e7a313625d	3556	da29b57ac092d5442f891afbd9fe106a377d0a12af32f27d19478c692c1feb13
base/assets/bin/Data/e206cacb1f5832946bff5cccafba56c7	1172	da4e72a13637fe6ced86e3334804685c7b345b4041260a8cd74fff60f95b98d1
base/assets/bin/Data/e219cea8d0a52b34dabcb2bd936e0fcf	5988	cf9410a654b0c5932368b8b9739c3ffdfacc53133c423450db91b7780b554542
base/assets/bin/Data/e21cc5f90148f3a46ae08c99172c01a6	22856	dd1c899d88a1c4b08713d5b25ca1f5eba9b7f0aecca62b781acce3e2ba1a709b
base/assets/bin/Data/e224d396f3571414eaaa670a6a5ff4f9	32756	15277ae0a8be2f57b14072c3fa948d568b0afae9bab618bcd7b0d5c26ea33ef4
base/assets/bin/Data/e23261cf18aa12449baa52ddbbf60a8a	5968	e6cfb05a98c68f429965770ae291c2fcc8e80f7023b50d86407f2f9d56c84f6f
base/assets/bin/Data/e2335b87af4a7b348ad0874ead430d9b	117088	d07e2d1d1bf5072ebb560ea41386666e2bbd710d14de75c68411d7c31c617a29
base/assets/bin/Data/e24aa7355d3344d41bf52313e85f88d6	680	ddaed69eabdbf2cd527e3537f86dd265152d74fa01f535e8dc912f1a4e1e7328
base/assets/bin/Data/e259c9efbb0a2744096216320b0d57fb	58912	064be85d657f815cbae3cf21b95309364ab2335b0e1b639329b5a22b1e82ac7e
base/assets/bin/Data/e2822a1c19403d9439315f3c3189122d	2024	0a007f1d734d101bbe6870d14704e2e3b66ede61a6ea4de8a578b806f42410ba
base/assets/bin/Data/e298065de340aae4ba531e2cf8930b08	46456	8becda789a8a3442a79391ad70d6dd83c0242f8450e4dea2feddc6c4be9f9e6e
base/assets/bin/Data/e2c3abf490705a14aa2f6d97b7622fa1	3416	67ecd0bc0766e87407e88b969ffb1ee9b88b78e6e7f0b98e3394cefa92209144
base/assets/bin/Data/e2c8bd91d667ef041a58202ad95feeea	328156	381cc9ba6e3741207a9e5b1266f11844c18f8db1e7ca26f5dd61d83ff5445225
base/assets/bin/Data/e2d55a46dd6c33743b72b2752fb8182e	8172	64d7c1bd103becdee4343feb184413b2f31eb48eb881bbf4628a264f86d0b8e8
base/assets/bin/Data/e2ec2be1cd0241f4aadc8a6aca399561	12344	0c89df1ee48a2cdc88101d5bf8750de87ed9fd09ea86979a078d0cb4a5a41d8e
base/assets/bin/Data/e2ef45465d0147b42b5bc656bd744b3a	35020	4e11dba0d3f3f5d48f0f43b1b3648ba8e64aad4e9f93dbc3169fdc956e075265
base/assets/bin/Data/e3036760f91494349876f78486eb2d82	39832	1768a49a7cdaca5b96397c3d973fb1a1743091936d55b99fd65041ebd22fbd7d
base/assets/bin/Data/e3042427e55d6ba4a99489527f14e7b8	9696	12344c5634e8b5358f823f031d536e7ae6fbfb8078e185f920198880fb5b1fbe
base/assets/bin/Data/e30e9a14afdc40b4e9fc98378462ff00	1380	ab8893e2b780026959a13bd8930f64407df2aeec8607961936a6f2f6a2beba58
base/assets/bin/Data/e311b45b9f7694ac88bd4c6f6d98700e	50548	a78b6cbd0fa250c8e771c9b8323616e27940a39200fea800840db55bfd52cd60
base/assets/bin/Data/e318126599e9a2546836edd4d6591863	71340	dac97042764230d81681f5071c10f18495e40e8271ccfaaeabbb906d8597e347
base/assets/bin/Data/e3185bbc19f74fc4f921629f332ae81c	3832	7f2133296a27aca98a4510201e57fa84c364224a88435c113c6cff2772c60080
base/assets/bin/Data/e3218d41d7daf4d4884a6afce93fd801	7684	8f7117a8ecacb21beaa50aff363d8020245862427110a223dc357b22a4c16547
base/assets/bin/Data/e3403b104fe16524194703969b7f89bc	2472	1e4b6d344dd31578894d348ef9e48ec58a167e63f2c39a5989453e6b84cc257c
base/assets/bin/Data/e3516c9001f35c642aa923d24f8aab7b	9172	5320238394e50c1cbd3f34d66dafabd82c2521e86b35330002e87646a0743e42
base/assets/bin/Data/e35dece3f6f5f99418363e917fa6c51f	1756	4259f96ffb6d94d740aa629652337a43122c1eb83aa65a3a0300a68a40f454b2
base/assets/bin/Data/e3694aff640f19842ba2ddbecf2e5079	3048	b612e7f66999f6ef233de06b9aeb31f223951d60c2b8f5ca8185a648159e2ada
base/assets/bin/Data/e378162a3cb6d21478d6ec42c393b36a	16736	26dedc41028cd45a8f0acd8f5ea22386a9114444caceb82c218a33971cdbedd0
base/assets/bin/Data/e389a8af8a733ec438c8c5360ecc43f5	18756	fae379bbbdca2425a3a61e3da72a0b7092d6fc546a8579b5e89c8d8bb74cd3d2
base/assets/bin/Data/e395b6d27dfa97c46baaef7ba12924bc	4904	6adf397a3401a7f7cb705f49acdb9377fbe6e38a43a492924c193bdc628bed58
base/assets/bin/Data/e3c454583008f214daf964fdd99afa34	9688	cbb80fd992cf3db0e37a3d83a93804290f9938eaa7e056339a95434598d5e89a
base/assets/bin/Data/e3c5385a728c6484e851cfc276efe450	26400	b4cd26917c951ab73875cb2900efaa0837777cfb2fcc44b5a07444fc9e3331ad
base/assets/bin/Data/e3ca550fd769a7b4c82100fb03e1f5de	36832	b3f7cffc10b133de4817ba9d15e4538275af40ca77c418441631b5ca47be3124
base/assets/bin/Data/e3e4147d55f78a14f85cb1f0b3ec16a1	14704	462eda255040d5209a6a2756a61be64a248e6138fd01d1738f22db01c2538db6
base/assets/bin/Data/e412a5f299c9e7d48955706d2ed04dd5	66212	95663f2253793206a4521effe7b354a61df6ad48b2a57e1a53679c2b5f0e16c0
base/assets/bin/Data/e424cb1daebe32d47a5f127495e518e4	4728	e9d149098ac7b06966f5fe138c403866eb481b81a5a253308903755a2172a7ae
base/assets/bin/Data/e42c86df36726ef43800a9e1f538ded8	7184	002bcb0c041e6607a96e7b812a529c25ee23bc6fa554c041d202aa0e0c36fef1
base/assets/bin/Data/e44db6f52c06403468af4bc10cda5427	36560	015ca41a4f37b7064c9f22923bb0e4a89cf94be8d7104efbc1eb8030082a0121
base/assets/bin/Data/e488668f7284a49089df3e016f080d57	179936	b304e1b2758a634acb75aa400e36610ef904ca3235c97734fdf865e8a1ce15e6
base/assets/bin/Data/e4a46aad37c545f4ca71cdc65a9c5878	82280	e38a9912e16dfeb0591f7c074582b0d88daf33582deace738fd17278211cfc7b
base/assets/bin/Data/e4c41d2ce83c9874ba528e57b1a4d843	8728	9554808c2a9eda3e9d6114553ef4fb6fa6d202332701efb4b50196b7eb690480
base/assets/bin/Data/e4cb5ef406f16b445a9c2c412d4f8f01	7312	b86a0686637d800956709e04cfa8d5bc0bd3b3f2d51dcad9a84b234b1f7f7d46
base/assets/bin/Data/e4dfab1072a067a43b9cea62aa1560cd	4408	79fbf99257256e17b01a59c8a61a6df7c140c605c69ef0246b1581e232091dca
base/assets/bin/Data/e4e1b3644fa23574e8e9cd1116c3b851	9140	ca3a972debe20dbfa54346e5798d0acb007501e7f5510bcc6d4e8836e7996251
base/assets/bin/Data/e4e5b258944fb69448d4c396b6d2f1ab	1016	0aa276042acd619b77441f701507720821f38d43a448081610fbccf57d00b6e0
base/assets/bin/Data/e4f53160b2177304bbb80894fa25a1d1	4196	f9bcbf934dece7450da7ed50cddded2974116da5b793c1b08ab53d0a9ab261a1
base/assets/bin/Data/e51050b81b683a44998e467ce3942f80	6804	b98f8bc41e59543d480f25a90c6fd359336026ce6debe7ec0797c2070faf4e6e
base/assets/bin/Data/e52360708f69aa148bba610c97b009da	92880	2aedf48d73b58e1c97254034d0fa674f53f1dbcb2842e2f3f4f26b2c5130fa94
base/assets/bin/Data/e525991bd63a14d4e99d216e5962c494	22464	3f3529901a44a06e62649728952c5fb121d7a992f2ff5cca011f93dafce06f21
base/assets/bin/Data/e52714d751c1a477bbbea26bba51d3d2	528372	721b6c0c7a6920e2ba66e37edcbbe15998c0e4945c34ce06f424a2c6f73760f9
base/assets/bin/Data/e52c364e78eb5be47b0be59f3190f744	237660	c4ae6b3dfa79cd81709ceb7b5f95c0be6f983855db8c3a0ce9b6af86314e0f99
base/assets/bin/Data/e52d486dfe0a2a54b8b1bee57b15c3e0	35364	b06c9acc9dff5f1b7efe8c84b90edfff07bbe9b74c1460e11ffa0cade3c401ea
base/assets/bin/Data/e53e813910e39c448a9842957e41d805	7632	3bef34af7c47b3f7993b734848e03f2d40242585ed941edd6ce53ec01706cfcd
base/assets/bin/Data/e54eabc44a0fdac4b8bf1969ee796d8f	16032	0cb0307f643e620d622be7507649532a9e2dd3c186f735835b05d5b51b9eb885
base/assets/bin/Data/e57efa946542b49efa23370f64cbe569	30092	57d99a21dd431c66d140fd8208bb491bf766dcae56ec0f08f74ccd55e48ae9d5
base/assets/bin/Data/e58217fc3c6ff794a9aa130ca8353a07	46984	a00df2c9b4dff6dc2c12c0f29f341d69337fa86e458b707521ea4e7ab1f61a04
base/assets/bin/Data/e58d27aaaa5950047890e52f4a05b48c	24480	e63864792bc918a3b39b2c7eb49aae3b8e6cf371c324d0c9ae180846abcf6dbc
base/assets/bin/Data/e59ca683b326fb8428262676d3bed5a7	7164	c2ee6aaa27c5acdf51034146c831c8c3887eea909e64e33b769fecc0d47ec1c6
base/assets/bin/Data/e5bcb8e963311de42b348582d83e34d0	62996	0e8a9e7c478410e8d59d7eec97cfc13ef2ff29ff4fe3124b2a3ca64a64db2ff0
base/assets/bin/Data/e5bffd6a512b7c344aad7b4450e9b14d	7456	4fccfc3955bd6f44d70b5f37c32bf7b01baaed1693603dd389f87679a8469529
base/assets/bin/Data/e5e2169963742f545ac1cf2e41db3934	105292	0de6ae5700d1feb028ad727b4d3ef7f71e696f7adaeb62257b663bc1c286acbb
base/assets/bin/Data/e5e6c7de5e29d3848a76b46dc5207f47	68632	4082756993315a18f948f4a4767ac7dd64ad1b3de6d2eff85f2a5648c7120975
base/assets/bin/Data/e5fa440de60cb2a4cb9c1a249e25ddea	59524	997c2f2e777cb0482cb27595a77eac47984325171dcf777d72c16729af17006b
base/assets/bin/Data/e623a4a2b3c776643aa53b228cd0e2b0	310948	ce825b8919b4e3631e3d61288cc1016d78be63d87dce924214aa7a5af6144251
base/assets/bin/Data/e634f5f84b0c5e044b6ca308b1d1bbc1	2744	9fad7a982397cc837016b02b79166e66964939a47bd603f4af99de5f8de4ac28
base/assets/bin/Data/e636840ebb071be43964e4e80553b05f	5348	a72945bb08f2fb9bf6eef5ab4a88715edd1b68d4fcafc244cab5d28adbe48983
base/assets/bin/Data/e636f2bbfbf37a3449e4d4cd8c7945cc	4068	6bbe177f63059039a7fa16ecdad4f17975c583a1dd67ce388734e88fa65ed1ec
base/assets/bin/Data/e63979e8020b55242bf5451e12a21674	4536	33d105e041a36490526bfa78242d169b690478b8f00032e37e86ed1cb0f0a53b
base/assets/bin/Data/e63a84421b61223449b4ecd8a2e75c4b	14092	571f5f4b20c91552979c7158a2be45841eb6c33a5aca0c4f59d6d48c593bc2a9
base/assets/bin/Data/e63e930637259b349a3f4b309a4026af	59364	cabba5c2b7d035acad4b3c53ebe5f832085770590813102e4a6300ae049ed242
base/assets/bin/Data/e648e9f69277e794b9398b0d658e66a8	237664	536470a7cb09d4480cf8bd458ea5f07274ea8cad631b29d2b75b7bbc1380d3ba
base/assets/bin/Data/e6550b6676825494eaf6e10a71850cf6	16768	e204af89c90dc044ea046c2e9129f81c00b305f3856f4c40c40264129082ec4b
base/assets/bin/Data/e678dc0fec6dc2542aaac2d863f724e2	10596	edbf458d629f45978e7b572b3bcd8ab40e6c0bc79c010e162756347fcf7fce51
base/assets/bin/Data/e68810bbc75a81b4dabb8bf9b38a54c3	2488	75230db202f4f85f0d9fbb7b4d7e30166e2cf44a2993d79971fe74c221a5ddf1
base/assets/bin/Data/e690c85ebe066c04cae2bc40487b2077	75712	3b427b28b7a602306bde979651a58d977bf816d683dbef57daf00ede650ad387
base/assets/bin/Data/e6aab6cef42add145a9078784e551dfc	10524	40446aa84e74c1b2f6e3306146a2f72302de49559d9eccf096921e0eac68f871
base/assets/bin/Data/e6ba065868e4d224d9ecef29105de65b	40496	5925fc1bbe7ca4a1aafda55bfbe5741c39f0ad0b7ba8c6e0f5847234e0106c11
base/assets/bin/Data/e6be9266cea6e3749b2db5a4894d1676	16824	f232049ae267ec01a56fe5aaf47992d1b8b84ae5984b21431c0ec34ad5147b30
base/assets/bin/Data/e6d9c6942bee60445bfc24fa417cb140	12848	b7e8342374f987d23c2b8ae9e425b8a3f6144c5659c3386d1200b138a0d9d85e
base/assets/bin/Data/e7129e73704fb2f46b8f6ae67c721ce4	2008	5f34e6eacf913ec6140073c3ffb7a0cf52f984ce6b4c763663d7e3c92f58a238
base/assets/bin/Data/e71f044f260fbc241b9edb193427bd7c	42080	49e18368bee8cc199e4fd5800e9fd77201e8011735c2582e97231fc43fd1ae1a
base/assets/bin/Data/e72c7fb5c7f9daf489e9c0b6f9846211	70096	3a5b1abe48c7e91b9f8f41882de384279e06e0e1576506e1a73572bcdfa9dee0
base/assets/bin/Data/e733a9e634d124138bb0ce348b683f52	13176	c8ec634589fcf1f346706f6c9d0c282c8c0f27333789ee43cf74a7f34cd19dca
base/assets/bin/Data/e746fa600c795504e89173f820266941	3444	db9807a379fb640b5d96ceb2043d9e5295cfdff52a6de4f30ffbcc9c7c57f6af
base/assets/bin/Data/e749f0d73d1c90d4cb9cfe587f91e3fa	9176	a40d59e2be00f1430166863f3eaf6acbdee2342f13f7a037b585d243aa8486fd
base/assets/bin/Data/e760ededc3b88304899e43f8d79aed90	3632	1593850bb515ab1cffb04a58da8ec7d12fb8f7a8dad9f50e9c6f636e05127fc9
base/assets/bin/Data/e764223290acab44ba3b626fed37e5dc	8100	cab5e795be0b43eaf5ee1c5e638133ff1d6b7bc4fef77f276dc072aeb0e51947
base/assets/bin/Data/e7a31823167536c42881f5b72e1c712c	8984	eb705f4ed0a331f12f95888546e71d564b952764181aa924937bd5eb5c02824c
base/assets/bin/Data/e7a35f87f4fc69c449aed46ab1fa0ab8	60596	759594a437e8b3cba0942307ddaf4ab4b2a9660fa63171f466ef232ca6cdacb2
base/assets/bin/Data/e7a7db6ea71330f468962a4fbc9a4c48	6232	bc0451fc581435e7d3d5919421bbbac1664a1b12a1408c07c19995001b946434
base/assets/bin/Data/e7a9b635bb9d1fb478f35c84e862c265	73576	93ee5d78ef49cc2aacfecac3183e619b6e624f45dcc2edff968759bee523e145
base/assets/bin/Data/e7ad9523f0c32894a84786ca9245b4cf	6400	16be08f8f82fe57eb4c66b8c6102bfdd99ddd4ee639f8f4ac1a45a5df5bf393e
base/assets/bin/Data/e7b85e39c9beae24682846e2d57b1ed1	30588	8ffd0e5b4e43986d76f2785ca37dde4f45e558780cc0f9dc4f10f089e695a0f7
base/assets/bin/Data/e7b910198dd7be846ac553fa318f34e4	8552	09f3082776cb6632f439a8e8ca0e4eeab7067b74c830752a07be2056b0563630
base/assets/bin/Data/e7e87e5fc9395da4e9bbe8724271b636	4168	b33945211e4b21a6fce6a3ff02e20debe425cb10c5acba6e408208d70e3085e9
base/assets/bin/Data/e7ed1f6674075904c87351e739cea930	4812	98bece9b08d8b4b72c9bab036e87567a6fbde7313b902c979c34d2987325c274
base/assets/bin/Data/e7efff46625ae4162855da38d8e5a300	85132	2fe510a330f21f1b96ca852f555a616b98b21db5475369602c6da6ac8f8a7b74
base/assets/bin/Data/e7f3fd8663eceea429a5e0d0d81125fe	7524	62eec08f39e0451eceb68eae8a4e8005ce2f37b748a51c4ae96eed4936e38067
base/assets/bin/Data/e7f83cd39de60cf42a5a02afc9022c76	5240	1cb95ce4d3062dfc7b3fb5ebe70ed1387c9b49eb2be65e73ea1a85686ddcba8a
base/assets/bin/Data/e851f094f6960794e9f49d90e512f0d2	5696	ab7d1081087dbcf6ed1a3e511316660de99d849404d558a0ef865cb4d3868a3c
base/assets/bin/Data/e86049b9c6c50c541a918e2de3119d83	26444	2b5f26269a1648fdb0be7982015b63e33efd612b838165dfd6d251f0b8e3be74
base/assets/bin/Data/e86cc604ee4a28c488bfd6ee8fcb4931	39724	6a4956cfafba68fe8d11add9b6ca5544781d698d419a4d6994e74671f4bf54c3
base/assets/bin/Data/e89478baf07d173429ebdba5f988dd98	3020360	0f4e166def5ec1b18e4edd0d535939db1008aca127f846cb20346317a449c765
base/assets/bin/Data/e89e6172f62d932418c43afebc7dfc97	24160	9a64132804e18e81231014fba9dbfb2ef8ed0e6790a3113ecce36286957f0158
base/assets/bin/Data/e8af5cdd9e400634da3cff92bb018327	25640	f0209595671416aefecb03005b5f218400b288de2a6b79aee6e395d0539d12f0
base/assets/bin/Data/e8c457255281ee74caf719d4b0dbbe0e	6048	dd9420e1d5db5200d1ae6396d5683d49de2314b876d9b6634c5db1984a4e66dc
base/assets/bin/Data/e8c50910d0ebe6640a4914b740b606d4	2932	1571c5848cad20b208517dad615ed08802b92390049631135dda0e1e8c1d670b
base/assets/bin/Data/e8c86bb98e5280b4783101c62b6418ad	6288	1acf8c2d08d90eead3f00b95eb7f6075a7122fa7ffab4016882345496a6bdbfc
base/assets/bin/Data/e8d8ee4d356554147ad4ae2f2250135a	11828	bcd2eed737407350ebcbe75ac89aeb84697d3d9349ddf5cd45741a07f8ad38fa
base/assets/bin/Data/e8db87802624c3a458bddf3fe0b6e284	86648	82f13f16f88f870069687f28f2b92118b682f1d2b7af743cf297fb95fdc7340a
base/assets/bin/Data/e8dcac06f7341a340ab83927721c24a5	17592	b9e3ceed6f6787ef048a8df459bd28b2542f2baba395e05d969b4142b3a11cb7
base/assets/bin/Data/e8dcd7512e14c4652ad01eadd8b9e958	10032	37eab419d14e920273489f69bb86ae6411cb1e5b372f5cfa4141f9e876c4346e
base/assets/bin/Data/e8dd6bf69fc469d4696cb0030ef60250	30664	b7c42587c298f7342842958554298cbb714ab8b392d70081ca52148101d38a5d
base/assets/bin/Data/e8e96130c35942f46b4fda614b2b8400	3620	f9e865c424b6014b86c1850118cf551a701d96210ee118825022dd2da6b03c20
base/assets/bin/Data/e8eea55edef32ce4d8094818946da105	51580	8d14c90829337303dabe2b2455d7e46e4549a544b6ab64d6abc56d779e31c317
base/assets/bin/Data/e8f0434a312a7ae459a02fd7e9c84067	7368	ba58bc14d09930f05f1cb584145b89efa3aa08c0433cf62743c5989dcf5b550b
base/assets/bin/Data/e8f3e9bfead21a24795cd15b3331b67c	5984	5b41a207eb7e194d911258577c0f5437b3f15af1c771eee12fd959282945a093
base/assets/bin/Data/e93082f7c8ef3a045bc1cf2af1898cf0	1017568	353d2fcff92426e9ac538785e272e616cf77e5a01ea024805d66c6b7bffcfdbc
base/assets/bin/Data/e956921102d72344da560b302e747726	10104	aef62a1c9f745537623fd551cb0e2d735b23a72562ab702ec03880e93d744691
base/assets/bin/Data/e9582bc6e98b5ed4c9483dd05a80b145	16192	5a23806705fe6f7b6865b44423ef4767983c52599858c196dba015bb9e89a2a4
base/assets/bin/Data/e95e589d911c07c4592f51b9bf3a4d78	5812	b019cc90a15b8cddb20776da23e96c1351bd76bc2c2b858184ab06d30ef8499f
base/assets/bin/Data/e96d1197c9bec224e816540356e7b5f0	51684	28828a37e6422b38c3678c79f6c3d1d58380c7a1126ffbcc1ee61a1adbd68b09
base/assets/bin/Data/e981609809b7836449a3bf866cbb442e	3940	b1d18dc764f115d5436310e6f91f6175fb7f776e909003ecace294e57ce1dd73
base/assets/bin/Data/e98b234191981544f90a8db02eb0de99	3234464	f0a590926136a871292b2d1da6bab7c4ce8a3bc8d9b7a897f0e222a5ffbecfbb
base/assets/bin/Data/e99730a633e105249982385512db1c81	3588	b62e3055ba2990d22144d2da71bca3c0f2c2e8726cfb07bd100f9509e5e6b386
base/assets/bin/Data/e9c3054f34642f241abf576be4d6379d	2676	0928a5527815e2397ca72a8b421e0df0c03f69b6b4d228524a734f04b0074e20
base/assets/bin/Data/e9c5fe995b72fe44e8055dc4c761fc89	5880	6f7ae1c517623d0f0855b6ae556c64b93b591a7c2765d645b98ed04463f59a39
base/assets/bin/Data/e9ea8d1eeefaca1439e01040448a6a25	980	0151cd172a797e2c619c56964aba757b6d1771fd528eeb77567cf0338d9b36a1
base/assets/bin/Data/e9eb230bc4ec9ff49b8a6358706b36da	660	f0c2770604c717d62d27b977f12f20669d30f5ce37019d82339da63fd5425e03
base/assets/bin/Data/ea056fb078c8a46568de3b4fec2576d2	2680	5aeb4610a80ed216fdf484a08713202faabc9826aa5585e22be6d078d400ef08
base/assets/bin/Data/ea17bb08eaf9f1a4fbedd09cc87cdcc4	5900	0a4a1847ad480ed6f7a3369c4c4a3ffeac1f7997356467ec53751af7dedaad10
base/assets/bin/Data/ea73d8e33a8a0054d99b344ae7a44d02	59268	fc3e3985da88bd74cbce590a7ce5e5f36c647b9de1722c0f7d7394d724297781
base/assets/bin/Data/ea9c940398b61324391c73f8119c0154	23048	85590772627b88dd903f315fb5e8e5a130728edaf61ce6b4187e5f39253dc837
base/assets/bin/Data/eaa76e9b14437274eba5100d25d21f0b	7296	9265970c57718b9bd06801321e3b99acc89a3a35e72fe132b1593837036469e7
base/assets/bin/Data/eaa851952a5594642929723a850c04d0	2928	9afaab75e6535feace32bda56803ad1742e45f93fb462dd7dcb56a6cf1675ebd
base/assets/bin/Data/eaba53008a6c408448d8e8b01628a5c8	8920	2edd9fd69fda9cfc3ad919ebb53d95458f32a3b814c1b91d90cc4f4d6e97ee71
base/assets/bin/Data/eabbb153bc168e041a21f046c9a1c211	16096	3fa357fd8713cc1e8c75f1325dcf1015df1c1af9ad8263849b7febdb091fffa7
base/assets/bin/Data/eac8b273ef9b0b646b21c1e29b06bf6c	5204	cb7436af22097a57fb8be2b777c6c5a67378bddeb1f777577452989c57111def
base/assets/bin/Data/eaf1165c6b37a374dba37e163e1518af	6000	cf9269b06c80bb62698dc7f87b3a8799fd659eb5380a02364e3f1176e05aab68
base/assets/bin/Data/eaf342f400d16844cb67ab0a76acdfd7	4036	944a7b1698ab91fea32706a828faacde5d64b293e0a367c1e66c4ddd5ace2f5c
base/assets/bin/Data/eaf49d01f4944d049b734832ddd9bc46	177560	58b6b59589eb5cd8aab611ca0d50d0db09ab372ed5f78dc3261d7018dca072f8
base/assets/bin/Data/eb079892175e88a499d462371a7739d6	58520	765f7bd173a13f7b5c00860bc9ee461cad8bd798c02a57e5abae9c83e70b8c67
base/assets/bin/Data/eb1484aadc101f34ba14fac274758dad	6668	bc4133f3afcbbba1949469493e0ee0e22a52ca214285cd92cf4c319145d3606e
base/assets/bin/Data/eb3da2d68e6533f4e902daa4194f417d	22264	b826262fd7f86f6558e32795bdeb45e2e47fdb2eb22d3ff54832beb141078320
base/assets/bin/Data/eb5bb79eca7e439419283284219aeb64	43976	3f08eef730b66dec5ce46430d5e60e423bfda775e9a86b9869e3943fd3584bc6
base/assets/bin/Data/eb618b277e7484352b11da9a8eb0fa84	13280	98b76a93ba9068d28965710c93617f460a93bf96c39024b938ad4085bdbb31eb
base/assets/bin/Data/eb9085809c629f04ea9e8595490c403d	267824	a57b89d01b75466a76963cbcb4bd0f56e3bb683a58368467fa5d29b724077e60
base/assets/bin/Data/eb9d0b6a5bd174849a8c38d566fb603c	8744	c79cdbdb9c346d669fcebd1d8e06d355e8a5af42b8da59de6d4a347529cabbb5
base/assets/bin/Data/ebabf9a83191d8b40b118a6d7d24edeb	37932	feccf7a3070e144aa3121570dba50e3ea612103fdd713ded35a93e35179bc8e1
base/assets/bin/Data/ebadb57d41fc28c498849d8a0ad1b170	2664	43a31684a6265add6b4276241549a8456dd67b31cdcf89db2e8ffe794fe08f11
base/assets/bin/Data/ebb4b97c66312414388d89bcd341444b	55804	1a6c5c3ec618ed70753581a3f1571c3d16ffffaad7469ed2febaf99dd691b046
base/assets/bin/Data/ebba624782f48de43bb403bd366531d7	125636	f62ab2126e2f9ea40db442ca07fc0db33a835aef42baee07f81283336b596be3
base/assets/bin/Data/ebbc668f3dbb56c45862ae500ec44221	17232	029b0184a8724a45c9e8be4f52520e969221a5b81c0658a3b433b166d70c02c3
base/assets/bin/Data/ebbc80e5f88e8454e9fa04774e795838	36616	1d5de0d6cf8e4364306a7e23c1a9dc01de1c6f6896fe10071e336697f89b31c9
base/assets/bin/Data/ebbe32588aa5e0c4a82ba5835d963f7e	656	ebfee591c5e2bbf7401e6c7497909bac109596da0c297be8ff842be8cbdbb441
base/assets/bin/Data/ebe6e4b7d22509444a6d8ee5aab7c093	65288	ad03fc4b5aca01d364ca23af7c6918c65d18b06c54cdd1aa0f78f0a26b8276ce
base/assets/bin/Data/ec04d8c00a4d1524c94ccc35f4fd9381	10956	d4da57276054fea082ebbdede176e737ee17d4b3624b725b0169398bf1c63dff
base/assets/bin/Data/ec1553e6edd990440afb6851cc8a8afa	24660	7190ab7cb6300411d80b3982ab9641f253d87d53e37bfa64dde2a898a7b105fc
base/assets/bin/Data/ec170ece3a81f47dab4fe173a54ec264	4924	6cb6b317dbe65eea25f16d952cc535372757f575edd03122bd7e12b6082fa01f
base/assets/bin/Data/ec18dbebe9c3a084c9891d15d4e88c51	168212	59da9161f499abb8276ccd7bb086e83f426ac596ccbad55935ab749b2f749247
base/assets/bin/Data/ec39afc8a8e9ee641bf5eea4452d257b	728	fbb9b88f2c21bceedd86be99e7929e351eb23555356ac0e453bb9db3807abe8c
base/assets/bin/Data/ec3d4e613ac9f9c45bbbfccc3ec9b78f	12244	88bac6f646bd0b8066bdc2fcb8c1557dc1ece9672b88b258253b28d156688d71
base/assets/bin/Data/ec6b7c2b57d4b4441aabf1b212e9e15f	712	94222410f4bc9549c696f84b1ee29e485deba1f7db609de12a0b01b992139071
base/assets/bin/Data/ec777be0bc25ebb4fb1f7752154d63a5	11612	f733c09c2170efd9e5981cfb4f781f2c57c9d85e0613e190b4c8915e1eee13f6
base/assets/bin/Data/ec85374e6dd1ecc45805011cfef142ed	24516	eb32f6cdc1bc821ef4316197586db6fed77c2dfbc0c5171935311612e3d5958c
base/assets/bin/Data/ec856064f42243c4c9aaef291c257265	8848	2aeac2ec66bf2db9104bf37f5ede258997f86f3f1facaf508102fb53a4d08fce
base/assets/bin/Data/ec902f1be38a91a46b0c28cc978f51b4	4580	2bda1433328c7837e1929e829a9eeeecf58e063b6dd1068ba7a64e0a0da80be5
base/assets/bin/Data/ecaeec5906b45234e9b6a59b22871e34	2948	dd712a73fbe7fc23bacb51e77c792888e1e90cf8b68403b6e762ab7bb6a78dd5
base/assets/bin/Data/ecb288d71ef253d4398b6c2d686f51fc	9364	a5d612615d42b93020eb226ce54007e220440db268b814d1e9537cfa152f22db
base/assets/bin/Data/ecb5393b6045cf442b76f7d429a71a88	6496	9c2ed0ba28fbbfcb722546b984835c33e77d93ff26abe738eeb2a4325e84eb5e
base/assets/bin/Data/ecd2123c35f94444796aebe69dc00687	5520	3a296fc74657a8d5ab00a20eb08ffc4a5a79e97c42fcbca655f3d0b1e1fe7c4e
base/assets/bin/Data/ece31f87efcc0fd4b95396d60fa46ea8	207684	75601899c0cebe22577e13219582ce0d2bf192d41db2c93d35bf7188e6e93789
base/assets/bin/Data/ecf7e6712ecc23c479be53579fde43b8	6964	35dc17eaccde933f2b1ab7a25125fea3a1061f6e1d937b87bbe7361b95dcb369
base/assets/bin/Data/ecf95d9c82c2b7b439d99b2ea32c47f2	7840	e5ed98e8944367c0527d3518005f4acdcdbd555fc3b38f4167a5d23d175fff05
base/assets/bin/Data/ed08f8881944cc2419e905672b6cdcbe	1184	e0509d17e1bc29850c37057d289f9d4095d9024549419ef1c50be4a83300d2e5
base/assets/bin/Data/ed1a682fb4c0ebf4daba6cee12b8e976	14512	9408482b2e9bb8047e0df5144466e95aef7d10b2eb2d7455f8119f03c3a960ff
base/assets/bin/Data/ed4a1dc71250f9d42a2f5730fde3e5ce	42568	4c057c6730762c0dbbb8d912089c768978ba3d385593714a87e7555605a96b69
base/assets/bin/Data/ed4e8cd701bbc254f8c406add3283e0e	6112	398b7ac8c39f3176a8f29c4265bab867aefb94ab7ede9f36244ea972250932c1
base/assets/bin/Data/ed523cc5995113242bd9aaf190e0178e	28808	269e0cf688923eb03ace054a093ae54f58d34c534c721aa4e18e7c7ba6468fb4
base/assets/bin/Data/ed92fbacced208347afdc93f284c47d4	25596	caee9b3bd29f620da4552839657b695d411bca62c4954817a4e6f9f535f55b49
base/assets/bin/Data/ed982f556483fc1489ed37e64e332b51	4756	e1b9e6d0554c04082a2d9722dc2f0a41080a33effceaae4f72f643a46a6ef575
base/assets/bin/Data/eda8469498582c84b8e02a163d52d371	5844	5bd62120c4ffa1a83716b14eb7b17c6ae50293a9ec689fdb32e059b72acac1ca
base/assets/bin/Data/edabb4731498f204389d10c545d8215c	66100	d82910474394eb40953e41959459663a1ab7fdb77433eba2bf8480568acb057d
base/assets/bin/Data/edb78d03b1db3c84bafb8daeaee15787	7956	4c7657909bb2f4586e06ab7ac57a9667ee7113ae0056bb39542949cd803d0c49
base/assets/bin/Data/eddad24da989d3543b1e1add75b7feec	120072	984c8eb80299e01ae077027f9417ba0999e4198c9eab5bd5d61d23b165eba49c
base/assets/bin/Data/edf1b94c4d20ba74e929ba56e07b1a38	3908	8ef25fb8c815481ad137ae684128bf9afe8913328bcfefa0aef4104b028baa63
base/assets/bin/Data/edf277e7276f3aa49935ab9e524048f4	34188	d6a26dd538727cd4932bf03039a5f3969639cc6142c175e3f9f1cadc8fd95c35
base/assets/bin/Data/edfa2d39c9db60f40a73eff8ca1c67a3	1248848	4554f46dbb65341c7db2b1707c51b65c81b4c19b66a97effd08a2287826a9c5b
base/assets/bin/Data/ee10ff08fda8cac4986c004a0e28b53a	7480	bc1af0e33aacd21cae825add49ead87b4d7f49228511dcb5e78db9ef1523bc42
base/assets/bin/Data/ee181627a9060f94cac40180dae3c6f4	2116	1e61448da3a2543ce1235ed517543fef229dc6e5692393f0cb72b602e9bf01f9
base/assets/bin/Data/ee21a3f09b9bbe444803177c46c4dcc7	500544	155679f3d789f8721a8b198899b70f8e1c5576182d77869618d2d1a2ec7c4800
base/assets/bin/Data/ee231c1dcf436134ca4c8962890ecab9	6392	1f27de02073f6658b9afeecfd3cf6b480195634911201e52f709db5dd4151777
base/assets/bin/Data/ee2c4c6633f46124596a0a7f8ccfea7d	13948	4c8a67ec63ac86fa7aec8f86346a1677f4781b73a9fdff3a798215d14363df6a
base/assets/bin/Data/ee3196f55575f4fe7b7ee69647c12b16	12244	adf4d13e3825ffedb6ba0d0cf9b4edc48d284216d31eb7dd2131b0871ab9466c
base/assets/bin/Data/ee3de425fe567c748be321cc0820fbf7	12648	199b6084d183467aac10cf68284fe41c6a7a3a14fb0d363418d0886b23cf1003
base/assets/bin/Data/ee5929fb10cbfcd46b30140c9408cc4b	43032	19ae96c2a963349f20bfc80548d0058de8a4b9fe335d1f7a4dfd53f280280a60
base/assets/bin/Data/ee6d8b8d1c4403b4681ff5abc893269c	80392	e9059eac9e0230a7e720f1c8e4c6ba2fe9af0347586b71167459512d4904f447
base/assets/bin/Data/ee6f0db5e89bf4f17b3e8d336a39317c	38748	8dadd32b7f438a899d50eaf84f8689c35edae2af784308bff95e1a46f3af3eef
base/assets/bin/Data/ee798160668185641ae3231edd3d9537	4800	027b544ca8229477b48424884566a9b44ab62bffe04cb280ae17803054a85a1a
base/assets/bin/Data/eea493ed729adcd45b59210a3e554245	51068	e11cf69a4f0c927139c18d39c9610e56d809e415a4377c1aa286f94a8c7082d0
base/assets/bin/Data/eeb1d9fbe2b89354d881b01f94079a3d	21176	d3d94df1897e9912af8949f2eeb46549d82aeb27d603091a635f1e158f3c132f
base/assets/bin/Data/eee919953d1f0404b9a9a73874113caa	45956	efcf5307b2a98aafcfd50016a2c3d3cc294306f6a622830ccc8dde03b9ebc89a
base/assets/bin/Data/eef38d864396f4448a26bee4588a507a	8172	c8646dea6ce9fb64ff836f5920a27e068ccc4905bf0ed02abebbd117a259aebd
base/assets/bin/Data/ef0a8b2fcba8e44deabaf7e0de6c72f5	2208	14e541c761601c0a097876f5f957c927f8e21b63ffcee4d1e7dbd1752d2dd36c
base/assets/bin/Data/ef4f0a8c88f34d5438802604d6508684	1928	e8546f8a7f5804d0122564a6433096dff1dd1d3be3c5f8c398ac592633838327
base/assets/bin/Data/ef523a5b850eb494fbd0553e39733cd2	7168	0fc7f2e88af56f110cbb15389e610f2af010bf9d382bac4269d9871e308a0fb5
base/assets/bin/Data/ef8c8ffd2e11632409a581ae89d644c9	2612	c5245375a759f8987e0f1e475068675f6fc72ea8f03840d010f9cbb5acd14183
base/assets/bin/Data/ef9a9ad494d637e4ebce78cabcb6df73	29476	64c5cd71ab3fe48762306e305f078d7693eb768319648d60a06fddf17c6212ef
base/assets/bin/Data/efae4097853c4424aa006aaa948ff1b3	59424	2c1215f21effc953ff1e7f91fcff882cfcf35afcb7c31d5db5be4d5e0a5c46e2
base/assets/bin/Data/efc23540cabe06343930f0915dfc3cc0	42932	2774a7e190418ea2dd93586451097efb6223ce0844141d712df1cacaa9e47324
base/assets/bin/Data/efeb3e2873d7e8849bca0ae64b291a74	1952	76a5f29a8aea94d5c056a61eecfd5e37181ef5666877ea2c0445d51a900c107f
base/assets/bin/Data/efee66f5267a74a478966c38c1515dbc	10016	53f611e8b417ca64af3f967012d2873bf63c572b632e981f3fa20c4deebe4a3a
base/assets/bin/Data/f02d8e6bf0c58bb4c8c7e0e355df7a60	1560	45dbad382a31aa85d4351934c030d051728a961bcf8001e2b93b5bf05a5d1f3d
base/assets/bin/Data/f03500822ef0d99448e5a0031f5a7924	9236	8caff50dfd91ada75d2ec6acc82e38f375089f7df93d8ee0102c887a62fc3546
base/assets/bin/Data/f03aa1c7af4bef64d823e6190982cf0b	13592	837570cec56e0cf4b695d2113fd1fffc56b364738cf33c3d3e46ec1c7a1c4681
base/assets/bin/Data/f05f6c2d0d619f243b9f15ad1c71f0f0	1416	612da0ffbf9fa736bdc224d7cd2e6dc361643b327838eb591c972da870039e82
base/assets/bin/Data/f0610f71ed0176f4a9f4c4c03b6a5d2d	23480	3f5bfd328f68fea6ec97d52f3c66401619d1bc1be12cef5fffed831f308314c8
base/assets/bin/Data/f0753c33c45c0b64c9a5fd33ed663127	2416	4a2269fd8c2dc545b3b3e11e9b9e0477fe88da93e50f80ec3c805ec97cef88f2
base/assets/bin/Data/f0898e9c7974cc3438703c40e802336a	10420	ee4177838b4846b7a68984c3afcd5e019572031440674d03a0b19eab9d219e7e
base/assets/bin/Data/f0b3c224dab1090428827ab7abfea74d	770892	a278cd57f2146a42f0e7d44b9be230bef6da1f1c68ddfa08d90c9694ebb661d8
base/assets/bin/Data/f0b6c61ef92a0014cb0e5814d8e1d95b	1120	fd52ce7c3f1774b56ddd8df56656c801b4d4ad4de8703de431250c62cdfefff5
base/assets/bin/Data/f0b84ad058a3772499809bb55f4886cb	5308	a69ed2a1ba47b8e076a3cb6388e70c1c54f65dd390f3b1e07fe663c3ce185054
base/assets/bin/Data/f0bc5332cdf2f5d42a1f41ccfbb33d63	919872	f2fc8179f8e16343944f513d48b2bccb2abb3fdb09e9a141278d7dfc2e95bb5b
base/assets/bin/Data/f0c6081036ed51f4399ab058aa4438d3	1172	3a0b77c5beac9d6efadd9ebf584b5886d5de28bb450aaf69c85619636997714e
base/assets/bin/Data/f11089347bd41634dbbe4dd89469bace	249440	393704b605f4857bbad7a0f8d07bba0af7b48d6bfbab0fb62a98fdfa874b1451
base/assets/bin/Data/f1187966e56157d4982f09e0d275f4c2	7948	a9808cb1c2dcff3218ce8424e0352ee00b6e16c8394c22b88c0acee1569f4efc
base/assets/bin/Data/f11ca15d1db1d09408ea14a661890a67	732	794af704c8b048e1b84aee8bbecac9a91151966616e17852b116ee10b0c0cc82
base/assets/bin/Data/f12e089bb301f4b519de1bcedb326ca2	11708	1327f99a53d5410d2ca1fdc4bdfca2ec405bb7a31ee51c7ea07931ed8a5ea383
base/assets/bin/Data/f1410e192f17a4e46bc9aa3d1899d698	28752	d2ef9409ecf5314ac11b2e58531f3f73b53f33196473f41fe0b8b38ba77a5ff1
base/assets/bin/Data/f148666b7aba74922b7125b8e432dfdb	7904	f0324c117d85c85e22801da8918661e9a229de91f85c9cf0bfb1677310e682d2
base/assets/bin/Data/f153380af27c65342ba06f3d49856f47	4080	8cf4873e9cc2b759a98ae11aa3ba50304a144079b8c8f7760e02661b6c9e15e0
base/assets/bin/Data/f17d9bdc4df8bc44fb17b4bbed4992b1	172296	9191f6d413eb7660ce2874efe39e3c4594754945185cd93138054d2cafc83045
base/assets/bin/Data/f18c344e1ea7bcc459bfbb5a66e80dca	8408	aea202c94507e789f136de3531cca1098f79d7149cd4b74b11cfe95020fb3cb4
base/assets/bin/Data/f18e08e8e6fc779418d95ea665fc59df	47940	568603fe1f2085ea800b027978a92983fdb636b1b058eced6236340193a5e3b2
base/assets/bin/Data/f19218fb1cb5ba54a854861907135fa8	10276	99a3c154a9fe932bd5db0d9f1f81922baf9dcf293a7329e7a1faadd96481ab3a
base/assets/bin/Data/f1aca0df39b060b409dd990be859ddae	400608	d224863183608b7f851598db087b47658ef13a0bf1ce7ede6d3bb5314759bb04
base/assets/bin/Data/f1c2380afb92059479a76eb80968c9ab	1040	b6c85e1c61cfde75c97e067d281a61cb3fceba976aa555d0f13874f049891c69
base/assets/bin/Data/f1f4aa03461f96d43ba7fa2777c2c4f8	3500	c460998ab2e1cc306515206a3b984450352b8ab036cfcbfa8d972b00642a3f9e
base/assets/bin/Data/f1f4b2f3e688e464ab2f17c72803297d	2984	bdb046ff6eb8dd92347f0fa7415077537d5655586fd42939179f38dc3292ae3f
base/assets/bin/Data/f1f7c1bd00132a7439974e162922c657	4872	c0b2c5d8dcd584d37cf0b9e259cfaef26364c2977232dbd7738a739deac50bf2
base/assets/bin/Data/f21516555a707ea44a97a5e2e5fbd0d8	4788	db53d807d5cb0d40fa9773df93fdd66c651cbe93b993c094ec86e07c9736e37b
base/assets/bin/Data/f21bd000abd0a6949987e8b8fc432a7f	8036	8c68dd056253b44b465ed9507b9c557ee73ce1c17275b57c46e15850cab1b17b
base/assets/bin/Data/f22bcc84a5f4a1944b075a2c4ac71493	5804	518755aa85d70299686276e2c6af73b481b2a7def1d366af24234a99c693c252
base/assets/bin/Data/f22caaebab2a0e74d8935cb0091838d3	11772	302de1517e5154cddecadef4db38d2f86019cbe3028a013155e097f6da9e896a
base/assets/bin/Data/f23271813cd45014cbc9bc3eb66dd4f0	332744	7f9a5c7c5ef20447589961866cae885523c524816b5b5192d0c2eb7ec24f5265
base/assets/bin/Data/f234fbb1ff61fbd4089b27c0e4167ea0	3116	f80c4cc640760b398ee1ae1d62ec6f69e6b1d22ec3c97c5f8f474947eed2d948
base/assets/bin/Data/f24059e361787f84a907b875a64901ad	1744	323725ba6f281089fa96b409c3896d7c2142448690aa898071b1d391aae78418
base/assets/bin/Data/f242ba97b0397b54ba234b402329182e	736	88111481a94c8187dfe89a7c2d8cc078a1f687cb488320f3a51c9947acc2c4b8
base/assets/bin/Data/f25f3841d56de8149b74e52abab768ee	1444	fa686271a9e91f61e06495da654e0ef3e783228e048ae155ebb4a960db607399
base/assets/bin/Data/f26eb477be48a7d449ff40f82a0fc678	7496	beeca17f1c8920d8087401a4fdad23d38f0db61dc9700fae87fa8654f7697c7d
base/assets/bin/Data/f272935e4a4b3bf4eba2825fcc900b45	11536	5003900f6a354c6fbcbb40cfde91f82047599fc82357aa5d482bc242ebb79de9
base/assets/bin/Data/f2745a9292768a4459a3466235ba76e4	4116	0c44cdbb2cd1a01018afa1ca3a8bcf5ee966cf844cccf15c0c3ea395bdb67e2d
base/assets/bin/Data/f2b1f1a23709d094c82a884f6bd8da9e	14672	8d7a0928f0e4682eda4e68fc1074350bd6c740aaa5cce567b4a20dd645fd07c4
base/assets/bin/Data/f2be4216f64aa514d9e11def2c5c6d60	9248	34f1bfa6efc54a309e97b55abc7342f1786577d9eed64e6c46145eaa5d15da86
base/assets/bin/Data/f2e25ff11f5fa4311a72a16819f9ba19	1536	37baa93a6b93c510fba516d4e7fbaa520eaeb0f5c4ac308ab2240bab102f3423
base/assets/bin/Data/f3159028796709a4380c86d36f52adea	35684	79fe781016d1ac7dbc1c1113968b0fece1d82dfa786ea65a18ccde22d2c76235
base/assets/bin/Data/f3384a5b45b6f3f468a8f29f627e9946	3032	94bbf77011025a61772bb046a22cd8ad9c386faa93bbb32b78f9da6bef27db74
base/assets/bin/Data/f35e29795937e094b8e38b4a7cabbcc4	2544	0064ceac12734cbff55071a145482e8b13c9578897953d2196936b48e8ed6469
base/assets/bin/Data/f36303709c84eac4e8732a3ef06c318f	8976	479768e47a68dc02f4c3d4e7590eb6ac7f47cbad4177b36bbdc1d8a91fb1e0a6
base/assets/bin/Data/f395351e364d0d84c8b63bf44095185d	73896	21265a1920791b1a1068731ad528dcd93b1b041a3a37621132b279fa34b48e03
base/assets/bin/Data/f3bd8ca2c6a3e1a4ba4cf5baf7b870af	7076	f87262b82d52b7af812edf73e7436a3e12d4ddcd3f9ae413bb5433adcbfc6590
base/assets/bin/Data/f3cdd337c926cb64bb82b5df991ea747	11184	104d3d9adf17d8c8ecf10b018e3c82b70732ac0d55dc6bbcbefc76fec0e89342
base/assets/bin/Data/f3ce37bd683fdf1468fab261562a2e78	3120	d286c773d27d03d68da2bc10dd0b038575dea8c356eafb562fc2c3d8d9d4515a
base/assets/bin/Data/f410061b2cb3104478333d2c18f3e4aa	2696	322812bf0f470d8f93a8d22a6760100c94c06b351ec845af0cb3a3cb5c410f63
base/assets/bin/Data/f43b4eb7ae3968f4ba9de27c1a4b447a	8036	1d475a040a0cc727936b84c35025958ef702e18e8657161959e5c0a0504250ed
base/assets/bin/Data/f43c6b6d926c6fb43ac1570679b79276	4608	d0ff55492dd7dba8b5d71ceb2fbcc241d50f4ca49b10772ae6d8087817bed6f1
base/assets/bin/Data/f443e7076a2ab014a8afc8368294d781	29208	3a03d03e4ee4aeeea15303ee6cf7ce8d9ef33b2c1d23b054e4bde334a8408ae9
base/assets/bin/Data/f4452d6bdca97f74f8ba9ed40338057d	1872	30779576c6c7c4bece0050cf7f01100f6aa2b8281a39a441defd3479a157565f
base/assets/bin/Data/f46f8af01bea2174b95272d007b9d6e1	4668	67b2ee977dbec39767b0384211ef21adf254af9a09fd7f2fda5e91ac01ff8a39
base/assets/bin/Data/f4733c8e7516ad646a9f19077a77ab09	77712	b835581837485c57b4a7683301f9a7985e1e5468daf9f4f8d4e7c924d669043a
base/assets/bin/Data/f477ea8675889a84b93d130b1879534f	5660	58ea56fb5d2419e44b5711223a52d261bc9ef2801bef89b45cf713574e6f26e1
base/assets/bin/Data/f49bd39af7249407086cbb906c717340	14796	d3eb3e00ecf0730797e21c57134ba3922bf3f4f9d31f1901c62083da0fdcd8fa
base/assets/bin/Data/f4a2888ea497aec41b60a2e9edff8324	12432	9df544081c154fc9149badee056a4632d3845e7416dc8bb711a4900663b63ae0
base/assets/bin/Data/f4baa1640b343ba4994074b9a2503c2d	4356	34e68f1bf426c3bf1d0c02f37361150127d879a32c82fb377e44f3681d9fd47f
base/assets/bin/Data/f4c372247d18917438a4674daf0a4a59	35396	0802b94721472c4120abb722cbc718507fba7f9231c0cb49c42428c42e8ae548
base/assets/bin/Data/f4c909e56dd8f6a4b9c8a39404e270c3	174824	b7dd81334437d05307e6762d57051998e94f37027aeeac2913c3d2a50af22fec
base/assets/bin/Data/f4ceed74f11cdb446a3f03f85c1bf1ec	56300	bc265a5c9e092f6ec1dce5d68c6ea0703882ed81e66f3d4b1a9b6da08fff725f
base/assets/bin/Data/f4dd4b5b7b295c949ba9b7914144ef51	608	18c216889cf03b5efc9d4acb56767dd86fde7313f8b8caa8c7b82cb9eed963a2
base/assets/bin/Data/f4dd62df5a4b1ea4ebc2812787b76662	2620	105f5d39ec71e3804a27776c048635779e7c2ea8151c5e1400a34f3b0f90fcfb
base/assets/bin/Data/f4e986dd43c1f6843b98be16df854798	488	84431f722720717413f7c6caf4a885a9e2c8a2e9d48fcb4669432d39f1bd18cb
base/assets/bin/Data/f4f86ba43e64706499a5943e70e74dd2	2168	07229e227f82de70bdb6b8c65303894c0e7b79b9aea51b9faeb979777490eef2
base/assets/bin/Data/f50aa49964a47e649b0347fe9cf8544d	2224	46b05bdb2b97299e5b231987009aad19f6ec29f6f9b850f6e20e7fae507eb03c
base/assets/bin/Data/f5217be0682895449928d5528012aadf	390968	de468d10bb50635ee41382eff90824bcb6cf9f60b0e3b4364a0ebfdba417fa71
base/assets/bin/Data/f5294683427733b41bd8ea1e805e9303	87892	38ad4dbb2ff04827a20d285928474c8be552ebc818dbbd4c1b974d44ff7bdb27
base/assets/bin/Data/f52d056e2bb47104da8c5c28e8b3b8cc	48364	dd108631dee7f9fa8c853749f1f91353e71a1729e7cd9e79505bcabdb74cfab9
base/assets/bin/Data/f52d78d4906a1b14fb1fb87fedd8d27a	64276	b5e1703453a8db721abfe955c95066064fee84edee7e41573795839adf784f67
base/assets/bin/Data/f52f92d7ed820364cb55adff1af7ba1e	8700	16f8259f10eb4e11112cb4ea820c6d618684b8ebf1fc1064326ce8125ec3658f
base/assets/bin/Data/f5324dfb82bc44c409308a8cd805d390	9016	00b0a48faaba61ffddd4870ff2d0d750d3a3e350efa6ee9559abba791270162f
base/assets/bin/Data/f533ebfac5f372d419c7fbe6640234da	8528	917a71602809a44ec067832c04da3166a3fcc7d8da52ea6b9e7a1f1048aff9e8
base/assets/bin/Data/f548a465197ca57469666fb93925550b	7168	d0b42b51171c1fd9bc6f8274e6e87854e35939be6f9a82e55a793b526a881f52
base/assets/bin/Data/f54ecb635f8a6c54f8cf8079f20438ca	1608	bec8e828849669f0e5d8ad4527d0dd3eecb8dc48503694bb5da6a668c4702f8e
base/assets/bin/Data/f56574f05b2a57847b9438dd8647fc90	26940	c907abbce26b74c342de14df7c0901547b1bf722ba8f0e109529e4204564f81e
base/assets/bin/Data/f5807bd9eaccb0d44a545e205617a1bc	18468	6effec5febe64aa72f09c79e247e45c1705bd27460c6402a75a1d15076122202
base/assets/bin/Data/f584034ce185ba84eb3392b008a36f5f	4812	bea1cfd5ec361c91527c6b46e8275e542246b42f62817a7599050155c1e7cecd
base/assets/bin/Data/f58f0db14a7ecf146a7d34ebbb58c570	689336	a1e2f68bc036371373105c77a171fcb2a9431aa1dc1fbbc199925057ea7d2fb5
base/assets/bin/Data/f59982c8185700f4b948b45ee163d3bc	1688	1c77aecd5b88acb3341f87a0e1169a3bda484a73d2328ac5968bffb07cf91fe1
base/assets/bin/Data/f5a054510b8643e4ea849586bff319fa	67772	fb7f93df59f27f6081cdbee197e2a38dc356e1a6c970167b3cea520aaaac457a
base/assets/bin/Data/f5a609afcfe229c41877304e2fb5ae7f	176912	dafd23e217e218888bc4a625ae4af06e5a8da59fcc74ab5738034ffdc4797d9c
base/assets/bin/Data/f5b0c4ce1b0ec6247ad6adabf58ea229	15148	9c0a62ceed0c01988018fbd2d0555b8560cb67774066f3ae183539639d146b10
base/assets/bin/Data/f5bab8bf8b61a4a44bfa294b11be0858	10868	338f060de435e3994f80ac175462a3d8eee74e69b987ff7fc8435f2ea6c011ca
base/assets/bin/Data/f5bbeea2560bcc944a7a73e314c0b12b	71444	b3192b5d9628697a561dc8f28a82a22b42075ed80bf4293168f85d586021c904
base/assets/bin/Data/f5cd7ab79c0ba534ea942351539d5786	1052	75f8e1551b17a9700c44c0a35eecd3b1f19d6e061e1e9abc7dec712258b261ec
base/assets/bin/Data/f5dbb7497ec7b4346b3fa16b548df21d	7080	9016b12474732c34a2001cf88361fec6007dbe957f24cccd9b148c3589155ba5
base/assets/bin/Data/f5e0bca7142fbe942801bde3cfc9c63f	4196	ba09beeaaa704771810c1002655575a239cd27a4994065b7516f9221a9dbccb9
base/assets/bin/Data/f5eec92a73120bf4faf32a93e20b8759	22860	4f695336054f1a82c73a27b42246010e1acab098ed150bb06136489a6e354522
base/assets/bin/Data/f604a3cf0a24ea34ca854ee99453cfce	5556	2536ac3db99278b0f49643f39d559e14157778b6e35b9068c3bf5dd8aee9c3e4
base/assets/bin/Data/f604cbd88f3691648b6418fcf3fa4068	9360	14f74d6395bcf7ebcf323eaaa912f00b9bb0da2eea9eb5dbfc6c9402f93d6f8b
base/assets/bin/Data/f60fb706c6e25654793bcd2550f9956b	6088	9d8b1586237265d86e5340d6bb27a6b12f96ebd6180155d9b9ffabeaadcaef09
base/assets/bin/Data/f619db2007d58634381f13bf6d02498c	4868	ccb749257262c1e3c492eb204d6f0b270170581ff849c5cb5f16f2a652f5a293
base/assets/bin/Data/f633eeac180c38f4eb804bab1b0b18e4	6348	9a19e486db83588ff642d2b787461d26d5e590cea1b20538768938ffd4910116
base/assets/bin/Data/f63d5e5013b4b224b99d5badaf3593ff	61608	180470294a50a75e5c1ed1fe74371da3c92c4e673e409e2c097514d6382ff52d
base/assets/bin/Data/f65ac5386b4f44212b615eb2e821061e	2932	cc296ff98aa4243ebfa1e7491622ba515da187a11e0fe69aac48d7a37f276614
base/assets/bin/Data/f666019cee90c4df7a7ab51aba61a250	48296	45c24f108eeb9737c3753b83651b018e3ba849c1e5ff2b1cdcb058cea1f813f9
base/assets/bin/Data/f667cec9099f0d5488ec67018d37f38a	5064	0fe286d0a703221496f0680baf4418fbe749d9eead24395302cc6bbea2392545
base/assets/bin/Data/f66bc8fdcd3451d42bdf0e42e94af6e7	80172	caed094708f29e24db7d8f5cbc968f3858fc6a145b3999a79dfb6c1b4e8e2604
base/assets/bin/Data/f67b48d7fb489c84aa3058a6b9fc0cfa	39440	145ae7d0c0dbc3804fc8440dfd9d5f47766f7d87782ec37c1146e39c720bf915
base/assets/bin/Data/f67d80186f0e94376b33cc559993e39a	6576	9794b284c1a5039cafca506e0445c0e82bb3406a54f8e1f8e5147a0ad7821b48
base/assets/bin/Data/f68d75ec79066da479962d18d5310022	3760	0659a29a624baf73275c961ddbfd423e4a11db0d665111f0d34442f6c4a10dce
base/assets/bin/Data/f69756dc2b8e0b14396a2da3f3b09452	185404	983f29025b31e5e5c5b75ae606211127a22e534710cd95a60da4ca8aef4482bc
base/assets/bin/Data/f6a6530f822901d4994b2833a6d7caf6	5716	4a2f9a52cc9123f22cc887716aa22cc8fbe9448728857f507a41c0e3e569dc8d
base/assets/bin/Data/f6aae23c7cae6654794fb69a9d864e5c	8296	80ab1eb5d342c2fe288e697559665f3e7451779c4d7eb295ac3c441087e271e3
base/assets/bin/Data/f6b1047ae30a12a40a56935434268941	748	6dc93804f0bf34a0d578398ff45ab5aac09af648a6bdde1e27630bd17ca1c558
base/assets/bin/Data/f6b1a0fe75d5009449cf55ae76220e2b	1896	83cd9b7c2dc67279b9175d7a6aebc341aadb6a0bdb6ac887377f0bb2fdffa71a
base/assets/bin/Data/f6c36aeee200ee04997a390f6e1e1a14	1564456	493a4bbc91fd1787601964066f9b30cc8653e36eec1464d193a0e162c94ea0e6
base/assets/bin/Data/f6c69cf0e9c230149a9c5225623db812	43216	a79811ee5e4c31cc7977b8894c48a698426c7116572abcc8add124f90428220d
base/assets/bin/Data/f6ce33b91f6ffe54cadacbf4bb112440	2060	90ef811fbd0112211a8784be5b213d6c3e8c541eac1d6b92be940e384cb07915
base/assets/bin/Data/f6cfc3039b49b4649a08fd2022275503	8124	3b95eda13cef8fff1cba14fe96c418ffbbf476747fa9f9a4c0fc3fc6840ef4d8
base/assets/bin/Data/f6dca279543716d49bf78d1142004bc7	7740	0123d3b44e44d1fcc1aa282069cf331a1501d99c2de4e668043282298f025f92
base/assets/bin/Data/f6e385e1433cbcc41aebe33a0cd58053	2488	ec4bd301596f60ac08138fdc9ac16b0e39a2eeb8852b93b1c16f9139884bd833
base/assets/bin/Data/f6e5f2534dbe5ca4aa8c93e1ca2b633d	37024	186291011d3330ac964fa59a1da73305d5b19f117cfd7e61b909e87b404b7d64
base/assets/bin/Data/f727e8b96469d4cf1af718b462d3d80c	5720	7bdb1eb6a3a4f19da4ad4f448b4d3fee687cbff5a9f598d5cbab7c76d4016c93
base/assets/bin/Data/f74ab4ae9c038e04383101dbd6f136eb	1880	d6d0671122169c726c38c3fdd7434f413a508f99cad08d8e87b1aa92a0d6caf6
base/assets/bin/Data/f74f226d3c146fa4fbdb2ab5881f1755	1052	ffd13028fe65a3c04a6fad1ae53ee462485232f20bef467871dc6360f93a2439
base/assets/bin/Data/f75b561e19448b942ae87c9b27907d33	6384	50959ad6ab2d624c2fba1a73d0f7293902db030e3bd952cc7f1e02f0648d1a83
base/assets/bin/Data/f77a19358f031cf468cceb3f16e93b4f	46684	4b18ff096b8ea743e10244b2d15d298bc31e84a9228a11796bf16b6b07769830
base/assets/bin/Data/f77ca8d1171eff149b4662de30b01cf9	736	c20c9b40d1d6ab6b1a83477d37e4d16d4a500dbb15c4922357aa6c9b34b1cb13
base/assets/bin/Data/f793ccba4845b6946ad39ca194218a29	21184	8e01f172f8a0c51cae66418f1f080c6bd0dd0dacf42a90ff81df3bfdbcfb4848
base/assets/bin/Data/f7988e5046bd910439ed604302633e95	4512	ec598b6ee5af5e6337a0c427be17a85c7f5c1526408fd4320fa9343a27d4dd76
base/assets/bin/Data/f7aa61241550f664a8922250d5119b07	56656	e97196b8dc629e7d431e2a8c037a127b7c2f49518eefb3d837710be16e684072
base/assets/bin/Data/f7ada0af4f174f0694ca6a487b8f543d	27056	78f53ead667a00ca7baa4b552468b506cf3a7f3991731c43ce31fc27902e4b1c
base/assets/bin/Data/f7aedb3866de63844b0f6f9ac56282cc	86976	ad615a6d979046e0ec0fbf874f12eb5ece1ff708e23449d7fb0d9e6e901cbf00
base/assets/bin/Data/f7baa2ce79fb8a84ca07b2271f298085	14244	a6ae7d370a3418555c01ccadb52b5ec382f046a4b618c98eef5a5a9cc52355e7
base/assets/bin/Data/f7bfbc6fd97d7c348aacc40945b55317	11000	d1866e0b3ddbbcab70f611ef52cd11b34139a4d97c88ff519f584b6472d71190
base/assets/bin/Data/f7c1a80fd6266614cbd4e0a232e71a74	217264	e7c7e0a9d03698d8743fafaf6271eeea95f411de3bd39e5ae4da266b7c4bfca7
base/assets/bin/Data/f7cc9061cefcdf943b79aa05bf0fa906	84368	0b1fc145e50b5c047a1bc94c91e41d95822a3e1d802ee604189147bfa1bdf868
base/assets/bin/Data/f7e667d871db38c40a48c403cda19162	3848	05588bcaee7f93acf705de7e2c5594b5109873d6ce83bc823d318de571f7a731
base/assets/bin/Data/f7e6a086bf10a354b81c4de920566d20	197440	436dfc1c3c6b4d189185d5f113f04ed6d069201ce2b5e0d41fc497116906dc07
base/assets/bin/Data/f7e92fbe4b692d642b74fadc66232da4	10956	c0bc2b9ca0139739b065c8b09ae2046a4d59b8ace47a794b71ee8b3d49189d50
base/assets/bin/Data/f7ee449affe2f0e41866cd025a6016f1	5800	2f5b6478316d668965111915ca7e6958e5f0da423a742a201eac0ed021833a15
base/assets/bin/Data/f7f251979f2636b4788dd82ac05864d9	43532	768c6fc49f25873d75b29f3c8999ad5695621006efdd078309ee150fb7c51fc4
base/assets/bin/Data/f7f5e36797cf0c1408561665c67b179b	964	005f71326a33bd1bc6c7429f1e9b56381738f309a5d5036fcbcca9336d9a8064
base/assets/bin/Data/f81c303939e15df499d7a21a06949f56	5400	d01d9f69cbeecec056a68d911ffe3326ded3296b11e5391b95192a021a616a47
base/assets/bin/Data/f82fbbe90f7c4ad4c98865b19c34f4bb	17448	0b9abce7aef5589734c8a9008af07775210dd5edf2865db9cca416d1c42b2c2d
base/assets/bin/Data/f87ca5bca9c983f408d205fa038c4a0d	5796	c54ff186c43b94741acb6480ae2e94715fb16028eed1053abfcc6eb0df762d8a
base/assets/bin/Data/f8863f5f21910f641b469f06cf5eef28	2040	65cb6588dda9896963f7493be9b77159614c231df422501f0c6f64fbaa895c9d
base/assets/bin/Data/f8af52797a3134cbf9ae13187dda13c8	2484	15e19b65a4c42ecfdd29b2abf30680b58467a4c07c7cfbc054dd80ff6f68bbff
base/assets/bin/Data/f8ba901ff00ff4a509bcfb431141df8e	13728	b89be38b1e2ce44902a1c6ca72d6c3fb98242fe4771578d6e6ef548538131653
base/assets/bin/Data/f8c47393091c8784ea12c85d23f45df5	1308	894ad9c7d31b2071187cf5e9f6604e0b5cee6ca506291325e69bfb78455ee653
base/assets/bin/Data/f8da6d5235cbfed4ebf0dbb8406537a7	41524	6d61edfcf32e59499abd1e2be7421164216649202f0543655210822c486a326b
base/assets/bin/Data/f8db3060dd65b084c80a75a9dc9bcdb1	25908	94d73ece19d27e6e695b8eeed9479a39e6ec1c56e69da6f8324efcf2bf9ade93
base/assets/bin/Data/f8e14ccda71446c4cae729cbd211ad73	18708	ac9acf28287b0407ccc84748619dfc0260ff1aedc2957fc177c1f0090587ae6c
base/assets/bin/Data/f8e15a06f68a1694090da064ef3e1343	13820	babb7f21e7258493d76051ea3834abfc249f9559a33453e9b8ea77744d172be4
base/assets/bin/Data/f90133085268789428b247b5b92946f0	3832	665a1be16e8fdfafc5c1dbceed51ca70785c0a1fd7a26d0acd6eda03ec103af4
base/assets/bin/Data/f9380cde873850645b98ac2dad74795a	4292	2b57eb291ab245514b32357f8d7344e31c7d540b54b15cc02623362ca3ae4e0b
base/assets/bin/Data/f946df97603b9fb42a8f89c6c1d24619	6728	f419f2d03a73725256fe6a0f38df40938d3ccba528c6d063db83630067f320c4
base/assets/bin/Data/f952c082cb03451daed3ee968ac6c63e	2460	f336d3dcc7e47b8bdff31403ce7fd4d3232e2f19ddf76c882bebbbb51a615e66
base/assets/bin/Data/f95419b7bceb483409daabbfa0521f85	4784	725a33e6cf89c2a325eff37bb3ea10f9874f58e6d35ad390e4633425bff9e4da
base/assets/bin/Data/f9546fd47ad7ab54fa763061f45fb2c5	6496	065de8185beaad4563b3a2342eeb6a6f6938c66d6d7e668fec10a4b65dbc636b
base/assets/bin/Data/f955c015db92fef41af923499058f36e	10232	799ef09d9cab751a8dc443ba1edd673c3aae3ca251700013d5f09cb55d6591a9
base/assets/bin/Data/f9849670343eee84b8a4f554bd7f80cb	996	877db7cb68e990aa458ae1b46f7dcd8128cdb8c7b581798c9cf556e684d44f52
base/assets/bin/Data/f9851041b5a2b42449aded87e9102092	28960	40b672d82dfc2b403ad1bad2b9ff1ca5068ad586dd5063cb499a119dc19acdaa
base/assets/bin/Data/f996c557c6e66f440987072b4549a90a	14712	4d711d2f20181c2c2296559962561beb40ba5b73cc1a918ea2e97b634de16302
base/assets/bin/Data/f998b7b4ff7f1984f8e6bffc61d4e809	20484	96816cc42d0e40e156e0a5d2b7e7cc48be8701702a8ff37bf197cf0ffcb115d3
base/assets/bin/Data/f9b6b5e7c9e83dc438c1eb1c5604b8c8	6256	ff4aaa64437350fee45de186553bf390e7610f9b334fc328e8160f59415a070f
base/assets/bin/Data/f9d755063aeae704baa60122916909a2	21936	54ecc755ffd5b6bbebcfd0f1d473109c290f104a65d3740856f488cb432c158a
base/assets/bin/Data/f9f4ecfe5937128498b2c565c6be1053	20960	942db61c641ea819ca0f73aee98f819f7409333f3a945282a98e265a0767edd7
base/assets/bin/Data/fa16b8e844e820844b7ba42919fb8b4a	7844	d34aaede7908d444856b51180b374332e827e517073cf645c77899183d3875c9
base/assets/bin/Data/fa20d4c9cb2cce046ae3df1a100b629e	3116	93d05bd4383a57db733b5a80dc7a27c6beee475527720a673fe95abe96465140
base/assets/bin/Data/fa26a4fca4719e74c92e7b30b8bff369	27060	5df9bc4cf895b9b169da81bdc332cf5bd486f0a3b4460a76c3dd09ccf01fd4a4
base/assets/bin/Data/fa397f14035dd7042b2f806755772e41	38468	194b7a1a4eb189b8e01c2a05a369c0469e20902932848453608c8b99f3f5cb99
base/assets/bin/Data/fa528e06f24620e4e92af5f4d11b0ef3	4856	6084363cb05d54164e7d1c22b7ffe4e0fb0cf79027a07eec4d3ef39e46030762
base/assets/bin/Data/fa8937d000065b144bdd35194cd3cdd6	82072	04dff65a1fabdeca81f9f9f7a7e33ba1e2702be364c03c6814e2d447ccd12fba
base/assets/bin/Data/fa91811748fca01448d0955f71af2bb9	34172	bc0de1d8163f2dab1e0d826a6ef3327d59c9b6565613e1caa1bc4ffb4b4a8417
base/assets/bin/Data/fa91e1b5b082049a28e9932e528a908d	7776	398665d0d737e80103b6778dee8ca3c3cfad4a1a959a9f2ae3cd086c3de43540
base/assets/bin/Data/fa93b89a53393ed47a889eec3c357b48	4284	b6d0b87da2ea4b0c476f445f12a7339f8404e1f5b4a8fc4c3ca2e6933248e467
base/assets/bin/Data/faba3331e889a0a4e98f4ea863b1b3ed	34400	7c880e70c0d3178c6c8866aaf66cb5462a412ee09f30f2cc8d0d6c111117d6ef
base/assets/bin/Data/fade42e8bc714b018fac513c043d323b	460	a4f33680e688e700022addd2e32d3ba93d82e1f1c878ca733e803c50dd9deaff
base/assets/bin/Data/fae1fcf222c2af6489156e453e58c1dd	14248	52e3512cda66a19ebf6a1455307d2eaf69650c68d9c3a7c1e731754e2965ef09
base/assets/bin/Data/faeac7ffd1427f945a1fa27abc1c3106	10772	edc9be13555f0415cdc272fbe25a162570a3c100735c23024812e2cae90c6bb1
base/assets/bin/Data/faeaf92941f707a438028329f9f1e623	5908	c75ad4d531c4726dfe45bae99a41c4d5f1880672e84414e03b4acd68385279a5
base/assets/bin/Data/fafcbf4f6d0b6634190e09b14254d576	177572	b1d32ff41f58b827cdf16d994d63c8ed25ab529803d0c863ab15a5d1345eeede
base/assets/bin/Data/fb1fcc2edf86e8b4b8774f2e9e60e647	2960	c0776fc6f5a1882aa6ceb0ad5cee55c4eb9494fa8e271482a235a27cc5c05e20
base/assets/bin/Data/fb2210de98facf6419c4646b0c01c7c1	6216	000b038a70769120ce3a4a95a67b95b8d51b8e8ef1f6831f4b34511588f98234
base/assets/bin/Data/fb226063f6d2bae4da345c54191f0333	14048	e96f961b6d2dd1b7b8c334b6aa11c7531b67e626a1383e171f49cc01fc4a2858
base/assets/bin/Data/fb5c603c369115848904ea7d30cf9481	4832	9bf8cf9893150469ea867e4cce25e500ce5b30640acefc9ac0d0be967834202e
base/assets/bin/Data/fb65c263c84bf98428022b4498f61839	4876	5a8b031b758e97538de8d1422d5642794c06bda6dc961b5217234e22b7985f36
base/assets/bin/Data/fb6da7cbf819a42bca16f874b4397071	3636	11921fb96c1e824a47ac86afd5088baa7ffaf1a6a455d71acbf2df7f06952cc8
base/assets/bin/Data/fb7ccbb53e08aee4085971ccf487188a	4720	12765e858650c97643026065efac702f3eb4047497fe1aa16318686f350140ad
base/assets/bin/Data/fb7f1bb409163854fa22d8521cd4fc30	1212	1da6641c87cd7c6f488515e532f65644f5ed8dbd538d9ce396d6966cdecd00c8
base/assets/bin/Data/fb84e39714ac6174492578aa67153036	624	a3bdc45818a433ad1f3da251039634bd16e482014e93da18ed68b6edcf10bc9b
base/assets/bin/Data/fbdf49de567b49145aadd757049206c3	7508	ac13ebd6ba8af9aaedaf83042645dec6c273faa1e76ad1d786075a486d5bbd62
base/assets/bin/Data/fc05d7d8772708b47aecfc5ce77982f9	748444	b1b2985a67e5c597f4648fb2c929f328c853ef0927ffd062454c681dd9b0b9b0
base/assets/bin/Data/fc0d30683e3c00b429690082c82d9d9c	2484	385b5893d5e0c7a2528a439656a6d41da5a873a195e2c7038c5cbe169853750f
base/assets/bin/Data/fc41c1ef3f787cc478a8f47a107cf9e1	8268	a6469f57a6cb451036c342fd93b9e887042ab2937d6664abacaee84dfdb446a0
base/assets/bin/Data/fc60fda6230ab6147b037eb929ac1c6e	34108	3ba8db0f4785ab96366937103fffb71245d585d5b16c244ff752c66ed5869867
base/assets/bin/Data/fc6488ae6da7ccc4fb61d79e35b9423f	2168	737c47825dcc5fba86dcd3d1b0b8a85623cbb1abb272f39a542501586074d2bf
base/assets/bin/Data/fc8518baf5affb944a4fbc37898a9258	11772	337f0e030d06709b0f884e838df0bf9ef064bb8f54162de41b7c48ae55cdddbf
base/assets/bin/Data/fcae0bdf67f796644ba715d56c59467e	12728	45a99b19d5610505caf2a66894f31322e015a47c4b75cc5a178e3c672245b692
base/assets/bin/Data/fcb6766493b14324f87bb27d7a748047	8256	49ecdd072692a3896095ae4f4c645d96c74c863a173dad8d5e488e7aa1de7c84
base/assets/bin/Data/fcd79a1967e320d41ab0c81a772c1df0	62448	0495caec3ab5f777e65e33561f28ce490bd8c576e247b3320d7289659355660c
base/assets/bin/Data/fcf0b4a1b983cb54a9d90bacd9fc704c	96736	9ccba381501ed7ea4bce84aeb783f4cf2c52905d0c70fec5b4e0c4e173715700
base/assets/bin/Data/fd0438b8cffc42f46a1d24327ccf4e29	2552	7ac9345c2712f6b6be6fb6f0cc3d9e0fb9cc6a7b40a1c2ce639f83bedbbd8c84
base/assets/bin/Data/fd1e6b50e38bc5846b13deba89adefa5	31480	4109e94126c68beb0062051625aa9b5abee93087d275d3ade6ddea27e2b36ddc
base/assets/bin/Data/fd3f7ef8053de4d4fb3e9fbcf775b885	329164	326b5ba02a7fd99d5d0f68344052067bfe631e10e7aefda0c4c0e6bf79e4c05c
base/assets/bin/Data/fd414dce8b0a3cc45a06b08ddb966d35	1744	36d8646b31e3b5afa661fcb7d177a95555543810a6c1005927f12aed51513b95
base/assets/bin/Data/fd548d2afb27a8745b95feaf25543e82	6604	346703b1fff2885aafa2b1fbdda563850ad49e5d41adacdbc34cdb8942ff1189
base/assets/bin/Data/fd5b8135c87ab4f448d74a0fa689c6d7	59688	e4aa490c9fc050600d6e1201d1ea7ec69e7c6d951d715a8ea88df2c65abcb126
base/assets/bin/Data/fd690354e95e0b148b37cdd18e6326d4	820	83553597b7ab94617beac4e4b0fb9997e4a799be872188591abc41a446fc7d14
base/assets/bin/Data/fd6f0b2787901584ead43cf2e55001e5	1604	55f9cb63823c5fecc9c07354597a900088969427bdb75a378404dd1f1db56245
base/assets/bin/Data/fdb3625d040a52d4b81eb041699a50e9	2392	5a5467a4f6de885a7e49fcfc3e63b04c156eb52898496d0c9abfeeaa17932378
base/assets/bin/Data/fdc06051452d0a743a38993be93149b4	1864	4339fd136a57404e9c72212f11efddf635766e94441eacaa5dd315eccf098cb2
base/assets/bin/Data/fdcd28480284222439c88a663ddb6d5f	7504	37a2d6cc7250507163ebb4e5a2e7ca848cd71dc8cd1fb2f91f6d1c9f936a8000
base/assets/bin/Data/fdf9beda6d2eb8e49bc149fef4d18d3d	4124	c0f03cd4a5dee2c75ef5fff93ea7e4f8e8072a6a997c14f76620c7d710bb15e0
base/assets/bin/Data/fe083140472574bb2bd1764d94c59645	10320	0aec4b2bbe4896d83c9bde78b0e8e404e0a507a43696b5f34571454ac7ab48a4
base/assets/bin/Data/fe1956d5190393e4e909f29eaa99fcb7	6320	b919f3fbe1a6553b360313e11b395e0bdae2934d03c883421483b898d68192e8
base/assets/bin/Data/fe213ae9360b441499bcd78c82a019cb	8968	94096ef4189d7d57253bd27827d94bf9946c31772a58787bb03041e84e5f74e8
base/assets/bin/Data/fe37037f4754afe4ab5a259f16878678	4980	01da18acdcdc654a315be0a1c053c371f62f37734b035ef46af88bb20f120069
base/assets/bin/Data/fe393ace9b354375a9cb14cdbbc28be4	109556	b4c6550863cd051dd6c72cfb4e46a3d93edf055dee493aecd3ae58481171d0ff
base/assets/bin/Data/fe4a0bc2e5526454a9deac7daee2b59c	27128	c89a761b9343f9641ac1ddafb3c075d9fb76b3da8ac94195cb4d52263b58a467
base/assets/bin/Data/fe4b474f2383f384883552df6ca2aa0e	10480	6adc413b4d2a35379a484823356900b833f206c476deca59eb5cb1b28c4ee368
base/assets/bin/Data/fe51fc31307a71b49a635de2f0a255f1	62292	95b669986d483737ab3b7d67ad8c8d082a64471c9b2b5ce7d1b77e6a89c66f32
base/assets/bin/Data/fe53c6179a7e0974691dcefa7945362b	37408	59c7f6a22e014eae9582f16b3912bbe6124577c2a5ef09af0218dbde114c5a79
base/assets/bin/Data/fe8cc0139921e9c42b13f4868d2ce90a	14364	4fb4bb5d9094af5c6c2f045842caa256d322c458cb22b5715bf07049caabd5c7
base/assets/bin/Data/fea9cabccadafc748828938cf3761354	2640	084faac89f7dcc3f1c6271afce5f7f40745111048c03d7b9754b5eb08d7d0f46
base/assets/bin/Data/fed0a3970453baa4ab7ad08f549da0c4	3400	a4fe6bfd18a3e0d56ca314c647fa21e4ca7ffee84aa6ded9274806638f442256
base/assets/bin/Data/fed43506972e019479ba010c763b44f5	1356	81f8574d40ec2b545feac11e1feb008be944c56685f42b5981d9e44db1563b58
base/assets/bin/Data/ff02f8f8bc3b20941845a3bc2c0dc34a	41208	42f3a62ba99c730e668f1dd63334d9a90cf7b5d82a980019433669807390cf3d
base/assets/bin/Data/ff0d341a9fc164a48bff8e1584751bc0	5292	859404f7896cd871693e389bfb47a1cc2b0908d96143396deba4bd365a0fb01e
base/assets/bin/Data/ff1253d1ea4bcd04c8078f8f3af5c1f7	332760	3c45f3994b97eb587b2b47ce234bac85243b3531c6620f78a8a845eac8dd5789
base/assets/bin/Data/ff3266af2cd318b4180e8c513c4fb33c	11108	589ca31fa2e8e81a819fa59e4e0d0951c31677fe8bbd14bc199d57a9d0d874bf
base/assets/bin/Data/ff4929f7aa89c7e49a0e0c2c52fbd4ca	38032	0a205ff9bfadd4139053206bd22827f91bc36f51b5c250d8887e0cc82d5df8d6
base/assets/bin/Data/ff92d096f36753443b3fc51a443e5851	40720	d7bf8869e2a37a406caee7f75902e7d84d44259218a9df8de5d1f0ffd19b2dc8
base/assets/bin/Data/ffafe8228a5dc6a418f43e4cec02123a	17284	228ad45b7b16ddcb90b824a22978e4bf72c529fc3548d5f32878671629c2d2e8
base/assets/bin/Data/ffb0e50fb68ee024f95fcca16a8a0c85	11176	21431c17d6a2f0a9685d5922f8fc666f9ef7a21e92c26c20e97309ddaed3741c
base/assets/bin/Data/ffc859740db466b45833cf1e3dc031f1	2948	e9e84ca676963f1bf8cd73012f3e58f4b07ca7041e37163d0d075e4334102b2a
base/assets/bin/Data/ffeba6a884e4c614189e283d429b74cc	1495872	5a70dfd96e30f9c3403c3e0905c8d109794f199a4b73c067ad10b87ccd905061
base/assets/bin/Data/globalgamemanagers	72967076	da270fb5f3d65cd02f8042e46c48b0c53e3d90b9a8014caa62bdd16f53e0da01
base/assets/bin/Data/globalgamemanagers.assets.split0	1048576	a191fc1ef71ac6160d06a6be897b5c2b3c837366bf99e5d6346b5cc5078bf6bc
base/assets/bin/Data/globalgamemanagers.assets.split1	1048576	b3f1d5fc8946de9769724716aa97884f7c89a120ff90b09f0ccf4f833fd86699
base/assets/bin/Data/globalgamemanagers.assets.split2	1048576	0e847cd60893d81734a1f8f4261f259c492424822fb537de2138ea3b4bc93e4b
base/assets/bin/Data/globalgamemanagers.assets.split3	1048576	841ffe9a0a45e23e2ea7199291487407e67118b2ca769559ddbbca5bd9b3c7df
base/assets/bin/Data/globalgamemanagers.assets.split4	1048576	41060e070de58610f67c7218b79d7246045b9c2014d1ffa9eb06495c4e8f689b
base/assets/bin/Data/globalgamemanagers.assets.split5	67512	a29b697d28e54439be3838f1b9b2a4acafa89a0cb8eb754cfa2c2da6dd3785b0
base/assets/bin/Data/level0	3532	8bd0310c5d76c0e63aea59ec7693d13f3e5ef53c5483306d2725ed76ca830d71
base/assets/bin/Data/level1	1224	e4507590b402225b8caf4b44be8c1192a4289bd051918b6902082526ba15f06c
base/assets/bin/Data/level10	2320	7bf90b0911774e81c38cb50aeccd7656d649f2c6bb16900996c914bf5638a002
base/assets/bin/Data/level11	1300	54c135b35907d1dc392bf3f5b126e03977ff780e51c0b0bd3af05a7a54e7f444
base/assets/bin/Data/level12	1300	937796f8df0715e3499d1a9095693d693fd5496fdf05436a2db52536ad8dfecc
base/assets/bin/Data/level13	2400	6c44cd07aa962d0ae2773dcacb78c9100fb5c6e92c666bdae3bd38b9fb9b5634
base/assets/bin/Data/level14	1224	ef0b795dd9e7c0fc7b1fe122eba62d813b2674432db47d455cdc5125507c2702
base/assets/bin/Data/level15	1224	5d36f79164a580a468bc6621b6f48278b14d3aa18794940ba3872014ed7aa0bd
base/assets/bin/Data/level16	1224	772c8076b25d30d8f856114477e94a5f92b82048d52247e8146971880e8463c3
base/assets/bin/Data/level17	4976	7971a77c6559793189fce2fc1b2fdfe01f8b93f6f527f174285c18828a304820
base/assets/bin/Data/level18	1224	9b369e3c4c3a9e0eba7dc65166344e4f35b9abe611dca195e980cd51106022a5
base/assets/bin/Data/level19	8712	e02846f7cbc4ea435c5e068eceaeae3ae80880fe8d6cb26eb3671493506e8a25
base/assets/bin/Data/level2	1224	53eaa1ec35a2bbbe64ba2bf98d3b7f6f96730b9ad74d9ec8beffe8be6f68ca22
base/assets/bin/Data/level20	1632	dfd853d6a6ba420cc16c92bfb1496c6c31246d56d63c6a52357b9ed47593bbb9
base/assets/bin/Data/level21	1096	ae6fe5a0039d690ae6a6d6cf2e7426915c2197fdae60b2a01fa50b9aec19889b
base/assets/bin/Data/level22	1280	aa853dc6101d06281e57da7f3ce35e481470c2f91e8914fc4f2a5b9765f5ca62
base/assets/bin/Data/level23	1232	dd9b93008af794ed875ff8b4a548ca00773d1601d19315f04564f9a98bed4ab7
base/assets/bin/Data/level24	1224	52de5af8dee7accf3ff93198390db3e2ac25ab27d9841fbe8858b9e9827de55a
base/assets/bin/Data/level25	1128	0f10709ce41cda7892618890e454ad6e7398f4c6aebb6cedb82e164379b20256
base/assets/bin/Data/level26	1536	d5eee3fb8c0ff9d317b7e96bd4fcac556cac3d3511000df268a09e43fc245f2b
base/assets/bin/Data/level27	1536	12bfce1c93eb4009458f3c0070c1cd5dcd93f6895e2238b814f24e00b6f96cb8
base/assets/bin/Data/level28	1876	08f01c5b0ddbb3148cc8aae04eda63a22afe82b77419596e5782ba390cd902d6
base/assets/bin/Data/level29	1196	ad84a9e0d4a7c29eb07c5819d93053d23115075ac4cebb8bf8c9eba855dbd7be
base/assets/bin/Data/level3	1224	b226c35ca3df5a5edc0ef2d74b8633ac03cd4debd96c6906acfbe3b19b774385
base/assets/bin/Data/level30	1536	a95357c95d72af6c42d5dab4971ec9a84712b4f83923343d47f469061ee4808e
base/assets/bin/Data/level31	1120	c323b449820e851a082d20fad6d4880441d75f6fb9ca65c811bbb4bb6b88ff66
base/assets/bin/Data/level32	1128	cbc15b455e429ee9a1a1768f2dc47adb3755ad4e6b415b0db8905d4e1db0bdaf
base/assets/bin/Data/level33	1196	8bd63bb1c9d7cc10dd94602fa85bf8832a43f9c9414d49d6d32c557609d229e6
base/assets/bin/Data/level34	1204	e0ed08263374218da9f8d8db3b81e326b0acf1af705f5b2d2009e389ff7715f5
base/assets/bin/Data/level4	1192	52ba9fe6135553b86570c70f2b5288cd9a141f37a9536d2171ce1b9494d997f7
base/assets/bin/Data/level5	3576	0840ad4cf34275e2d464681278ab62798176c02f7a93185d0e67ead5da724540
base/assets/bin/Data/level6	2272	aa811b74a5b1eeeadc1817f664925991141a533d033fe1e849335d2cad5bb873
base/assets/bin/Data/level7	1088	20250918770d3c32e7f11341be11170ae9ef189d264fc150a29b60100e46a24a
base/assets/bin/Data/level8	22928	4b4e282ec7fe937b70a08ad4b0ac859a15319d365dbbd98e2571a8e50ed0d3bc
base/assets/bin/Data/level9	1264	db1283fdf4c06adc5b01eece4641e844261453eb6cbb7e143b6abeab15fd1606
base/assets/bin/Data/sharedassets0.assets.split0	1048576	25c2ed864e53d52a35b27a3fc0fbdcd6bbc64c18d87f9892839a18d767b0e6a0
base/assets/bin/Data/sharedassets0.assets.split1	1048576	1081364bf826fb3abeb809dc69a6ec71a85d00504ce98435459a191b1b543163
base/assets/bin/Data/sharedassets0.assets.split2	548	feb92f2bde47996c93c7bacf57f67d1f13d2ccd0c806c31c43d712fdf7e94836
base/assets/bin/Data/sharedassets1.assets	8484	bc9f0fb44c8c97214aa4c490009e122240e76c10833e2dfb0e91362189eed062
base/assets/bin/Data/sharedassets10.assets	349	b55f7be88afe56d4f22f8e1c990aa8a3c708203a3f234c7941b084324260e433
base/assets/bin/Data/sharedassets11.assets	3201	da99ce8d606ddd55d45e1db318732095e291a8690bcf1f8b956800af383e547e
base/assets/bin/Data/sharedassets12.assets	1373	2b4b7d3003fe8a2a62445ccb127b090e2da2108eb14d589471e08b54de25d938
base/assets/bin/Data/sharedassets13.assets	385	6c70ff7aeb593f5ee2662d1f52e74779b1341d30e09e0c6869034dc7f6d825a4
base/assets/bin/Data/sharedassets14.assets	349	ecf211f038a91b65ce3929e038fe2c2721af6d2cb410248e7e6f6cf56d75fd3d
base/assets/bin/Data/sharedassets15.assets	349	2366ca386c3db7b234530756076d9901898bf01d180af766907397a7897bde23
base/assets/bin/Data/sharedassets16.assets	349	914d190081335c2e343eaf6f86f09d1ee067ecef2e5320a34b464db916a63b74
base/assets/bin/Data/sharedassets17.assets	553	655e0061b858209e23fc8649e79e1234acf96aec5dd4514e8d2d69307a3b6a53
base/assets/bin/Data/sharedassets18.assets	349	cc7af33b109333c309bc72d59972ec2f392e81514549833dcbf2a671ee973695
base/assets/bin/Data/sharedassets19.assets	661	cc8c0a84d51b731ab5302e0c88c5de80975fbd39a155c3ffa32d1f8606542521
base/assets/bin/Data/sharedassets2.assets	349	79e308cf7d652c0804f29f6d9ebdca70e29b9a10d9167360ac64f03751458461
base/assets/bin/Data/sharedassets20.assets	349	194b1f6f306589f6ca765248340e37eb475c4c813776b193514046ea64223a40
base/assets/bin/Data/sharedassets21.assets	277	39cb5c6ef14e68d2fa509f7bc9c3b4e949d82c91279b005926bf783e4c83de52
base/assets/bin/Data/sharedassets22.assets	277	3b8b14c8b043cd314be0a13f6fd4c20abd8c4f0dc65d669f4ce07997d1b4bf84
base/assets/bin/Data/sharedassets23.assets	349	004863db5134526217e599a2e76d87f4cd9229bd03b5a4decc1d948b8875f92b
base/assets/bin/Data/sharedassets24.assets	349	9bf8a57ad7d5f60431d2901664fe42bf2300f6bfc51d761ed106b20c2d422b78
base/assets/bin/Data/sharedassets25.assets	349	af70e34756f6037a00d2def14d92aa430a92bb9b5fb5b7202a47df704898bcdb
base/assets/bin/Data/sharedassets26.assets	349	0f2ea5b576bcc625a928481a50f597ac75fef7b265a84a87e6d0caa063fa31f8
base/assets/bin/Data/sharedassets27.assets	349	07f09ebc7fdc664f83bda7ad15125623347467930f2975344da7e55b99cfd41c
base/assets/bin/Data/sharedassets28.assets	1409	fc8ac299b5d9442673183698bb3710195211cc537cd940ea4b22bfd1801c1011
base/assets/bin/Data/sharedassets29.assets	697	78d7040658c9c9582bcd8909ba84194afe96e8dedc31b7b8f051428dde7a8c69
base/assets/bin/Data/sharedassets3.assets	349	abfe2d11722cd952522af4736776a55cea794b8eadf699939591f7f589f625c9
base/assets/bin/Data/sharedassets30.assets	349	84bd084bda97913207a729be306d00cc659cdc825c3ecaa84a974dd7713461ee
base/assets/bin/Data/sharedassets31.assets	349	2551bac7c57a10fdcb4e5e391033250a0ad73e35dc29497d5adab94a1179d9c2
base/assets/bin/Data/sharedassets32.assets	349	1495d4206a0ca3aa3e38df4d9288beab8e30cd6eff05808af1403ec9fa0a4e9d
base/assets/bin/Data/sharedassets33.assets	1373	37eeff209c433997edb3da92cacd8bcadaf3880db9948dfb1fb1dfa715b62387
base/assets/bin/Data/sharedassets34.assets	1373	015f69df30357c7a7f79ab93b1d40ac3a71a9eeb90b674cbbb82036850fb3e14
base/assets/bin/Data/sharedassets4.assets	277	008b3d1288996435f2d372c8208f4206dd8a146f7efa2d83596694acce100b44
base/assets/bin/Data/sharedassets5.assets	361	9714bbf7610a43a873dfafb4f10c6c4b3c4ec0b96a03c7090a80030c4a122553
base/assets/bin/Data/sharedassets6.assets	373	04e3c4f3bb6abef41d61cf39042bb9ec5b21d30e31c13f210d561373166a9b6a
base/assets/bin/Data/sharedassets7.assets	277	380b9511b9f3b6055ef4987c2e3ea955af983ea93df9596d28159f2ef280b138
base/assets/bin/Data/sharedassets8.assets	837	1c23f0ab629818b843f2eef66509e285f09d7543ddbc01f2b119d921e39c6d2e
base/assets/bin/Data/sharedassets9.assets	277	b01aab26ce8419eef920dc5de768e60014bd622b9559d24f5b5c78c2a9a6bc38
base/assets/bin/Data/unity default resources	1121184	a9a74ab363888de3ea14ef01e780f851a395d4c6f5d5bcebad74a2a3e4785d16
base/assets/bin/Data/unity_app_guid	36	06cc528cbc662abb778a0957c23ff7cedeca0673ff7553773e993345f491765e
base/assets/cri_auth	256	aa400bd14224728fe1202ebca3c32bae3b3c2a491ba8deea305a943003218b3a
base/assets/fase_random.cell	256	df46a6cd9a26b607b336859c951d6ca80d1211cb9d6c8964aeb2be0909284d2e
base/assets/google-services-desktop.json	0	e3b0c44298fc1c149afbf4c8996fb92427ae41e4649b934ca495991b7852b855
base/assets/meta-logo.png	18617	bc77ca13dcf7277a1655efcd106aac171cc83143f1a992f5b8d55e59ed478722
base/assets/meta.mp4	346513	2d92d3f679d99d0c0a23ddcbf9bf6569c7c407b774a0b41278bf0faa2ba743d2
base/assets/sound_proj.acf	13152	9541b870431e1887db155cd434ad6572599c35a9b91ef02e011ab7ea4f79e30d
base/billing-ktx.properties	58	e57239fa1a9ba40b022abc762022ddc5a150a9d68583ca071ab9ae965aebaa70
base/billing.properties	50	ccd93aeff9b20682d9558eae92ddbe870620148096ca3cfc003910715b914a4a
base/classes.dex	8821160	c72e4ca6fbaf541777f668885ff58876361f5a928e74fd673a904df1b693c224
base/classes2.dex	8942216	09d7c457124bca65420cb5f3bde37acee27b4b74f30aa06cf372f6fe744b1dca
base/classes3.dex	1687444	7bd4ec6923fd5ead3fb5e5d34011f1d870fc79f5992d6fbee439659889d25995
base/client_analytics.proto	2982	0c76732776772b260528558f9b675a49529cad785c421ca11b487179b8162610
base/core-common.properties	58	6d58995a11971b3d82341b531e86a303aaa4dfebc8b9cd496998a858198dd97a
base/firebase-analytics.properties	74	7a5cca3a2af0a69dfaa8264cb6d052f04b415576bb20ff800f464153288605d8
base/firebase-annotations.properties	78	0a9af694f0a979e09e33be21c6428cceb2260d0c85a75cd374ba9fb997383de3
base/firebase-auth-interop.properties	80	02ce86b719b1098ce451036c84f2652fa3682659957735186fca0d9f16ba30a2
base/firebase-auth.properties	64	3493b3ad31a85690ac204ae160424c5563d21768e366f3355333d3131a45319b
base/firebase-encoders-proto.properties	84	eba792be6ea03f3b6d68eccfd25f3f53a0767657ec12b1b90996b5d5b34a9688
base/firebase-encoders.properties	72	527438e526e7befb6c04dc394f4e36824a11019c7d6d687c2772a435d22c0e9f
base/firebase-iid-interop.properties	78	a2862ae5811a268630807c645d5dadc1f15e85b922a2ab0408e984ea5548e102
base/firebase-iid.properties	62	8334ddfaa5cb901550628606fe25e80d6a408cc8efecdf0fadcec94b61c8ea38
base/firebase-measurement-connector.properties	98	2f03cfa9f9dbe4c8cf41cba44b92c1e14988b0f0997caed768a87e41ae9b5934
base/googleid.properties	52	00878ddcdd49cdd9f37b7dd5c0acd1a0f62705e3b2c2c4046042bd9fb6bd7964
base/integrity.properties	54	4288c259a7390b19d95cd67e82dbbdfe6aa5eafc4ef40d87f6fb96022d71a7ce
base/kotlin/annotation/annotation.kotlin_builtins	928	e5eeca63f4c5635660d306577a4e30926833513cb47e20ecea9ae6bbc3125995
base/kotlin/collections/collections.kotlin_builtins	3685	539b85c2403f6ef0638161ad99df7b11256412e9411335ed2ea3931a3efd7c76
base/kotlin/coroutines/coroutines.kotlin_builtins	200	59a6d632b8a9f5dba26f2a689c3865e195351df7c3c08aa1669fe0df9f9eb883
base/kotlin/internal/internal.kotlin_builtins	646	c76b70a3db1eccbe42ea91a53667d7661edfc615409d3d6e574b5843b1e2a05e
base/kotlin/kotlin.kotlin_builtins	18640	7f25e682d9f83277112b3db9adfc1d577dc1d01cbf076477f416180f6794533c
base/kotlin/ranges/ranges.kotlin_builtins	3399	2b8775e1aabd4a95dbfc4cd9c0cc9ff03058202dfd9cd7ee5875ba3e9720f228
base/kotlin/reflect/reflect.kotlin_builtins	2426	1f5210ca940148b8252d5420b804d2568b4bbe11864f0290a77c576277da9857
base/messaging_event.proto	2381	0b134a9ffe21416fe225f374f44f6eca58b47519feae4c90b82e25677e8d56ce
base/messaging_event_extension.proto	883	1b9c7669ea81fa9233cce0ca5e4b5f0478071c34fb40deea40d703c4565c42c6
base/okhttp3/internal/publicsuffix/publicsuffixes.gz	34000	be8da686d208b34e4b3f0bf90aa2e0b7638295641132c3f0caa81b03499032ff
base/play-services-ads-identifier.properties	94	e62509e4ccec3ae9361c036260befb5208709627bc82b1d6f5a7b12813875181
base/play-services-auth-api-phone.properties	94	45679326fd37bb011f63d3be3c0f5b96fd50c5d29bf35508cd85d9990c6fbc3b
base/play-services-auth-base.properties	84	7ca37c278a9f009777f427d41bd417cf5df2dfc7ca940365b1d46cd94a687361
base/play-services-auth.properties	74	b2b6c9e57f5049342f21c475c314a399c56e43a3d97ea10328e20be8f4c29bfc
base/play-services-base.properties	74	432ae25a7385bbf7d5ceb2cefeb377fc92e0713a14932c7aad2353759c2343bc
base/play-services-basement.properties	82	198980eac785f83ba863480d560796f6363e2a008224e559d358be405cc7c947
base/play-services-cloud-messaging.properties	96	314491414e5f73358eb3dcf7f7745e1efddb7614f5552066d8362a0a2c752037
base/play-services-drive.properties	76	ddd035f6afd4e58ef0f51e9f85bc136bd9f70934a49e9b9ba2895c6518286593
base/play-services-fido.properties	74	7958e7c6ac99edbe94fe0e482596d481b3b5bdf60d23344f487c25dc4ce6ea2f
base/play-services-games-v2.properties	82	5d6a8cd527e8ec5d6e3f301bbfd5f44dd26b0f21726a3beb7322153d925181dd
base/play-services-location.properties	82	8104769b08dd94c4d3cce0f981bc29ae9c5fcba6f7de68c4724281e872bee84a
base/play-services-measurement-api.properties	96	38d06c3d706cb63f502ea7047ce6cf729bafbe9e427b21e2986b1fabef8add55
base/play-services-measurement-base.properties	98	1d05e06dbb9827e21c7611ad94e5491ee084d19381287ce9038e676b762f4f41
base/play-services-measurement-impl.properties	98	565aeea3d8753a6c6cfdefbea3ed9e59bb9502ddfc8fa02bb707d60ab2cfb53a
base/play-services-measurement-sdk-api.properties	104	f3dca17c346acb21924b4ea59621d0f017cf27215a53eb8877aa811bab3affed
base/play-services-measurement-sdk.properties	96	7c9001142c37cacedab821d4b82b7401ed749ff092785254a1a356ad07ab6b79
base/play-services-measurement.properties	88	03a11acbbfe9716ae7b1feef01941418aa0e26f6c08c659c1eb0e64fedcf2d78
base/play-services-nearby.properties	78	016f913a9f7f0731978c7b6fb2f3b5ab05e3dbb5a8d022ee8f989c441ee4851c
base/play-services-places-placereport.properties	102	dcb990b67e7beba71fbf0c58a98c9d51051c80215537fe8add33cd8cb2381a1e
base/play-services-stats.properties	76	6b751c654deb3ac65a878025d2ff2b89fabfa0ebe00ac4152ad3f7a361aed107
base/play-services-tasks.properties	76	f8df4c59acead3b3395b6e7092806c3e4ce06e54ecbc84e97f6ecf6d583380ff
base/recaptcha.properties	56	91e0af7da44b1e406220ec7a6cd789605645d6b442293b6bdbeedd14b834fd66
base/res/anim/abc_fade_in.xml	388	3067b94eebe8ac9e3a45599822f99d807d712f424494e9fc9cdd28cfb6bdae6a
base/res/anim/abc_fade_out.xml	388	bbb0848d98a57a7d05ccddd0311383eef9842d3b1a8c361c429fa060de6f05b2
base/res/anim/abc_grow_fade_in_from_bottom.xml	852	ceb9157864e5cc562a21f1e4663139240d73289fc51a30c996a8c2ee8e89ec5d
base/res/anim/abc_popup_enter.xml	508	9aded97f71c7ea36f869e372ba447ea87eaa6137a79320d2b739fdb431e83dd1
base/res/anim/abc_popup_exit.xml	508	d76cc885f63283e9f0e1d0835fc4ef3bc39db5a83f5df681133f701c2d360aa7
base/res/anim/abc_shrink_fade_out_from_bottom.xml	852	d630e86116cf5f5ae6838ef7736238c49168703d8f36499c14ab505e2d69426f
base/res/anim/abc_slide_in_bottom.xml	396	486ad705ae37ff41dfabc952fe5f288e5c7bad1d8ddccd37ab09f26d355415a1
base/res/anim/abc_slide_in_top.xml	396	d60b273289d358f2b3eea13fa097b1cf2198eb37517f7dc9c312ed3e2b465256
base/res/anim/abc_slide_out_bottom.xml	396	e0259df82b318cd7d095daae2cb3d4ee6565adefd6def8c11675649f63717ee5
base/res/anim/abc_slide_out_top.xml	396	0a61ab9fb3d5a2256eb81bd9e63340da925695b00ed53030abfb31d35bd384df
base/res/anim/abc_tooltip_enter.xml	388	3c5fa9f9b71910fbd7d4567a6d060dec1e1d9305ca19ce2386c9e50a2557d7ca
base/res/anim/abc_tooltip_exit.xml	388	07a4b5ed5a58138eaf1db7e7640a3cc148a7d2a57e8121097249f2deeee2dcf6
base/res/anim/btn_checkbox_to_checked_box_inner_merged_animation.xml	2124	3560c5c09907859e6570eea27bcbc7f557bd89ffbd16af45f6913cc046c628d1
base/res/anim/btn_checkbox_to_checked_box_outer_merged_animation.xml	2780	738f20a3f83d5a90f5a6a49e916657e65b5bb857d7260bfe4a9a5d0f3e627581
base/res/anim/btn_checkbox_to_checked_icon_null_animation.xml	1196	8d1b064a38d86fcda815d43ad0c06e4246f88c5caf7fb558a13ae8541cda4a8c
base/res/anim/btn_checkbox_to_unchecked_box_inner_merged_animation.xml	2360	8ee615100fbfba2fd08cd11c001d462a02afe6c72a634123295f889f7287eead
base/res/anim/btn_checkbox_to_unchecked_check_path_merged_animation.xml	2520	83639378694206ce50e5fc5facef63c6b64321a1231b1f1bd26d8e76d73f6e43
base/res/anim/btn_checkbox_to_unchecked_icon_null_animation.xml	1196	87675b479e31720a2d7275f1357c87a5d66b45b96daf023b64bd9e127853bbb2
base/res/anim/btn_radio_to_off_mtrl_dot_group_animation.xml	1656	93535bfe6190f38074bec6196b7134e71e0146fc1014467d2e0989c9fa74c67b
base/res/anim/btn_radio_to_off_mtrl_ring_outer_animation.xml	1656	6c042115787e059ad23c3a94afa2a48a21915c9cbc038766d18058b01473365f
base/res/anim/btn_radio_to_off_mtrl_ring_outer_path_animation.xml	1028	0463f7a8f3000c1af89aa522a6ceb7fc189762c8a1d4bc6f6af816eedcf7d9d9
base/res/anim/btn_radio_to_on_mtrl_dot_group_animation.xml	1656	188414b8a6377367745ddadc7bc2326b376d3312a9ae18eb2679e4c456dff5f6
base/res/anim/btn_radio_to_on_mtrl_ring_outer_animation.xml	1656	16feaf7a29851dbc193a814ed30a92ed8ee2d0ed6cbff3a87a5bf9627d072a7a
base/res/anim/btn_radio_to_on_mtrl_ring_outer_path_animation.xml	1028	cefd4ee781e1467cfd10819e5463ae9408d9f1614b6da7607d7a263c2df0fecf
base/res/anim-v21/fragment_fast_out_extra_slow_in.xml	364	650c54c5eff734092ee09354ffa1d833931b7706f2797e801f825604c47c2dd3
base/res/animator/fragment_close_enter.xml	1128	bf99875fe47f2726b92e24a19ce2d0de63078ac74920e100b601b2bc6c7466dd
base/res/animator/fragment_close_exit.xml	1128	ab99637ff4d7562395db303bac57ec1f9e0e4859de81e9f3707af9c68f1925e3
base/res/animator/fragment_fade_enter.xml	452	0b51013fc0f5e916a727b75512c1ee9206178bd134509b7b4be6a397fa4d9a6b
base/res/animator/fragment_fade_exit.xml	452	440c234ca8a09188ec558b13771cb29c2da228956bfb58bdade5c1770384acbe
base/res/animator/fragment_open_enter.xml	1128	f22d03722ec349fa2fe320e98dee630197cffb5d853cc49039e626c55502298e
base/res/animator/fragment_open_exit.xml	1128	9e9196d0fa85f1c9424e34321551d9586f74535802f532b451f3ab4e2aa65363
base/res/color/abc_background_cache_hint_selector_material_dark.xml	468	5064d4c744d0ac5f115158b5a92b65e99f2d4a1ba4078e7499a7633a870a6614
base/res/color/abc_background_cache_hint_selector_material_light.xml	468	7d4dfd26cc88091c25e3b4acec3df9cf38d2c02d8714ba37f0ae49623f645d25
base/res/color/abc_hint_foreground_material_dark.xml	564	c7dd67919f72378d59ca1ba7402ca6a3fa2495608d7beb4feab83749c138398b
base/res/color/abc_hint_foreground_material_light.xml	564	2f94facb264672ca66e35cd19ce0d39f02f02a8447d7974d65ce89c209bf7956
base/res/color/abc_primary_text_disable_only_material_dark.xml	464	ba177a72bfdc1539d8e354bf6b9a675fc28cc99227581837f066f350363cb981
base/res/color/abc_primary_text_disable_only_material_light.xml	464	f0295fb65d7efb38500842f77877430ca4ccbccec187fbfc6d1667a12ff61590
base/res/color/abc_primary_text_material_dark.xml	464	c2f5489e72d335bc2995743cb0cbefa6bd8727f30eff24a0fd77b105baae71a2
base/res/color/abc_primary_text_material_light.xml	464	8d6046091b502fa3373e22efa8b2b9d6caaf62322994e45a5b089e4ba643f224
base/res/color/abc_search_url_text.xml	588	bd8a18e2bfb141270dc1b122db6f7b23e235ac9038da7ca4697b608831581b83
base/res/color/abc_secondary_text_material_dark.xml	464	c14118cc0e46c8ee691793b1898f88e640c1fbd5396de16bb1a7b373786fc64e
base/res/color/abc_secondary_text_material_light.xml	464	6abe5a484af9ea81eda43c6215ac4b0c63cb7d1f66814d3815a5138957fd51c0
base/res/color/com_facebook_button_text_color.xml	588	5128f3fe050e82ddc5152bb6d0b9a1b5151e5d565d2c59321e9bd907aa3dc353
base/res/color/com_facebook_send_button_text_color.xml	508	853d95195e925402721811ea4d023053278c10d6b29305cb908dae3a4297bc01
base/res/color/common_google_signin_btn_text_dark.xml	712	4007647157de2f2dd65fc0abebd3edf7868f0dc71b3ec91b5c6c382da0a5f06b
base/res/color/common_google_signin_btn_text_light.xml	712	a198ec2758c533d5766b39ecf1ed8f326b5d52062b446f20ea78be847099f296
base/res/color/common_google_signin_btn_tint.xml	464	c230db3d543d322c35c60b744c12b0aa7526f1ccfffbb570caee6f47c99f9626
base/res/color/switch_thumb_material_dark.xml	464	a0bc4d57fb8b50599f1fb020d829d9f935b431126d716f09c7943039b366b87d
base/res/color/switch_thumb_material_light.xml	464	e0a16868a7f8aedb5ee3cd8345ae1e4fd04caf9ae6fddbf6eeca676190e6fd80
base/res/color-v23/abc_btn_colored_borderless_text_material.xml	500	a3d0e2510a73ec98f943d3e9e365ca45e474c1170fa53f7569e41c9d83e76c3a
base/res/color-v23/abc_btn_colored_text_material.xml	500	35f8dd73e67887c32be74aae11f9a67d779b33f72ea61312d4c439b8f73d5ca3
base/res/color-v23/abc_color_highlight_material.xml	544	251572d8baf4add0ef82665fc4b6569c6bbf6d1e10def883d835526812c9e44a
base/res/color-v23/abc_tint_btn_checkable.xml	624	40e9e49f6fede3ac780a40ed944b296d6a899db4580b35ad5af36b215990dc56
base/res/color-v23/abc_tint_default.xml	1120	029419f3dfdd4ade5bda6d026d32d0cbacf0b44623eff4e145eed95b977904e0
base/res/color-v23/abc_tint_edittext.xml	668	934a1be6fa24b5cd7f5478d1979040f016b3e67533464b54c64c448c82cc1b0f
base/res/color-v23/abc_tint_seek_thumb.xml	500	dc048bd3bc26eec959441148aa87cb859bc27ad5269ed586b57fca0f59936c50
base/res/color-v23/abc_tint_spinner.xml	668	934a1be6fa24b5cd7f5478d1979040f016b3e67533464b54c64c448c82cc1b0f
base/res/color-v23/abc_tint_switch_track.xml	664	7144f762f2cc3351d94a07b7ec58f388bf075c33c3be5be95d0fc1d5a16cc622
base/res/drawable/abc_btn_borderless_material.xml	588	008ab99ec5591cf6e37a9826ee9451566ba2e3e8821905f017506c34c02dc7aa
base/res/drawable/abc_btn_check_material.xml	464	97c60161f8e9396a70e993ffbbbe6a9d7096b62b639d00392e9b9f3dbcc072a2
base/res/drawable/abc_btn_check_material_anim.xml	816	40cf6906cfe458ec28024fb72f8c8e690f8f213c50f211ab9b7b65144772b6c2
base/res/drawable/abc_btn_default_mtrl_shape.xml	932	1d01514fa0d0288a479df7de733e970e0e0debdc997e8d4670fcf474219553a0
base/res/drawable/abc_btn_radio_material.xml	464	3ea724e118328647d6d4a83fee5146d8a2d682c997e3d7b7fda7bcb8d490da80
base/res/drawable/abc_btn_radio_material_anim.xml	816	1416319aaf8458f2bbb61c857137be6dcd608268b178f8c9f7e730ab5375c0a5
base/res/drawable/abc_cab_background_internal_bg.xml	372	cb486473bc0f7d6c90dea564fd61bb612496371b6b0bcab82b95a10cf70db41e
base/res/drawable/abc_cab_background_top_material.xml	336	1d6d789501f02c91bc839ae4397789fa88b2570d6a3250ac48ce3d7b6669b5eb
base/res/drawable/abc_ic_ab_back_material.xml	692	7c73188d8729cf69decc34866b468d01799c853151d7f84213f641b3df43b928
base/res/drawable/abc_ic_arrow_drop_right_black_24dp.xml	1000	3047136e17f17046cdd9a1f38fa2af106a78386e425ebfc9ed4cd2c46902113d
base/res/drawable/abc_ic_clear_material.xml	684	84a0257b66a1e1ab3f7ad612822830a297c1be733c6199a634a1600f0e614a80
base/res/drawable/abc_ic_go_search_api_material.xml	640	9d8f6f14a2453b9825816df3218c4386a74e2b023a948161725b14239e5db05b
base/res/drawable/abc_ic_menu_overflow_material.xml	792	fd6045df0d2bf5c86c65e72598c484b64e9b5887f55231e239d2d71ca7238293
base/res/drawable/abc_ic_search_api_material.xml	812	d0899be3aa9a006e3343b31f58c2a0a141225e3b79e94126c75916e360ded8eb
base/res/drawable/abc_ic_voice_search_api_material.xml	828	5dae94a8330faa7e4d948398179bcd60059361e033a11a04c0fc00511181685c
base/res/drawable/abc_item_background_holo_dark.xml	1012	c4b12feed12425863da1a3641616e43cbaa33b81f257ccac9e0231a32401a212
base/res/drawable/abc_item_background_holo_light.xml	1012	7050d98c132b83d7d5a4be74dbf7f632eda0a2f0117b3c5ddd153656e2b3245e
base/res/drawable/abc_list_selector_background_transition_holo_dark.xml	424	ebc584c3f87bf930b1b96603392d0eefec2bb760cbe5a3bb6134c950ad849d01
base/res/drawable/abc_list_selector_background_transition_holo_light.xml	424	eb46abc22457356a7f52ecf7a87ff079fb887f549039ddfd0e860c1306b0a20f
base/res/drawable/abc_list_selector_holo_dark.xml	1064	1146f8a34733923fbce5f15ec1d8dfd0d8ef19aff596b5ee95811c8f609f782e
base/res/drawable/abc_list_selector_holo_light.xml	1064	a73ab247581146fbd75ad1bca0573f21b2ee64a827f602e74a695ccb50274080
base/res/drawable/abc_ratingbar_indicator_material.xml	704	43707554bfab7f8d48eb21dad37cdc88a86077eb7f44c3424ab9b108dec72e6c
base/res/drawable/abc_ratingbar_material.xml	704	efa8a99838bf98d458eee9a9a10c8d96d2638dc2e422bfa607ba9bfcf2677f1a
base/res/drawable/abc_ratingbar_small_material.xml	704	a0ff9ea9f01160198215acdec7e58e46951296197724fc0e9a51af395da6f4cb
base/res/drawable/abc_seekbar_thumb_material.xml	1100	43746df507c62f36862dd3617e3057db1bd0eff716127bbab8ce66c2a685b228
base/res/drawable/abc_seekbar_tick_mark_material.xml	516	965abe54fd42db2ee2e854b428b0ba1780d1d63425743c64ea7fc5cfa60d7ce0
base/res/drawable/abc_seekbar_track_material.xml	1408	f80ccbac963dcded0223b2c81f9f0a6bc459236796149ead1f97d0b710ed2359
base/res/drawable/abc_spinner_textfield_background_material.xml	1160	0a78a44c54f345aa063082d04ef384cc9844c9871948fea60cd0d90047d1206e
base/res/drawable/abc_switch_thumb_material.xml	464	dbffc8ed2a57a88cbdf73c042eec9b6b25250b7c7d50e8537f5aee2c0e59e87c
base/res/drawable/abc_tab_indicator_material.xml	468	d568bbc2ac6371e137faa1188490250139ec4901f16a539938d9840c480d4f2e
base/res/drawable/abc_text_cursor_material.xml	516	e49a3d6549f8ffce9ef6716a1dce006f64797eaae60bc091b16c560e20ee59bd
base/res/drawable/abc_textfield_search_material.xml	756	7d994c6f0537567d8ba3ca08238c7481b99711cdedb80c1ce48f0672013df236
base/res/drawable/abc_vector_test.xml	612	b2b8eab570357610a73322e777914936a1eb6399ade30906783eae1a0d632564
base/res/drawable/btn_checkbox_checked_mtrl.xml	2688	c2d4585b382ece8a545149e2677f041f1131e6739dc7545088aa030723693ead
base/res/drawable/btn_checkbox_checked_to_unchecked_mtrl_animation.xml	688	2ac15448e6cbe0890c1462fba73d7377260ca655fed8aba07eff0a2cc0d3d95d
base/res/drawable/btn_checkbox_unchecked_mtrl.xml	2660	e618d2ffe965ae475f462281a349c0177b76bc95c1d0bac219325873a2b51ad7
base/res/drawable/btn_checkbox_unchecked_to_checked_mtrl_animation.xml	688	93a1972ada7b346e5b997ce8c22e087d998122b620fdeded81bf320b6e1a2fbe
base/res/drawable/btn_radio_off_mtrl.xml	1728	2a12a29193791d349bb512452f54e3d67755ded679c47b4b8e1540e88695e72f
base/res/drawable/btn_radio_off_to_on_mtrl_animation.xml	680	eebd0053a87caa61416343c86b3844fc780d405acf483ef07c6677eb3bd3fed9
base/res/drawable/btn_radio_on_mtrl.xml	1656	f2c4cdf65caa5981c52511bca1f3e5413695f82445183d6a95d0dd8120dd6a14
base/res/drawable/btn_radio_on_to_off_mtrl_animation.xml	680	06024ec3f6a25d901ed52ea99e0342e3cf3b3f8c4bfd1ec93067aa6e5e9f36c1
base/res/drawable/com_facebook_auth_dialog_background.xml	596	11f0260da66e760058daa5e8b67c9eff713e649ba9a433122ad7973197b6ae8f
base/res/drawable/com_facebook_auth_dialog_cancel_background.xml	972	0ada811842b330ac125370cbe5a54d93257c64afeb406a947b54c59b93c48304
base/res/drawable/com_facebook_auth_dialog_header_background.xml	596	9dd5e063795892ac29128c524f9909ad7c1fa59d729e461b70018bbb6923d978
base/res/drawable/com_facebook_button_background.xml	1360	f1bd84a1ac2228faf1a70349be73a202347495dedba25446cc7f27c195c83e1d
base/res/drawable/com_facebook_button_icon.xml	1224	0185ef6da5ebe153d802ab6c09e101a67903550eae78f84f1e9bcc7733d3bbfd
base/res/drawable/com_facebook_button_like_background.xml	1360	eaab175f2246157ceece9c4a3d8a374efa6611f883c0231d44d129fc47e6d332
base/res/drawable/com_facebook_button_send_background.xml	1360	eb261b9deedcb4e6154d8b596781434a8c92b61f706fcbfc27b78befb14946b6
base/res/drawable/com_facebook_favicon_blue.xml	836	0b5141f19d2bbb0302bde02e86cab84e48f9b9f1437d0963db4a3e4a5b3cf399
base/res/drawable/com_facebook_send_button_icon.xml	508	f212cb4c9d105fbe7806a6411e7aa8c2f91b1d1916614d801c836b10dd59fa50
base/res/drawable/com_facebook_sso_close.xml	808	4862b542b1678e6f547a0f541ae50a181a0a87682e4a27208a9d8712e735639a
base/res/drawable/com_facebook_sso_noapp_background.xml	536	39c7ef8dcbbefa5f1d6da950acfba62b610870eb82becae9cb6697e4e702dea2
base/res/drawable/com_facebook_sso_noapp_continue_button_bg.xml	1316	9657a1ff73e363547008bacc9dc5c3b74df22404afda486c5a5b156895933d47
base/res/drawable/com_facebook_sso_noapp_not_now_button_bg.xml	1204	cf4f6dc0f790f535dc8b48adc26b00271521f3403c9292c0c7fe941c7f6ada1b
base/res/drawable/common_google_signin_btn_icon_dark.xml	588	0e885e343bec4d48a00a8330ef311bf041ddaeb87f2636a70992bf57d84ae251
base/res/drawable/common_google_signin_btn_icon_dark_focused.xml	892	769fbfd9f8bd726fb651120e6d044b616a10a2664a9b669cfc7fe7997c2677d8
base/res/drawable/common_google_signin_btn_icon_dark_normal.xml	548	f86a389fcc5fa40f4923313f54d65bf23ac385ab75fa27f45342da3cec7933fd
base/res/drawable/common_google_signin_btn_icon_disabled.xml	1132	aa9e37cfd58005a7807b1f8d32811f0cf555c432968f9581f36766fc761852d0
base/res/drawable/common_google_signin_btn_icon_light.xml	588	7a7017a1c2bc2d1b502e671171ba9ef4cac9989b86a73c88faa5eb813f4f8d75
base/res/drawable/common_google_signin_btn_icon_light_focused.xml	892	8c170500e76ac69b59010941fd92863649035e09050e2ca80f4c12ed332492a4
base/res/drawable/common_google_signin_btn_icon_light_normal.xml	548	5bd6ec76596bdaf06b54c9f8f5b20f4a5767c9fe3f2e68e6e9cdfb6bbb8a4177
base/res/drawable/common_google_signin_btn_text_dark.xml	588	107473b4c5db005025396996d8568f101113450f87fa7cade47b4f4abebe0d76
base/res/drawable/common_google_signin_btn_text_dark_focused.xml	892	378ea7f3c11ada26bf914f5a195e2764b65776fa36b37e1094fb38581df2a3af
base/res/drawable/common_google_signin_btn_text_dark_normal.xml	584	ecc8638e75bbfa32a8cfd1a10a6468002ad64c536e72e3bcad55de60ea5213dd
base/res/drawable/common_google_signin_btn_text_disabled.xml	1152	8e0caf1ed945453d235843eddd72d3e9a3b956908c78513765626cd67bd18cfc
base/res/drawable/common_google_signin_btn_text_light.xml	588	9b1dbf582493df5533681406a7aa4ba44970431bbddf2b82de604f7f4e2f8d1e
base/res/drawable/common_google_signin_btn_text_light_focused.xml	892	9d248ab33c5794cd18eaaffbe6a9dd36160e058d7d520ac95d6cc31983512180
base/res/drawable/common_google_signin_btn_text_light_normal.xml	584	26b894050fe1c345258a1865e2550548a1e66853d3b05536c5796867f45f4619
base/res/drawable/messenger_button_blue_bg_round.xml	1444	e4a218388b33309ae6cebc65a64bafcd0268a02d2b10fff61975c08c46943506
base/res/drawable/messenger_button_blue_bg_selector.xml	972	d7d463f9a19d2442034afd42d5fd664503b6776b81f3453001f2c32caaea4f0a
base/res/drawable/messenger_button_white_bg_round.xml	1444	b620469f3fbba329596d0065c8f95a9bce68723a075fde0246b6d99f6ad21171
base/res/drawable/messenger_button_white_bg_selector.xml	972	2df8f1ee7c1ad9cb50d9c54e75da37904adf2df47b483cc97e9a9e10aac02ed6
base/res/drawable/notification_bg.xml	532	4b6d269fe41faa19f79ffebd7d57e5cbba6f4ec2b37b597d560c5025401df9fe
base/res/drawable/notification_bg_low.xml	532	c3bb70b4c42bff96f9c5bb9bebee0407e14128d5ec6fe08b5459434786dcc545
base/res/drawable/notification_icon.png	354	350dc82e5aeb53449f18770349c7e41cf78cc2bafe6918d092000f00979722a2
base/res/drawable/notification_icon_background.xml	372	d603030e08b3d51daf49de3be0e2c2beed6687883cff8700f0733e534a107fff
base/res/drawable/notification_tile_bg.xml	304	fc6a804954eab4e56480c66851adc2a7e935a5b451f940e89b77ac80e356d800
base/res/drawable/tooltip_frame_dark.xml	484	fc19e4c040cb7b89705993d7611438eeef9d1f4b8ddfd594909911c38765a1a7
base/res/drawable/tooltip_frame_light.xml	484	279ebbf67c66df0c2e10aed54d1a312bd5bc060b277deeb39c9507f5e9931df2
base/res/drawable/unity_static_splash.png	3222206	a2615a877b7aa53fcccfd4dc22b507dcdec6944d06a301dc18d69321d37d52db
base/res/drawable-anydpi-v21/ic_other_sign_in.xml	1228	e8c647e87b56706a8541834ec9b6b5477f4bf355f122c79d4e4dd74c42919b6d
base/res/drawable-anydpi-v21/ic_password.xml	2092	922121f43e7e6b43658615313a17cffe636828b63ea47ca4eefadc53e486325a
base/res/drawable-anydpi-v24/ic_passkey.xml	1568	82bbb6b5a673f94ac296036e4e0d66d1beb25e595684e9c636fd4bc18d117f0d
base/res/drawable-hdpi-v4/abc_ab_share_pack_mtrl_alpha.9.png	272	991f73be600ad8821a6743db54af513f9b047058e95066e22fcdd1d72032bc58
base/res/drawable-hdpi-v4/abc_btn_check_to_on_mtrl_000.png	227	5eca0280bd38a6887b6e41765cf5da573133874625001eb90156eaeb35fbe088
base/res/drawable-hdpi-v4/abc_btn_check_to_on_mtrl_015.png	404	5ced2ab774853050255d7309e10b76217813d56f3f8ab8fb73ac3f635d90c676
base/res/drawable-hdpi-v4/abc_btn_radio_to_on_mtrl_000.png	464	5080b07eb486ba05ede737b567eb2bb89d7b79a3edb5c2ca8141c6eba012b75d
base/res/drawable-hdpi-v4/abc_btn_radio_to_on_mtrl_015.png	563	7442cda653acbacdf9aef256aa191e5ebb6071a1747312aec45e1db8252a3cfb
base/res/drawable-hdpi-v4/abc_btn_switch_to_on_mtrl_00001.9.png	1096	9f849bcd788adceb32f4c1a5aa892749bd1e244a3787bfbfbd30d3b6f5d8e9db
base/res/drawable-hdpi-v4/abc_btn_switch_to_on_mtrl_00012.9.png	1243	ab94afcb2bb325544c0c1103bf5109b827bf070f441faef909f856ae295a1cf0
base/res/drawable-hdpi-v4/abc_cab_background_top_mtrl_alpha.9.png	226	67e701476927078d89ab0bbb39fff12d69702592a7a428237a21168a21ec1038
base/res/drawable-hdpi-v4/abc_ic_commit_search_api_mtrl_alpha.png	171	239d602c9c65f156fe024613207955ac8fbdd395ae6ec3efa51be98e3a4473f4
base/res/drawable-hdpi-v4/abc_ic_menu_copy_mtrl_am_alpha.png	202	3990d0047a49ab79c7417876fc0b298730f2d3525924f6d72a41a14ea84bb0b5
base/res/drawable-hdpi-v4/abc_ic_menu_cut_mtrl_alpha.png	404	500419896d42ee0818f210db317439df7458ad9f6f68f8b33690bd6f18c7d05a
base/res/drawable-hdpi-v4/abc_ic_menu_paste_mtrl_am_alpha.png	226	39aa138b792f6c1e1df99e0c1b748406b50aa6da3a864345f11bdedb3c0710a7
base/res/drawable-hdpi-v4/abc_ic_menu_selectall_mtrl_alpha.png	215	9ad2a7ae746b1293988f5642bf07ea09a27c04cd8ad8a4f2d8e83661a4897d3e
base/res/drawable-hdpi-v4/abc_ic_menu_share_mtrl_alpha.png	389	6603eec06d9b8a40b97bce71337f1a40f912f02d31d84a8150611377006f9e96
base/res/drawable-hdpi-v4/abc_ic_star_black_16dp.png	263	d87483d4eeeeeecb4e0880a0eb0c161f047bfce5004131bc46b1512c14c79cc0
base/res/drawable-hdpi-v4/abc_ic_star_black_36dp.png	522	428ed825ab284c918ed43866f9fa34c22f00553712924722b9b3186398b15551
base/res/drawable-hdpi-v4/abc_ic_star_black_48dp.png	668	ab07f37b6decfb6d159c9674538e3895892a77d99caf8d84b196a77d5893e341
base/res/drawable-hdpi-v4/abc_ic_star_half_black_16dp.png	197	89bb69d41cc1e2d8c6ebebc6297e08ab5f1c2d25e01423bc1e3e8acc233bc64e
base/res/drawable-hdpi-v4/abc_ic_star_half_black_36dp.png	328	0ba072579dc4ff23d6c7b10bd02a42d0c8dad68032685b48d33a102d9f156cb7
base/res/drawable-hdpi-v4/abc_ic_star_half_black_48dp.png	431	643427c4bd60867acad34aa1445b11b4d9eae3e9bb1ea5f5cd06b9606f68dc19
base/res/drawable-hdpi-v4/abc_list_divider_mtrl_alpha.9.png	167	378694706fb7256dd2248e2af854efd71ec7e8885f61da2e16a2bd32fcf3d0a9
base/res/drawable-hdpi-v4/abc_list_focused_holo.9.png	244	a2f1a37af8e699320a2fadbe54eeaa6112d5a3522d57d682edf04fe97be3b47e
base/res/drawable-hdpi-v4/abc_list_longpressed_holo.9.png	212	d5c644b00ee79bd4f1fcb789ebbf89e79c0c6fea878dfbc4a8c64c3be34b5b03
base/res/drawable-hdpi-v4/abc_list_pressed_holo_dark.9.png	208	a7523ccf037f7c31cf87a186feecb9139ef92d87e0702cabb08a31914b2b503e
base/res/drawable-hdpi-v4/abc_list_pressed_holo_light.9.png	208	91b8358e22ac1b8554c71a528414acf30088d9ad562bdac3814844771c14c8a9
base/res/drawable-hdpi-v4/abc_list_selector_disabled_holo_dark.9.png	228	89c28e887b0d60c01b35dcd2be654f416bffb66e8565716dc983e3b0204967e8
base/res/drawable-hdpi-v4/abc_list_selector_disabled_holo_light.9.png	229	475f03b3ccff04fce91a7a912142d150a000b1d011da003745dc2c0e3f5fb092
base/res/drawable-hdpi-v4/abc_menu_hardkey_panel_mtrl_mult.9.png	738	8fcf5b9da03c68dff65adfa8713db9ce3b5e423a9f5046f1785ab640c2a647fb
base/res/drawable-hdpi-v4/abc_popup_background_mtrl_mult.9.png	1098	00a1ac74d8164cb5c4749a0b2e77e2c6da4a90abe873d8604f29841c19357c66
base/res/drawable-hdpi-v4/abc_scrubber_control_off_mtrl_alpha.png	201	0e631dbfe2575dd16d3fd6c59641dfa4abb5e162d60f59049e4459f0af29fbf6
base/res/drawable-hdpi-v4/abc_scrubber_control_to_pressed_mtrl_000.png	196	c131ab0e2eb9879bd063e736ab81313c5a4f47eaa2f4a0ec9eca93a1a150ed79
base/res/drawable-hdpi-v4/abc_scrubber_control_to_pressed_mtrl_005.png	272	dc08af9d14e6b673bf9f31c248236f0457b322464036647473e3a32a23773f0e
base/res/drawable-hdpi-v4/abc_scrubber_primary_mtrl_alpha.9.png	205	9a1a48038a8d1dc041035b49cc732db23e008d126c8b2e680749dd29616a37b3
base/res/drawable-hdpi-v4/abc_scrubber_track_mtrl_alpha.9.png	196	c86d934a5809f32599e42143e306ed6e066b224fe1fa3f32ade1603074e5b136
base/res/drawable-hdpi-v4/abc_spinner_mtrl_am_alpha.9.png	345	b0b2dc2cae7811c124ae528d714318bb1043b59d82a640f22c47ace64c283fec
base/res/drawable-hdpi-v4/abc_switch_track_mtrl_alpha.9.png	484	2e3d70230977af37c6d7739899a73e63937eebdfe6d802f1a957c43c2f2ab131
base/res/drawable-hdpi-v4/abc_tab_indicator_mtrl_alpha.9.png	190	aa61229cd70239278109c5ebe725e72484d0252efa4902a17192366942749289
base/res/drawable-hdpi-v4/abc_text_select_handle_left_mtrl_dark.png	278	cf7e0d111181db8dc2c16b5d5e027e883994f123ed940908a5f40bdfa8e87578
base/res/drawable-hdpi-v4/abc_text_select_handle_left_mtrl_light.png	278	498b0cbd09b6b4feed8aca9ed77d235f5bb272c53d21b332649a00e942d989da
base/res/drawable-hdpi-v4/abc_text_select_handle_middle_mtrl_dark.png	398	cd4459d1df83d7137cad2cb160889e4576e6dd1f385745a933008ee882a34a0c
base/res/drawable-hdpi-v4/abc_text_select_handle_middle_mtrl_light.png	396	a475594ae7c771092a3a2718981e2710c737844f44a4401f72d3953753649a7a
base/res/drawable-hdpi-v4/abc_text_select_handle_right_mtrl_dark.png	263	4de0161b447cea9b469d53bc1a6ac12d0287b92da4c10d83baa04f9080266cef
base/res/drawable-hdpi-v4/abc_text_select_handle_right_mtrl_light.png	262	646021cc77e7f4bd68ab59fb32d306f81a2042125e6cdaa16184a062a8183f79
base/res/drawable-hdpi-v4/abc_textfield_activated_mtrl_alpha.9.png	186	a933aaebbeae489dea84e78e7fbc4079fdfda576fbdeb339401fda6cdc03e764
base/res/drawable-hdpi-v4/abc_textfield_default_mtrl_alpha.9.png	192	94fe9824714ad94c002fe6219e723c0d80c7cbe3a6130d7aa493730b67e294d1
base/res/drawable-hdpi-v4/abc_textfield_search_activated_mtrl_alpha.9.png	178	25f25112cc46b285767de7b5b058cfc0a9efd5f21cfe724af031505d66a9eceb
base/res/drawable-hdpi-v4/abc_textfield_search_default_mtrl_alpha.9.png	178	1411ae65d8160573c166d2a572106fd1103c12f242f67feec5feaa550197e5f5
base/res/drawable-hdpi-v4/com_facebook_button_like_icon_selected.png	178	ae62eb380693c772aa6888b98c9cdb9c9474acb1195f2b030aefce08af126c61
base/res/drawable-hdpi-v4/com_facebook_button_send_icon_blue.png	659	c0982d846967276f37a5765b284801ab1d696933a91fe6fd9194a26fc1ef8719
base/res/drawable-hdpi-v4/com_facebook_button_send_icon_white.png	348	322da7bb6e12e56de9bf2a3d2bd8d7dc57f00667156960556b78a843345a605f
base/res/drawable-hdpi-v4/com_facebook_close.png	1560	bffcb2f2433e0f9272cd86051bef2048b48794605331a151bf9afa0a12bf8d6e
base/res/drawable-hdpi-v4/com_facebook_tooltip_black_background.9.png	1933	f6ee151cd51b35c56b627c8052820c13732878418c402a81ac01662b73d5d84d
base/res/drawable-hdpi-v4/com_facebook_tooltip_black_bottomnub.png	657	f0b2dccb64bc5ac5f3a2c8e47b8ef5357079dca1a4d6259fb4384c8df35fe977
base/res/drawable-hdpi-v4/com_facebook_tooltip_black_topnub.png	513	8934157f088951f8646392a5dadb72622ef254d61f570502ba27eda47554dfd5
base/res/drawable-hdpi-v4/com_facebook_tooltip_black_xout.png	193	ee59a4aebbf0b5b536a1264549e8c5dfca08f714b420eba872b4a523450cf493
base/res/drawable-hdpi-v4/com_facebook_tooltip_blue_background.9.png	2576	a1807e16c0a99aa83c8ceb137b69b439413deb3e68b5c07634912393cae7d9d6
base/res/drawable-hdpi-v4/com_facebook_tooltip_blue_bottomnub.png	769	87f27a59b57b0bc80c5aaae654d62d0088e6c88ecea4ee3f65f8172f8368cd67
base/res/drawable-hdpi-v4/com_facebook_tooltip_blue_topnub.png	591	8e9cab2b068c975925467a9f54ebf96acee85cfe349b02aab9d055f7cf44c606
base/res/drawable-hdpi-v4/com_facebook_tooltip_blue_xout.png	192	3bec2cccaa013bf717744d40ff23058b73b6093706eb184bb3ea04b196fe5580
base/res/drawable-hdpi-v4/common_full_open_on_phone.png	681	e8e2fecfbf111cc5ef65dbb6c7395a5ae16a68f7e0922738d0c802b26e866e49
base/res/drawable-hdpi-v4/common_google_signin_btn_icon_dark_normal_background.9.png	897	9865619196624a3cba32a36b0111357afea3148f123221ba8c7265bc681ab8a9
base/res/drawable-hdpi-v4/common_google_signin_btn_icon_light_normal_background.9.png	683	94a0b6363a09d466a3dc3722379ab367d9ff73a21ba0ff2c5bab6c30aa5f8b38
base/res/drawable-hdpi-v4/common_google_signin_btn_text_dark_normal_background.9.png	960	d66f7061c274b1b6f8524993367af902737ddf9187db0cc8d91a8c64ad9b944a
base/res/drawable-hdpi-v4/common_google_signin_btn_text_light_normal_background.9.png	694	dc9a0ae125491ccdac95b57b5eee4060efd191294e171c8e369d7d0ec3ab2268
base/res/drawable-hdpi-v4/googleg_disabled_color_18.png	410	f73508090d3e6bbc3e39ba768e71855aad52ecaaaccda676d43a1860010cc557
base/res/drawable-hdpi-v4/googleg_standard_color_18.png	808	f221f962a62c954a11b1734e9631fc8531e34bee557665fea864aa4386e25e39
base/res/drawable-hdpi-v4/ic_other_sign_in.png	410	6f8b8f0515a5f8594b165b96487d938f23a42c9f59ba66239d08d5f64896d2bd
base/res/drawable-hdpi-v4/ic_passkey.png	763	ecb2c876f668551d20d5756fe87a1ad331118a61ffbb5455a17d31a44140b708
base/res/drawable-hdpi-v4/ic_password.png	446	7d427a557cc50ada63a61bd25a33655a9f25af149a3c1cdd7d80a99ddcc3e8cf
base/res/drawable-hdpi-v4/messenger_bubble_large_blue.png	636	0f8d2d3e7650040f2304ccf291224d76d38bd58b747530461c6a4c6f159c85f2
base/res/drawable-hdpi-v4/messenger_bubble_large_white.png	523	1696e6172113954f4b3fd63b54f037aab76609b84a1b642525e1f18f0919260c
base/res/drawable-hdpi-v4/messenger_bubble_small_blue.png	556	df9aa2944009a6155788586e404f9f2881ecab792cd538978c84933ecc3f509e
base/res/drawable-hdpi-v4/messenger_bubble_small_white.png	461	e80c67a6840877794d77d9a24d5aaf55417c8389b72a63e3d9f54b455eee2b58
base/res/drawable-hdpi-v4/messenger_button_send_round_shadow.png	1752	a60488bf20849715ae606a98468e6e93efe7f03bac7ed28fad89179a7ed1912b
base/res/drawable-hdpi-v4/notification_bg_low_normal.9.png	212	21f0b55280be10b187ceff8edef4a5a7047683e6e9fcf47de410aa3839f41094
base/res/drawable-hdpi-v4/notification_bg_low_pressed.9.png	225	42aee0b03883e94df5e543348a397d1302c1b8221895871a83b81899f5a9647b
base/res/drawable-hdpi-v4/notification_bg_normal.9.png	212	0c6328c7b2420570a7ec38b3beb3bac9a29d895ac1ab7239315aba7266418593
base/res/drawable-hdpi-v4/notification_bg_normal_pressed.9.png	225	18b328d8017e677d5aad3dbd66bae356b5cac978c6f0670938ea648e51d0eb66
base/res/drawable-hdpi-v4/notify_panel_notification_icon_bg.png	107	8430ec003e003f3f2ba2f78d48fd150e25407667e530e82e87a7d4841c0fd676
base/res/drawable-land/com_facebook_sso_noapp_background.xml	484	a6ca7b4bccd58e92aa09715ca08ac8f916b374ca63d9a3551b9761ade00ff716
base/res/drawable-ldpi-v4/ic_other_sign_in.png	246	ca1384e6cf9f6978362992443a4e7314aef2bbe307c687221ac5d570c75d6bdc
base/res/drawable-ldpi-v4/ic_passkey.png	420	b1fc7b8f95c33640fdd2a030d20ddf7398d9b495ea9ec189ae256714fd2e193e
base/res/drawable-ldpi-v4/ic_password.png	315	e168c687e2ed8d1ca47c606eab66e50f4efd8554526bab46c0134c9aa023c258
base/res/drawable-ldrtl-hdpi-v17/abc_ic_menu_copy_mtrl_am_alpha.png	199	641ad19d3467a8e5c4d9714eb7581608de2843f19e9a902a4e9223be0661fb87
base/res/drawable-ldrtl-hdpi-v17/abc_ic_menu_cut_mtrl_alpha.png	400	cb374ddd7f6b44d028460f3629b1009387c00572717bf240c85f9a82651fab41
base/res/drawable-ldrtl-hdpi-v17/abc_spinner_mtrl_am_alpha.9.png	345	d4d2b0dbb039f1c6395183abe945b39470ad9a8a7b680a40fa790df6c645bb43
base/res/drawable-ldrtl-mdpi-v17/abc_ic_menu_copy_mtrl_am_alpha.png	127	734c1f61bd507bb4f4c1fb28620d163ef158e2c19dfa94f344e18d4e2fd0ec5e
base/res/drawable-ldrtl-mdpi-v17/abc_ic_menu_cut_mtrl_alpha.png	253	6dc6f70b602b524d6f097c3395e3fabbf986a00ebaccc8c771aaf12a185a59b8
base/res/drawable-ldrtl-mdpi-v17/abc_spinner_mtrl_am_alpha.9.png	318	80502979302dee7353f475f558c497ae6697f77181a51f7cc80b40d72c2e0c4c
base/res/drawable-ldrtl-xhdpi-v17/abc_ic_menu_copy_mtrl_am_alpha.png	178	7777c082dd900b3f0ea313944232be401e5e7fa1f07da15c543ffcfda4caee28
base/res/drawable-ldrtl-xhdpi-v17/abc_ic_menu_cut_mtrl_alpha.png	494	5d01a80f82b4c5874f20d78183037fb55504c6c3384458ad29b4535bdb951cac
base/res/drawable-ldrtl-xhdpi-v17/abc_spinner_mtrl_am_alpha.9.png	417	77f0ebab2416404eb1d562342e431541d885686dd1e49d6dc93be1a86c2273c4
base/res/drawable-ldrtl-xxhdpi-v17/abc_ic_menu_copy_mtrl_am_alpha.png	260	2a1a3f842d056e6e7e7e0cb9e075a13d3a3f0f8edc4c41c40fa0bc3506132f55
base/res/drawable-ldrtl-xxhdpi-v17/abc_ic_menu_cut_mtrl_alpha.png	705	3bb7e79f3c1251e2124633b92af3c6542fbfe334c83b8dd76ae4146da8b5afc0
base/res/drawable-ldrtl-xxhdpi-v17/abc_spinner_mtrl_am_alpha.9.png	525	007dbf5fa2dc466a4940b0a6a73dab48cb721f64d358f71ff35aaadb9630b5ec
base/res/drawable-ldrtl-xxxhdpi-v17/abc_ic_menu_copy_mtrl_am_alpha.png	325	abe7431e3f1d57ccf502aecd1cc6abdc35b2d8d8023c440b6a4c3f0012a6b787
base/res/drawable-ldrtl-xxxhdpi-v17/abc_ic_menu_cut_mtrl_alpha.png	905	160f6327240b59ec3534eefe0d4ea6dbd585e01d1357d870e910c5594016dc96
base/res/drawable-ldrtl-xxxhdpi-v17/abc_spinner_mtrl_am_alpha.9.png	437	8c3de5389a4fedf23b1efdf1c7737ca7eb44f381c22369153dfa972613a4c448
base/res/drawable-mdpi-v4/abc_ab_share_pack_mtrl_alpha.9.png	267	f94e2129180c0ba6924430374402456035dcd6b6fff7d05f6de7e24196a3af35
base/res/drawable-mdpi-v4/abc_btn_check_to_on_mtrl_000.png	214	055d5f87b1bbb6677096bc7eb7eace57e40216cb97f2b2b926d26c1263f9abce
base/res/drawable-mdpi-v4/abc_btn_check_to_on_mtrl_015.png	321	caf1e473df6702c2a6a95d738f1d6f2b73196766b504e5ff333b3c8e747e047b
base/res/drawable-mdpi-v4/abc_btn_radio_to_on_mtrl_000.png	324	a547431febf108ccfa9588ab89b1078e387bb351eb54d772394332187f770b74
base/res/drawable-mdpi-v4/abc_btn_radio_to_on_mtrl_015.png	356	c8825cd637e59a02500d8b7518562f0c91bef2edd971ba3e5ad0f416794d618e
base/res/drawable-mdpi-v4/abc_btn_switch_to_on_mtrl_00001.9.png	754	562cba1ad1b9abd502da9c03f4c10bb2bd728022c546f18059319f2ad293280e
base/res/drawable-mdpi-v4/abc_btn_switch_to_on_mtrl_00012.9.png	825	b52228a35520e2d786e962e85013fe7f7c97ffb42677f3bdabc032fbb709952a
base/res/drawable-mdpi-v4/abc_cab_background_top_mtrl_alpha.9.png	216	fb71e11c090133a97fe84fa3b76a263b429c9032ec467854b0e32a3157a5eba5
base/res/drawable-mdpi-v4/abc_ic_commit_search_api_mtrl_alpha.png	173	52549a8d0b6c35faf2795efdf6b4c5fe2cb34b7e8b1039cca7aa2769b6cab3d0
base/res/drawable-mdpi-v4/abc_ic_menu_copy_mtrl_am_alpha.png	133	67691e44662856541bc59f56439342fd7ee9e985109d5a8819a4b746bc8718da
base/res/drawable-mdpi-v4/abc_ic_menu_cut_mtrl_alpha.png	251	65b4b6e22b9ea2865bcc6eb2afc460a645cc39f642d6eaecea5a69b794813396
base/res/drawable-mdpi-v4/abc_ic_menu_paste_mtrl_am_alpha.png	152	4a5c839ab0ce8c0b23a47091bf6a69392c6e11e7e02f31e0889f12c0b1a27cca
base/res/drawable-mdpi-v4/abc_ic_menu_selectall_mtrl_alpha.png	139	932b2f1a5d1f714742551df4e25b78af1d68d8c3972a3d97ad8d2c24dc13777b
base/res/drawable-mdpi-v4/abc_ic_menu_share_mtrl_alpha.png	270	c8720833a338e04082376b430530f4119d3f22ee14e5dd434c06cfe2f0bccb53
base/res/drawable-mdpi-v4/abc_ic_star_black_16dp.png	193	296561a5dd3461d7c187f0b0f8db4aba6275c0970b5b1fd7b0417cb5b99c32bf
base/res/drawable-mdpi-v4/abc_ic_star_black_36dp.png	364	59acf324bbe28eeccd97fe35ad6999a4ad01a36249bed046e06abfc538d53e53
base/res/drawable-mdpi-v4/abc_ic_star_black_48dp.png	467	dfc210d4a0201ecee66b48c01a5668e82b8b64851d634d74ec413bd65016e645
base/res/drawable-mdpi-v4/abc_ic_star_half_black_16dp.png	146	e44d95e57172603aa992ffdb6bb9a302f945f00b632a5f7c6c29b873161e9aa9
base/res/drawable-mdpi-v4/abc_ic_star_half_black_36dp.png	253	c33c138bd35260d77be5eebafa08efbfe25d9ebb2d57d16da31caaf587fb0657
base/res/drawable-mdpi-v4/abc_ic_star_half_black_48dp.png	310	a474ecb8578c539b514c1c9960de8b0c177a867340854272440e0e3499591413
base/res/drawable-mdpi-v4/abc_list_divider_mtrl_alpha.9.png	167	378694706fb7256dd2248e2af854efd71ec7e8885f61da2e16a2bd32fcf3d0a9
base/res/drawable-mdpi-v4/abc_list_focused_holo.9.png	222	8436624220fba246ae816a3aab379dfd7ff2a484284ab24c3af4989778705bb3
base/res/drawable-mdpi-v4/abc_list_longpressed_holo.9.png	211	dbc0af61f440bb3f5382b8ea3fa578659f76c7a6aef620a68afc43a909f2e0e5
base/res/drawable-mdpi-v4/abc_list_pressed_holo_dark.9.png	207	5d4161bf9482b5d2a2346cd3fa2739ec3203d995bebac02e89a732943368bbfc
base/res/drawable-mdpi-v4/abc_list_pressed_holo_light.9.png	207	e98f192f013a9226010482ab8e14c7f215fb16bda3ccb0ddaec3ed0b27119e7c
base/res/drawable-mdpi-v4/abc_list_selector_disabled_holo_dark.9.png	217	a15171ead4b1cd9b80c58b93c0efb453b0cf889b714cc859ee2c9b937f4b37d0
base/res/drawable-mdpi-v4/abc_list_selector_disabled_holo_light.9.png	217	7c45e46e405f5b4a3d0c62a22e67010c3327022dd1c1f4bbccea1279a4d1ad74
base/res/drawable-mdpi-v4/abc_menu_hardkey_panel_mtrl_mult.9.png	541	c7954e2bfbd01e5bbc9d774dd4d743d3f8a26613129fac8071b741bab3018ab0
base/res/drawable-mdpi-v4/abc_popup_background_mtrl_mult.9.png	776	5c7c682ffb64f4b531de0f9549c0da11c337576e426618522bfd1d35a451a414
base/res/drawable-mdpi-v4/abc_scrubber_control_off_mtrl_alpha.png	159	5a6ca1d0d2fea53813da5b3c9037408087f9f753f58dd2e128a4a48f7689769f
base/res/drawable-mdpi-v4/abc_scrubber_control_to_pressed_mtrl_000.png	145	9f856dd00a4f281d1198e6679ac8611fc67d301f28c07aea97504244ba16cb44
base/res/drawable-mdpi-v4/abc_scrubber_control_to_pressed_mtrl_005.png	197	6151450ece3ab9667213c3987b6d8fffa25baf9ff43d53bcd9c94fd8ea7616d0
base/res/drawable-mdpi-v4/abc_scrubber_primary_mtrl_alpha.9.png	203	5e3f13ee854fa41354ca7378358b99f8e41f3b1c9968c313b630b02de8704e6e
base/res/drawable-mdpi-v4/abc_scrubber_track_mtrl_alpha.9.png	194	9a9c940ea133f7e0ac8db6f06e13e852508633c21f8c71f297483165a06d92eb
base/res/drawable-mdpi-v4/abc_spinner_mtrl_am_alpha.9.png	327	0fa17d8754d6d163cc433f087cad6c083173ac87ad7097e76950a25eec5f3e90
base/res/drawable-mdpi-v4/abc_switch_track_mtrl_alpha.9.png	395	62477adc74d4e6836e3c0e4b5337c37d748cb3f94033f42c629938ef18d38b41
base/res/drawable-mdpi-v4/abc_tab_indicator_mtrl_alpha.9.png	186	f62d7aa1f9297302a43332a59834755edbd3a38670b8c523614ae1366b5f947f
base/res/drawable-mdpi-v4/abc_text_select_handle_left_mtrl_dark.png	203	10db3e5a773571a4eda7d0bf0f4bb9e46b89298c283958855c59c25589ee7113
base/res/drawable-mdpi-v4/abc_text_select_handle_left_mtrl_light.png	203	0fd2f53946eb93b3154f44bdafc8896ea93195a64ce5fc64049e8b7293cd6801
base/res/drawable-mdpi-v4/abc_text_select_handle_middle_mtrl_dark.png	311	6174f17fb2ff9d8430a27a40df50700d32e36f6f3369d10d42adfb7978fe9bb3
base/res/drawable-mdpi-v4/abc_text_select_handle_middle_mtrl_light.png	310	5358737cb680ea1cdd6ba400d33316fabf872fd44f6a0e127bfc8bdd1632b374
base/res/drawable-mdpi-v4/abc_text_select_handle_right_mtrl_dark.png	187	f662b87be9d327e0e86e3f4dba95531383ed0b19d3ec65857d87236d37fd2a35
base/res/drawable-mdpi-v4/abc_text_select_handle_right_mtrl_light.png	186	7c8472b72441cc28a1ac53a08b4f0c14f310af338175ba6c46fd6342ac8ce2ff
base/res/drawable-mdpi-v4/abc_textfield_activated_mtrl_alpha.9.png	181	fa50162bdb3501c6b50cfa36c14dab9c94e48d57f558607ec9858124d70412f9
base/res/drawable-mdpi-v4/abc_textfield_default_mtrl_alpha.9.png	178	9fd37c82f87df00464554344ddddea55e480d09c33b505ac13252036d4d6276e
base/res/drawable-mdpi-v4/abc_textfield_search_activated_mtrl_alpha.9.png	178	4bc8f4d13d2acccc1338f73ff90cd97695d9210e04de5da924215243c8950bf3
base/res/drawable-mdpi-v4/abc_textfield_search_default_mtrl_alpha.9.png	178	b800fac7d2f0a75b17fad7009707ea49134919e48984e89815a9d24c0fa704d8
base/res/drawable-mdpi-v4/com_facebook_button_like_icon_selected.png	163	7014611284e81009b0eb1f5ecec511bdf21847a238d965883fad2b780b68deae
base/res/drawable-mdpi-v4/com_facebook_button_send_icon_blue.png	412	c253da81c7d8ae86234cdd37b445e625e5e972342bff4c783c368869642eb6d1
base/res/drawable-mdpi-v4/com_facebook_button_send_icon_white.png	251	53a2e237b49134aa3bad4fd239a15750e60979d2870a3fb4b965456b90d32971
base/res/drawable-mdpi-v4/com_facebook_close.png	1448	1d88054524eb7902eccb674c42433773779c9e584e7b6955919e9836ff28a223
base/res/drawable-mdpi-v4/com_facebook_profile_picture_blank_portrait.png	1553	e64c89bca6ca6649f76088364dea659f01d413f468c9fb00a381e197160408ff
base/res/drawable-mdpi-v4/com_facebook_profile_picture_blank_square.png	1476	11e406b37fc5e6d380ef6c40ffcf04e2747130f73528a988c19ab6463247f6ca
base/res/drawable-mdpi-v4/com_facebook_tooltip_black_background.9.png	1331	ff51abb4a41be6d51036f67babab7ca69c816c994a63a03d35a5142c313e0a09
base/res/drawable-mdpi-v4/com_facebook_tooltip_black_bottomnub.png	402	1b30d361328331c8d6513ce45d66d7aa1aa2e4328638edbfc9ab3308ecb90707
base/res/drawable-mdpi-v4/com_facebook_tooltip_black_topnub.png	264	db57958db1bd64d327249737be407775a377f76a372de66c66f7c51026cfb190
base/res/drawable-mdpi-v4/com_facebook_tooltip_black_xout.png	158	dae4a0341c3f8e67fc3c8aed0a000528f595a140d0f68c4edf8e5c670308bb9b
base/res/drawable-mdpi-v4/com_facebook_tooltip_blue_background.9.png	1560	8cdd583092ee840e1b7faeb8b82a46c5b5309da916b0ede910e4eccbafce7ed9
base/res/drawable-mdpi-v4/com_facebook_tooltip_blue_bottomnub.png	438	4d29c1a41cb39940a539f67b46410b9a522c647f9f0dda4df887e342cf670596
base/res/drawable-mdpi-v4/com_facebook_tooltip_blue_topnub.png	329	44388225a0f2e7c0ba91cfb9ecf95b013d15dc6ce9aad6bb685178560cfb2157
base/res/drawable-mdpi-v4/com_facebook_tooltip_blue_xout.png	159	f5398598fd9de6642152cdcc85cc77fb8d8fba4a023457232cede81657f80acb
base/res/drawable-mdpi-v4/common_google_signin_btn_icon_dark_normal_background.9.png	610	71bfd776b21b1102f26e31a0f6dc65d40de2cbae650c7528241d5cdc17eac991
base/res/drawable-mdpi-v4/common_google_signin_btn_icon_light_normal_background.9.png	500	77d8cc5447360efba3b3f1659bea9680eccbe47e2aaa07424d562f0e5c8af829
base/res/drawable-mdpi-v4/common_google_signin_btn_text_dark_normal_background.9.png	615	9635dab0f3c0b0557f3535d9655784f68130db57ce3920ae68c2d4cab4edd35e
base/res/drawable-mdpi-v4/common_google_signin_btn_text_light_normal_background.9.png	465	08a416adad6c0e9bece3238674a76b24bbac2ce95c1cffca817b3c675ac69f6b
base/res/drawable-mdpi-v4/googleg_disabled_color_18.png	281	7c1e1629c95fb2603fbdeab93a8fbf30b9c80be11ef483d497f8a88e8f67bd6b
base/res/drawable-mdpi-v4/googleg_standard_color_18.png	562	788a3b9472e9a46e1b6b68d918cd1571914b732e93aab014d77f20be5374e9de
base/res/drawable-mdpi-v4/ic_other_sign_in.png	262	d566245d2a843aa80eca12b7d3915695a52daa7907a2ac6d492565cfde5f2a41
base/res/drawable-mdpi-v4/ic_passkey.png	506	0db962fceda243eac4375c58a457d177ba50b72a1ca5f74a1bd2670da4503b45
base/res/drawable-mdpi-v4/ic_password.png	229	c3d08964761c8d13d12c8b1efdb602e62bea01b67c9a9fdf1b2df9eb59b63304
base/res/drawable-mdpi-v4/messenger_bubble_large_blue.png	442	2306732615724a170d60e3944a618115edf3549fbb555297353367a43b87fbc0
base/res/drawable-mdpi-v4/messenger_bubble_large_white.png	375	e652682178d5b8c05b0f779dcd98c8593612df18aa9cb3eaf81a425068238ad6
base/res/drawable-mdpi-v4/messenger_bubble_small_blue.png	406	3ee017c58b01ab4ff61bffa6bf0368268d738e95493e3ddcfbf8da6cbe7b975d
base/res/drawable-mdpi-v4/messenger_bubble_small_white.png	344	f5680f5edb85e3c8b1fbf180b00d67f2f7468b5547508d50872b3f308889b9e5
base/res/drawable-mdpi-v4/messenger_button_send_round_shadow.png	829	e841ee0b2ba9eaa8be609881c5ff3b54f1e347a59362987cd1f1447fa0e94ac1
base/res/drawable-mdpi-v4/notification_bg_low_normal.9.png	215	2f7fbda0ba6e53e9a47e2fc0e24e32c447c613a5808c2d6285dc651e83a07ad7
base/res/drawable-mdpi-v4/notification_bg_low_pressed.9.png	223	e17761ed280edd93d7141bd504b70f9e9e15a8652288d9e6333bf4ce964ef844
base/res/drawable-mdpi-v4/notification_bg_normal.9.png	215	a8676a1793ac8310ffb12986232df66df092d29c242aeedc2b73556c010d38dc
base/res/drawable-mdpi-v4/notification_bg_normal_pressed.9.png	223	99c14d6855b8be296d58017d3751b8dc849c47b6d1d80ab614ff9075080e461b
base/res/drawable-mdpi-v4/notify_panel_notification_icon_bg.png	98	0d773e62c756422313262846c787e58f67e0ee87e45e1ae9942002e816c4cb9e
base/res/drawable-nodpi-v4/ic_launcher.png	6120	b9ddca2569bbdab40a57aa90507c157c904ddaeb69869b7b4474f8d0c9a680c5
base/res/drawable-v21/abc_action_bar_item_background_material.xml	264	5c4046ca717bff82a55d3d4d3e5ee8635fbadfe64ac358aa396fd4664085ea60
base/res/drawable-v21/abc_btn_colored_material.xml	1716	a10af62537f859a947100aadf1f55512f74bf6c9cf7b17048f4643f944b27a35
base/res/drawable-v21/abc_dialog_material_background.xml	716	adca9322dc388a63f8a2c15caf3d53c07d5d0950b5a7f067001071b25932348b
base/res/drawable-v21/abc_edit_text_material.xml	1172	ed062c0bd09eeba85355d07f01be62f878d6dc334078d9e954d6bf2819148442
base/res/drawable-v21/abc_list_divider_material.xml	516	976c8b16e6a0728e6389e244e8f8e27d2c5dc8b55a4d20e6d4735a49a1058743
base/res/drawable-v21/notification_action_background.xml	1180	b5eb5a3a0cca5d2a48e93d3d3ee7092bf988f212660c74beec9dbaa17ff1faca
base/res/drawable-v23/abc_control_background_material.xml	304	eab0b1933584952c1dc6737cb90956751e5249190dd450837b3fb1fcd3b20315
base/res/drawable-watch-v20/abc_dialog_material_background.xml	372	49f4ee033a368be6286501a7786bb178320100987f959bc33c98e7da1fc861f1
base/res/drawable-watch-v20/common_google_signin_btn_text_dark_normal.xml	908	ca4f5a36c8eacaa7fce4d481a934a9043baf6cf28adcfb1fedad07428211734a
base/res/drawable-watch-v20/common_google_signin_btn_text_disabled.xml	1040	ce7ee73648fe765718f0862c20ebb5fa906c3119d6e6c05eab913830a99f09d2
base/res/drawable-watch-v20/common_google_signin_btn_text_light_normal.xml	872	2adc1f40ded9dd42a1b84b911c0ae35259d31c1bf13ebfac63e481ee1182ca40
base/res/drawable-xhdpi-v4/abc_ab_share_pack_mtrl_alpha.9.png	280	a04708369abe0920ded20d87d58aebf6992ebb67efefa248a8421895efc5353f
base/res/drawable-xhdpi-v4/abc_btn_check_to_on_mtrl_000.png	281	43ccf1f0a5e9e9ed9a6df33e1b3d378d49dbc8dc60d83b1cdb985e5e48f52497
base/res/drawable-xhdpi-v4/abc_btn_check_to_on_mtrl_015.png	432	2fa524cda78d7ebd66164a896a042277b7a56b8658fb318fc700a114cb04f7b2
base/res/drawable-xhdpi-v4/abc_btn_radio_to_on_mtrl_000.png	651	d19092254aa4133fba8b7795fb5db560ad5dcd16c6f79201bec31b0f1e9b608b
base/res/drawable-xhdpi-v4/abc_btn_radio_to_on_mtrl_015.png	785	02ad0ea6ff5a560e947452c7d64f679afa2056b44f86ea3b707a1cb175c2ceb0
base/res/drawable-xhdpi-v4/abc_btn_switch_to_on_mtrl_00001.9.png	1526	1417574134c5e9321c0b18fea711a08448ccf49957f55e10cedafb13237510f7
base/res/drawable-xhdpi-v4/abc_btn_switch_to_on_mtrl_00012.9.png	1731	4d2fe45a8169f368052c921230a268ba9f53ea5fedbcb09ff35107473551e50c
base/res/drawable-xhdpi-v4/abc_cab_background_top_mtrl_alpha.9.png	229	f65a87efa2f53d6fe2d848cfca1f6c90aea5e9fc67ff47f5949a6dd2a76ebe1b
base/res/drawable-xhdpi-v4/abc_ic_commit_search_api_mtrl_alpha.png	228	b84a277807f8f3bb5378e6353d99d1344aee10bd9a05f47c30afe3832d9ca7f0
base/res/drawable-xhdpi-v4/abc_ic_menu_copy_mtrl_am_alpha.png	178	5ba9c2942af438e91641866c30980e3f0b04e7b12f240a27065b25693c55b5d2
base/res/drawable-xhdpi-v4/abc_ic_menu_cut_mtrl_alpha.png	492	9ef598e2252c811ba1b0b031e5cf27df847823b6253742f8073ee70b90981019
base/res/drawable-xhdpi-v4/abc_ic_menu_paste_mtrl_am_alpha.png	243	ed2b544497195069d55663bd91b5cbfa5c732b9d4d264ef201394d8ef59deb6e
base/res/drawable-xhdpi-v4/abc_ic_menu_selectall_mtrl_alpha.png	183	ee488c63592ff9f23e0e95db62c53a33a5436563c2355278ea8f61d75550671e
base/res/drawable-xhdpi-v4/abc_ic_menu_share_mtrl_alpha.png	480	0fecc437ee0b6811e0fb3dfeb4187a8ee2fc986ccb32ab013e23eb9ceb3d6e23
base/res/drawable-xhdpi-v4/abc_ic_star_black_16dp.png	333	b1cbc88df13b9ce605b7dc25119d727f9fa1e1f281233d3048eff1b93dade2ec
base/res/drawable-xhdpi-v4/abc_ic_star_black_36dp.png	652	ea66f88b27e335bffdf92393eb6f120fab4ee061b1a59b25156d9438d422ee64
base/res/drawable-xhdpi-v4/abc_ic_star_black_48dp.png	887	d1085c65f242164c4595988135d5b5fdb08086d5cca6d6c010d77c8530ccb204
base/res/drawable-xhdpi-v4/abc_ic_star_half_black_16dp.png	235	0b1332b42af152e06cbf9a43d4a44b14359c364ae1c53051e24b9485d2198f7e
base/res/drawable-xhdpi-v4/abc_ic_star_half_black_36dp.png	421	ca4f1a1fb757f2a43b213914da7b135db9f00221e877ecf61abd22cb4136c4ff
base/res/drawable-xhdpi-v4/abc_ic_star_half_black_48dp.png	548	055eb7e5dbcfc542c8c8a73f9afcc01716034a3c1ebf95b9c5fa5be8a51f4192
base/res/drawable-xhdpi-v4/abc_list_divider_mtrl_alpha.9.png	167	378694706fb7256dd2248e2af854efd71ec7e8885f61da2e16a2bd32fcf3d0a9
base/res/drawable-xhdpi-v4/abc_list_focused_holo.9.png	244	671d27e5a4b42111174b888d57118e05075a556d703bd54f9335202d2a416791
base/res/drawable-xhdpi-v4/abc_list_longpressed_holo.9.png	214	727d78fec3f903a271c0476a50e8c064d28b32f7829b016ae0a07da53b83b281
base/res/drawable-xhdpi-v4/abc_list_pressed_holo_dark.9.png	209	636d7f24be686e9515f7d6830ce936baa0a5416468220e94e8e257547967e22c
base/res/drawable-xhdpi-v4/abc_list_pressed_holo_light.9.png	209	07bf5ce5ff8937257afd146062c9bf5ca1f4115a1643529d81845d0202c7ddef
base/res/drawable-xhdpi-v4/abc_list_selector_disabled_holo_dark.9.png	236	fd719e497aaf091c3166cb51bf4404ca4bc3b6545dfbefbfaa0cf31f0790b7d1
base/res/drawable-xhdpi-v4/abc_list_selector_disabled_holo_light.9.png	235	cc162d4b8c12ee329e37c8d651442f0ef0a9d1c6f88ef352e54da8dfd9a50dfe
base/res/drawable-xhdpi-v4/abc_menu_hardkey_panel_mtrl_mult.9.png	966	006f2dc25bacc39e736bc720e26a6545df7427b6c103b2dd77c1eb872c3f3306
base/res/drawable-xhdpi-v4/abc_popup_background_mtrl_mult.9.png	1544	1f7dd8b3521353af473f41850887e9385cf61c390c6e34e4e2bd991921ccfdf8
base/res/drawable-xhdpi-v4/abc_scrubber_control_off_mtrl_alpha.png	267	777a1cf53820aa467267d1f64e5f923656f93047038ea6375bcce257b517930e
base/res/drawable-xhdpi-v4/abc_scrubber_control_to_pressed_mtrl_000.png	267	4133830f43f9baa0b0ed3cc80d798b20071da9f51fe12ef6b0bd09abc8d5d33a
base/res/drawable-xhdpi-v4/abc_scrubber_control_to_pressed_mtrl_005.png	391	29953bd8019dd96b7701329b9a203cff63460519549b9cca9a5eb74f9b1b0930
base/res/drawable-xhdpi-v4/abc_scrubber_primary_mtrl_alpha.9.png	208	c0f930a722a16df986923bf419081d1090f9476a7287c8b655ab36ffc08064cb
base/res/drawable-xhdpi-v4/abc_scrubber_track_mtrl_alpha.9.png	198	6b2372b414abc1cfcfd71c98f51901a84c46c5b712046aae019b6110de265175
base/res/drawable-xhdpi-v4/abc_spinner_mtrl_am_alpha.9.png	448	c63a94e7136ceeef43b0ade8b49e8e1ef4d1060d584f6cb9ab58b7d6eaa16312
base/res/drawable-xhdpi-v4/abc_switch_track_mtrl_alpha.9.png	618	468607601140955b21c6091897bfc65f609d386fa68d56c199201895e03b3fbc
base/res/drawable-xhdpi-v4/abc_tab_indicator_mtrl_alpha.9.png	194	b8b26708d71b4c7a5cf5311abcdfa741fee39c9f5e1383d49ca0c677fcdb03cd
base/res/drawable-xhdpi-v4/abc_text_select_handle_left_mtrl_dark.png	336	1c006498e3e7a98df88eab5bc68b2d2a91465999832bddb8f7301fcc1a53a9b1
base/res/drawable-xhdpi-v4/abc_text_select_handle_left_mtrl_light.png	335	83a46279e2f65d852c9452c86e38326ef9f3def6f5bec2ef1416c72815a5fbfa
base/res/drawable-xhdpi-v4/abc_text_select_handle_middle_mtrl_dark.png	583	14c060f659d20b0d865f48df245f39741d42f89cb86cdc5b1fd478fcc61edd1a
base/res/drawable-xhdpi-v4/abc_text_select_handle_middle_mtrl_light.png	585	3dbbad926d540586d6bd1230f3293108774c95e73f6604f0bbf88c3a11530223
base/res/drawable-xhdpi-v4/abc_text_select_handle_right_mtrl_dark.png	319	35b8d146dbd43d7b48448da1e991e1e9ccfd98cbb3c4e73e67a9bd3e9e6b819a
base/res/drawable-xhdpi-v4/abc_text_select_handle_right_mtrl_light.png	318	6b45aef8bf43767c2c1c83dee2bd9ceb9017994fbef6613891e6bc215e2a5ee3
base/res/drawable-xhdpi-v4/abc_textfield_activated_mtrl_alpha.9.png	189	23439b8899f4b63d68ae9385eaa49286a4b95b95f79b8b8d37de3b0e4fdbc747
base/res/drawable-xhdpi-v4/abc_textfield_default_mtrl_alpha.9.png	187	0caaea0060b3772ba433c0e9e3a5452f26f3421ba5023c855157270bc675b309
base/res/drawable-xhdpi-v4/abc_textfield_search_activated_mtrl_alpha.9.png	184	5ae9594240ada5e53500e2524215b3e2b3c91e6dd95b05e0acdd27d9d8c57e72
base/res/drawable-xhdpi-v4/abc_textfield_search_default_mtrl_alpha.9.png	182	779a2606a931a399a2c9d3bd01f3c510c412f2916478aa687e430e6003b0a5f3
base/res/drawable-xhdpi-v4/com_facebook_button_like_icon_selected.png	197	ea0bb67054e38fcc002a7b32fb97c1a1a9de748a264e5a94405cfc969b1d77c1
base/res/drawable-xhdpi-v4/com_facebook_button_send_icon_blue.png	460	04d2f6b538a1d8b7a310f5e22eabc803b407d065531ea0d0a94c946a42c8124c
base/res/drawable-xhdpi-v4/com_facebook_button_send_icon_white.png	445	94cfe577830fdfea99af0df74257cfb8cd92133c841aaf46f30a95387fb3d683
base/res/drawable-xhdpi-v4/com_facebook_close.png	1919	94d33f2bad47deca649863efb565ad94bdbf70d188a48d32e036f12144a1a4e8
base/res/drawable-xhdpi-v4/com_facebook_tooltip_black_background.9.png	3156	7c839e79a17c5a03be9a2a1407158eb13d691f35444da3f9eb7df6654de967ea
base/res/drawable-xhdpi-v4/com_facebook_tooltip_black_bottomnub.png	776	d594d3946b882338fb7c81285316aa2bd3a308449f2ccfc54646f7d8d592491e
base/res/drawable-xhdpi-v4/com_facebook_tooltip_black_topnub.png	581	c329483a92b87e44c9853a094772eb021510d76312cc5d795533c11543ec6992
base/res/drawable-xhdpi-v4/com_facebook_tooltip_black_xout.png	204	d624db76cb6611ad38dcd97e869a15acfd307a24489b450385545433b9dc4885
base/res/drawable-xhdpi-v4/com_facebook_tooltip_blue_background.9.png	3842	fbd3dfe1a15fba1c5f1a13a715e29e36d37e4672d39de498ce10840afba3e0d4
base/res/drawable-xhdpi-v4/com_facebook_tooltip_blue_bottomnub.png	973	a1b0f3c602031f8fb1f7e23e50ff2caba327f79f348215505b07951b2af85c3d
base/res/drawable-xhdpi-v4/com_facebook_tooltip_blue_topnub.png	706	624128dfb679c581958e9f157074e3208bfc9235d0f3a96ca6815e269468dd70
base/res/drawable-xhdpi-v4/com_facebook_tooltip_blue_xout.png	222	9281e4a99058a022b1d32103036adfd231c1a3b2c0738b1e15f2fcd5ff194036
base/res/drawable-xhdpi-v4/common_full_open_on_phone.png	489	e816dc0998f4ee90d7b630f17e16fcc2e72d91078c5315adaac4bc2da4c226d7
base/res/drawable-xhdpi-v4/common_google_signin_btn_icon_dark_normal_background.9.png	1032	9d62d3eabefaf89e6018d3902cc8c4bb888a8891d9639deda8fb58ba60fe1822
base/res/drawable-xhdpi-v4/common_google_signin_btn_icon_light_normal_background.9.png	776	f62bf21d152a276ae8d9a0d62997f12c60d64ec812fd973ff60e3295deee34b4
base/res/drawable-xhdpi-v4/common_google_signin_btn_text_dark_normal_background.9.png	1086	fcb4416a4f5f5b4d72854d91722289789b30bb562c6f0f57975818ab555cc809
base/res/drawable-xhdpi-v4/common_google_signin_btn_text_light_normal_background.9.png	808	092bf333080e2b3ece63147ea15e6ac04915968c010e5c3f85f8cb650d61ecb7
base/res/drawable-xhdpi-v4/googleg_disabled_color_18.png	516	6083523032ab5df9e6cb82e4ff3d48af7738900a2e9b23d991beaa2eba7862e9
base/res/drawable-xhdpi-v4/googleg_standard_color_18.png	982	90c44675525e290332f7dba6adb97c7af3b8299e56cf5211e893d0e1dec41547
base/res/drawable-xhdpi-v4/ic_other_sign_in.png	455	9694c1aef0529e83f8f6c8fa66f6f1f4617fa59375303b45b267e2eb031b2a19
base/res/drawable-xhdpi-v4/ic_passkey.png	953	c19d79a63930b9953bddda9b2f3d8c54dd7a4b085d7d38169d39ce4f63870620
base/res/drawable-xhdpi-v4/ic_password.png	370	5adb2fd5156bdcaedab25b99369705f6c9a0749d716fd2d828b381a8bdca6fe6
base/res/drawable-xhdpi-v4/messenger_bubble_large_blue.png	834	dcad649b8f145d579b13fff5395265410a3e2f9aa0db2a2697197cca2051eaf0
base/res/drawable-xhdpi-v4/messenger_bubble_large_white.png	713	c791866547367ae9482146d83b62c9f1c690a16070df79b2785c14a6059dbe01
base/res/drawable-xhdpi-v4/messenger_bubble_small_blue.png	720	a6e45bc6785da924e09b9e9226f651d17007fcbbc723bffed0ca31e67dd4d45c
base/res/drawable-xhdpi-v4/messenger_bubble_small_white.png	613	b63a9a36c308f20b19f8678745247cd1a0c4d0f52ec8b129eb9acb3fce6311dd
base/res/drawable-xhdpi-v4/messenger_button_send_round_shadow.png	2563	639dbf4666434cecd3754e8ffafa18a8b776d58245ab8a32d9b9fe0de1a568cf
base/res/drawable-xhdpi-v4/notification_bg_low_normal.9.png	221	3e09afa21c45372c035598c017c8fb405a6d678e6cb84dc857581cb3b40e482d
base/res/drawable-xhdpi-v4/notification_bg_low_pressed.9.png	252	20343222f9f79dd565c3a2248494d452e70820ac1c437173c38badd45f962afd
base/res/drawable-xhdpi-v4/notification_bg_normal.9.png	221	559bf783d765c02338e97952bdc9c6689c7ff99090b8c9813369118da8b080f0
base/res/drawable-xhdpi-v4/notification_bg_normal_pressed.9.png	247	d27af435101ca4cbec0c840bd30687918cd39eb83aab1487420855623a45998b
base/res/drawable-xhdpi-v4/notification_icon.png	945	8479b406771e4402c6205cdee8ea66eb57d70ad10db94a1c6914ac5d79f9a770
base/res/drawable-xhdpi-v4/notify_panel_notification_icon_bg.png	138	b44eeda34d7a529c2fe55719eb098fa29707caa91d18de06a7a775d6e6bcf973
base/res/drawable-xxhdpi-v4/abc_ab_share_pack_mtrl_alpha.9.png	286	f81412c5131046a83f5d9de1d10e2b4b31f6e2657c4c08743825cd40f605fdd3
base/res/drawable-xxhdpi-v4/abc_btn_check_to_on_mtrl_000.png	307	18620c151330289bba196c1cc1e2699f98061a35be3551876296a8c4d592ba17
base/res/drawable-xxhdpi-v4/abc_btn_check_to_on_mtrl_015.png	593	71a2ba63a5d4e91f7c14324fa1c3eb9290b73cb7b3c7828018d05adb1cfaab45
base/res/drawable-xxhdpi-v4/abc_btn_radio_to_on_mtrl_000.png	984	0eed99d0a5e36a468b557605e6ccea495c029f3569844a45f4b5d8dadd77d4a7
base/res/drawable-xxhdpi-v4/abc_btn_radio_to_on_mtrl_015.png	1208	5e0799a0d0b5d43ed5ae3a378aaa0847a810ceeff58db9a0f7836ebf4ef17146
base/res/drawable-xxhdpi-v4/abc_btn_switch_to_on_mtrl_00001.9.png	2463	0f8db605d63bf1d6d35fd647d592ac4e70c9a712ff5d1c2114c8d58a88b8228a
base/res/drawable-xxhdpi-v4/abc_btn_switch_to_on_mtrl_00012.9.png	2834	1f9538745cfd3209cc09ed451c198302aac3a1c5da41e87394377814b1bcc5ee
base/res/drawable-xxhdpi-v4/abc_cab_background_top_mtrl_alpha.9.png	237	d68d03967fb222f7e35772a2e0637f73b4dd0d6cbb9ee3f2b4432d2f90c257db
base/res/drawable-xxhdpi-v4/abc_ic_commit_search_api_mtrl_alpha.png	224	f5f349c1e949f0e66374f83b667fc0d0f477379614f36912ade22a299f2194d5
base/res/drawable-xxhdpi-v4/abc_ic_menu_copy_mtrl_am_alpha.png	263	a1e1aa0774931b73151423fde85ad5ee015e53ca9ddea866326da1266a12b285
base/res/drawable-xxhdpi-v4/abc_ic_menu_cut_mtrl_alpha.png	710	d68cbd5799fa3e1430fcc612bd1b036e1c8c718b1c8bd0d6b5a99f259abd69e8
base/res/drawable-xxhdpi-v4/abc_ic_menu_paste_mtrl_am_alpha.png	348	d449f91355eac92dcaeabdca61f9a9f874ec62a6883bb0753cabc723546e7a8f
base/res/drawable-xxhdpi-v4/abc_ic_menu_selectall_mtrl_alpha.png	262	8c6e2a3c33890d72be345310e6e531778c25b9c9b143762c6c2bdee88f5fb0d0
base/res/drawable-xxhdpi-v4/abc_ic_menu_share_mtrl_alpha.png	700	9e9a1933af8c2b41e3e73ec273fdbb65e59542c397174f2a61486903072bec38
base/res/drawable-xxhdpi-v4/abc_ic_star_black_16dp.png	459	fc004f9cd7503a9c4b419b178c2ba3e24aa191a14588039865be235507bddbda
base/res/drawable-xxhdpi-v4/abc_ic_star_black_36dp.png	983	cb00a0e8306af78a96d6b4e9449b2f062f2b0f611adedcbbdbea4608ff0565f7
base/res/drawable-xxhdpi-v4/abc_ic_star_black_48dp.png	1291	a79b060d0edb66331bef8dd9a6c75b9506d15fd823c2a6b8579efb6249b85309
base/res/drawable-xxhdpi-v4/abc_ic_star_half_black_16dp.png	309	5d2632dffb297a5257c092a1a9bd340692bc1cef5274dca2cbc4a1c9cd15f9ce
base/res/drawable-xxhdpi-v4/abc_ic_star_half_black_36dp.png	577	b576e32d41c77147925eefb802b172c8d367206cd1a554e4e2af45777dbb6ccb
base/res/drawable-xxhdpi-v4/abc_ic_star_half_black_48dp.png	789	61380ebaeb2d6abf8dbd4eeb91bb8224b3b20e59a9ceb913e6af9a4905a98d00
base/res/drawable-xxhdpi-v4/abc_list_divider_mtrl_alpha.9.png	171	49903073ab23abfc11a55e1333eb2905c743e1b382006c27c15434fd76e0207c
base/res/drawable-xxhdpi-v4/abc_list_focused_holo.9.png	245	8c6846f4105ef1c02107e842142e9ce60b08819296e9510b2d0c12cf4560c5e1
base/res/drawable-xxhdpi-v4/abc_list_longpressed_holo.9.png	221	44c29766b2d88b78a71393b3e3a771ca7eef5f552630c6074f33d6291241d0b9
base/res/drawable-xxhdpi-v4/abc_list_pressed_holo_dark.9.png	212	a77aaa207fd579f64383323b93f048ee9434e345ca8bb641743a77901b4383c2
base/res/drawable-xxhdpi-v4/abc_list_pressed_holo_light.9.png	212	93b7657184473d5881669b80e3d43fd64e442d1ed71be4ced3518380b6cec69d
base/res/drawable-xxhdpi-v4/abc_list_selector_disabled_holo_dark.9.png	260	94ae2273a335672c1c67988e7af595d42e80526edb7f5654ee130dce06fd40d7
base/res/drawable-xxhdpi-v4/abc_list_selector_disabled_holo_light.9.png	258	4f186547c3fe5796ef49da96d60a4a9a4b347357eaff3794f38e5f2aade3e400
base/res/drawable-xxhdpi-v4/abc_menu_hardkey_panel_mtrl_mult.9.png	1779	a8252f52638c80df119db031626198a4a8d4b32ee618e96c3a36b9b946e26894
base/res/drawable-xxhdpi-v4/abc_popup_background_mtrl_mult.9.png	2305	e1a2b864d0114a8471662f8e30ffcbb2eb9ffd414d36239612def8c7792a450a
base/res/drawable-xxhdpi-v4/abc_scrubber_control_off_mtrl_alpha.png	322	136d08fab0fe416fc7e0eca9c498e63c68357b2caa4241f444bbc3f26f9a74c9
base/res/drawable-xxhdpi-v4/abc_scrubber_control_to_pressed_mtrl_000.png	403	63fad0a19cb9e416586049d40b62161b0cc4c2513d83931d3852e2f5a72e6d13
base/res/drawable-xxhdpi-v4/abc_scrubber_control_to_pressed_mtrl_005.png	595	4f2f8c2a7b042e55aa8f43f4ce8134b3217ee9cda432c5ff8d4c33d09d86df68
base/res/drawable-xxhdpi-v4/abc_scrubber_primary_mtrl_alpha.9.png	210	7656f2f19a84cefc2bf9fafc00760216775d333fc0b08eb85ff1e0006b46fc20
base/res/drawable-xxhdpi-v4/abc_scrubber_track_mtrl_alpha.9.png	207	c56ab9375b149ba1c5ee268f22b3cf6507bb47986f628391500fba38147dab28
base/res/drawable-xxhdpi-v4/abc_spinner_mtrl_am_alpha.9.png	524	bd893783c8d2bebb167ac05a27cdaea5dfd651fe8d64bcb30c14e7b925380c79
base/res/drawable-xxhdpi-v4/abc_switch_track_mtrl_alpha.9.png	851	bb4b092ae69c429e9d4f7ff97c60ba10c2e443a2b0ca19a9f6c77854bf32e293
base/res/drawable-xxhdpi-v4/abc_tab_indicator_mtrl_alpha.9.png	204	3633ec99d66aae4332f9a6b2dbd3480513433001a8eec0e796d2bcb69d75b73f
base/res/drawable-xxhdpi-v4/abc_text_select_handle_left_mtrl_dark.png	420	c1b23f1b9f16fcc1a91d929e06d954ae322cd3526b90c56719596a29637bbf98
base/res/drawable-xxhdpi-v4/abc_text_select_handle_left_mtrl_light.png	420	afbcaede66a97ddc9b54c4d9891c09415cb6944d79c4c1ae8440cda553963957
base/res/drawable-xxhdpi-v4/abc_text_select_handle_middle_mtrl_dark.png	752	53fafe0a562f0edb759bdbee020c5a3795201599347ef5b3e4bd839f8aa24f59
base/res/drawable-xxhdpi-v4/abc_text_select_handle_middle_mtrl_light.png	753	24f5db226f1cd56e5e775f82c37f65f3d1eec9091b26b74861629caf0019c3bd
base/res/drawable-xxhdpi-v4/abc_text_select_handle_right_mtrl_dark.png	422	c81aa07ffc6cfc98d1d746cb63e52416114c2c6cd83b3815104df84c1ce4adcd
base/res/drawable-xxhdpi-v4/abc_text_select_handle_right_mtrl_light.png	422	3cfd0554844896b500c33513b1e89ed62028d0c80df73d3c5935479f49704a3c
base/res/drawable-xxhdpi-v4/abc_textfield_activated_mtrl_alpha.9.png	199	682c466d3e4f39e31f114abc1632d85e734557bd39814e3ba7d7c61eae2d069b
base/res/drawable-xxhdpi-v4/abc_textfield_default_mtrl_alpha.9.png	200	a0d63ec76ec21d40fe96a4b6fb4f4aac5b61a6b63a63472dab055e0d9e9890b1
base/res/drawable-xxhdpi-v4/abc_textfield_search_activated_mtrl_alpha.9.png	187	c8d13e5687a34d5b85018ff7a9f0f22870a297b261ff140b3ed041ce7e7f4b81
base/res/drawable-xxhdpi-v4/abc_textfield_search_default_mtrl_alpha.9.png	186	f232714ccbecca97adc63b0811d62629057c77dcbd0b062c82e26754cb744831
base/res/drawable-xxhdpi-v4/com_facebook_button_like_icon_selected.png	232	5544b035d2e6c1f2c7bf54f32f37b6b477b8dfa78baa813fa78e5ca5a8d6d60f
base/res/drawable-xxhdpi-v4/com_facebook_button_send_icon_white.png	640	b6107445e98c28a658fb794bb385cbcc4493a01aafd7a3a9d0342cafd5a71f6b
base/res/drawable-xxhdpi-v4/com_facebook_close.png	11274	5c84e591c00f6299ba0a775cc75342299492787d5e7f846387faac5deae8e8d2
base/res/drawable-xxhdpi-v4/com_facebook_sso_logo.png	26635	aa92602463c949ad00566667641578f670ef8ebc698df0d56b79e7eb8c88ff9d
base/res/drawable-xxhdpi-v4/common_google_signin_btn_icon_dark_normal_background.9.png	1510	be03693c47d3c4d4466f14a695eaccd210b61e91d808c0c4a46d6f021b598278
base/res/drawable-xxhdpi-v4/common_google_signin_btn_icon_light_normal_background.9.png	1138	71f14a18275f8678fd9f0c1c0affc400a975a0b815b82eca7345b6aaecf978ee
base/res/drawable-xxhdpi-v4/common_google_signin_btn_text_dark_normal_background.9.png	1638	42a1b93ba380eeba9d499582df981a535f872af234ad6600675fff37459306e5
base/res/drawable-xxhdpi-v4/common_google_signin_btn_text_light_normal_background.9.png	1255	5624a284adf8a5e8e7c2560524eb05d7ee97d09a9c2dbe3a76a840766015ae30
base/res/drawable-xxhdpi-v4/googleg_disabled_color_18.png	727	5db3ab4d30063b5e8fa63ae2993f83efd0af71d6526b3a1468f9e3bf891af587
base/res/drawable-xxhdpi-v4/googleg_standard_color_18.png	1441	549a81cda776769840f37f184d34eb673ff9e5c0671c67172818e91273753e1a
base/res/drawable-xxhdpi-v4/ic_other_sign_in.png	576	c9ccfa14de6703b71c0423679ed9f3e1e614fc5fdd80258ad406e46ec0edb8b6
base/res/drawable-xxhdpi-v4/ic_passkey.png	1290	fdc0a3cf8e8e65f29c3cd4a1fa2507aaf3807176b48a57f64fb7001bab49eeb2
base/res/drawable-xxhdpi-v4/ic_password.png	559	2f75831fa53002c19e63be3e7bb7b16f931d5332eb07b05f2d6a13e58fd44edd
base/res/drawable-xxhdpi-v4/messenger_bubble_large_blue.png	1192	46b79edf06ab98f83752f4c2c5645b8d05857ca40bfcf432ac65880e34de1aa5
base/res/drawable-xxhdpi-v4/messenger_bubble_large_white.png	993	48cf068aff9788e5b43f7b98d0701b4f422af688eaeba3b8058a8ee91551b6e2
base/res/drawable-xxhdpi-v4/messenger_bubble_small_blue.png	1043	e1eaea12a25873211ade5685bb1673baa690430995876eb7048d9263daa778d2
base/res/drawable-xxhdpi-v4/messenger_bubble_small_white.png	890	5756afbebae22fa16ee0c951f2477fb4719d8de6417aeab49956802f4a4e7c43
base/res/drawable-xxhdpi-v4/messenger_button_send_round_shadow.png	5226	4433642e526199421d1a90a619553947e05ccd60e13fa46de41a0aaf5d7a5a4a
base/res/drawable-xxxhdpi-v4/abc_btn_check_to_on_mtrl_000.png	275	b0aa010e7a885e4b7a669c16c7ba10fcd862a12dff3f142c7354778442a63fde
base/res/drawable-xxxhdpi-v4/abc_btn_check_to_on_mtrl_015.png	476	52a0358e54439373ca39f99cd83cf3a7be73c257f07fae83edd83c9b4891895d
base/res/drawable-xxxhdpi-v4/abc_btn_radio_to_on_mtrl_000.png	785	6002eb56783b956b5f91e6ddffaf36cc867402a01a225e627b4c25c8d21a4e23
base/res/drawable-xxxhdpi-v4/abc_btn_radio_to_on_mtrl_015.png	946	53340b0b0f529b26db6af632a0112708233bf312448c5b89a1357b2cd70b3f42
base/res/drawable-xxxhdpi-v4/abc_btn_switch_to_on_mtrl_00001.9.png	2505	c367b73a33a933429e1d57d33fcfbf243f0274e7cdba221a0b983ee15b5baca9
base/res/drawable-xxxhdpi-v4/abc_btn_switch_to_on_mtrl_00012.9.png	2816	b4af73e52266be570c2c163d987e64348066db311b41e7a382000529c0136c6b
base/res/drawable-xxxhdpi-v4/abc_ic_menu_copy_mtrl_am_alpha.png	327	509264704725c5d7a5161e2880990beaecc119be5e1a667d543a08acce5d6e67
base/res/drawable-xxxhdpi-v4/abc_ic_menu_cut_mtrl_alpha.png	910	5723f8dde914dfa528f5d2ad0f9702b8ec8fbc5916d0b871dd2a1fb90de50116
base/res/drawable-xxxhdpi-v4/abc_ic_menu_paste_mtrl_am_alpha.png	461	f4a3af86cce6ea60d9c08c506693461dc60e9fb22d7c01c80386f00b23698659
base/res/drawable-xxxhdpi-v4/abc_ic_menu_selectall_mtrl_alpha.png	305	7f51c0f3f737da3fb82eefc7ed7c33a38d0f780dcdbe4425fdc0498419e6c4bd
base/res/drawable-xxxhdpi-v4/abc_ic_menu_share_mtrl_alpha.png	899	70253b82e6fffef3f8426b8ee7129b967212bf41788eaa1f4c6e8898af6a173a
base/res/drawable-xxxhdpi-v4/abc_ic_star_black_16dp.png	599	5765229253ee4ab3b5d0d1ff67807c2d3774eb3c16951226c9b405e63bc09c54
base/res/drawable-xxxhdpi-v4/abc_ic_star_black_36dp.png	1269	35700fbbb3249978afe821da76ef59dbc2cc41cb12da4fe3f9e17746d4ecd430
base/res/drawable-xxxhdpi-v4/abc_ic_star_black_48dp.png	1680	8e103399f00e88d7e579dbfe883887fd096b11d7c74d7eda4ea2374e70d60a14
base/res/drawable-xxxhdpi-v4/abc_ic_star_half_black_16dp.png	376	fff7725e2073c330d38f630c1fc94156a77307211bfa66c032abfcda8a05f961
base/res/drawable-xxxhdpi-v4/abc_ic_star_half_black_36dp.png	760	fcae1f741c187496e31bef506bfea84f29f31294524aa52aafc31762956ca5a5
base/res/drawable-xxxhdpi-v4/abc_ic_star_half_black_48dp.png	991	bdd6eb6fc49eebde70da5e50fee991ca856b202f1d4a1441e5c8a073c1d66919
base/res/drawable-xxxhdpi-v4/abc_scrubber_control_to_pressed_mtrl_000.png	415	1e3b02e24fa431b1abe0a97ad6723fad43df79fda8176c1060b6fbd31178619f
base/res/drawable-xxxhdpi-v4/abc_scrubber_control_to_pressed_mtrl_005.png	631	683691d79ef11e863fe4ec84ddc631696e5984b5584fc4549d6586dbaca220c7
base/res/drawable-xxxhdpi-v4/abc_spinner_mtrl_am_alpha.9.png	430	2552cd1bcdd9882d6c258833fb70bc081a31a2a093ef9c256f92431370a6e5de
base/res/drawable-xxxhdpi-v4/abc_switch_track_mtrl_alpha.9.png	813	100cc6ae3870dd769a252e44608a81956522e867674f854619ba7c68d314cad7
base/res/drawable-xxxhdpi-v4/abc_tab_indicator_mtrl_alpha.9.png	202	e7e36c3cbcedc97bc28aff91ed72c4310b16c331713a1698a692c66d46f63227
base/res/drawable-xxxhdpi-v4/abc_text_select_handle_left_mtrl_dark.png	513	b7b075fb1b7a44a0426dc719ed5919441f31e7e1af9d3441b70263b94196468f
base/res/drawable-xxxhdpi-v4/abc_text_select_handle_left_mtrl_light.png	513	55bc27772f6d35be9334fb80c371b327db25faa9a6098c3c14049e92654ac1bf
base/res/drawable-xxxhdpi-v4/abc_text_select_handle_right_mtrl_dark.png	513	3f4396ad18482d483a073b29004dcac7e70a630a9fbd53dcf85e85c42bdeaaa3
base/res/drawable-xxxhdpi-v4/abc_text_select_handle_right_mtrl_light.png	513	d83543f0c82b62cf499f2618ad99431f9ef50da60b415980ec8e0e50b90e3893
base/res/drawable-xxxhdpi-v4/ic_other_sign_in.png	656	c0a66eaf9c79616b1670e55f5900ec03d6aaf2bcaf31d068d3eb75e70833f7af
base/res/drawable-xxxhdpi-v4/ic_passkey.png	1609	4f0d8f6915b35008f14c864e9f4e74ec28af786b4f61245f63b1b55225473519
base/res/drawable-xxxhdpi-v4/ic_password.png	524	090f1757e1d00376cc6d1c15e75e5b005c5adca421d967b1cf624087ab747268
base/res/font/optimistic_vf.ttf	50852	7edc903936f83fe8b8782ba1b3160ec1f082114e5f7daf71a179d0d339d4dfdf
base/res/interpolator/btn_checkbox_checked_mtrl_animation_interpolator_0.xml	316	68b7fc0e819c526c7e31c1413b1821bc0ccfcf4ab550c356a7f740a9d84917dc
base/res/interpolator/btn_checkbox_checked_mtrl_animation_interpolator_1.xml	328	0ab3bc82b3b9fd8499202cafe3d494a9f66fba248d01e90b90e932c8849947cc
base/res/interpolator/btn_checkbox_unchecked_mtrl_animation_interpolator_0.xml	316	68b7fc0e819c526c7e31c1413b1821bc0ccfcf4ab550c356a7f740a9d84917dc
base/res/interpolator/btn_checkbox_unchecked_mtrl_animation_interpolator_1.xml	328	0ab3bc82b3b9fd8499202cafe3d494a9f66fba248d01e90b90e932c8849947cc
base/res/interpolator/btn_radio_to_off_mtrl_animation_interpolator_0.xml	320	a8d7341c20d07c9fdab602e7c39187c9abb9caf5fbf9b2832cd6d9f18a2c86c2
base/res/interpolator/btn_radio_to_on_mtrl_animation_interpolator_0.xml	320	a8d7341c20d07c9fdab602e7c39187c9abb9caf5fbf9b2832cd6d9f18a2c86c2
base/res/interpolator/fast_out_slow_in.xml	400	8237d47bafc3bab9098bd9344b12dc6c87fdd879a4e1f01c856400c595f298f0
base/res/layout/abc_action_bar_title_item.xml	872	d9a12ce9f049f619f2f0c9b6f484c3d1fc3fafce93d30757c7df83577394513f
base/res/layout/abc_action_bar_up_container.xml	440	534d8148fa1f913615e86561bc74f2453d97455790fd250b3e45f8a7a9a91f10
base/res/layout/abc_action_menu_item_layout.xml	768	2cdb73ef0229857b54f07f05652a062672678de2ecf092f772db1e5540ac3d17
base/res/layout/abc_action_menu_layout.xml	576	1308856987391fab7e744916ef786f8baa4f86211db71dd3b0038d1aedd65eb6
base/res/layout/abc_action_mode_bar.xml	464	b73df4500553abbb9b3fb551dd7ce922b3ec0cd999ee6a9cb1bb2b4e358a648e
base/res/layout/abc_action_mode_close_item_material.xml	840	3c6f50aafcf42f7b7c7fe66370cfe49fa06b0da17088c02e94d72b46e7b088cf
base/res/layout/abc_activity_chooser_view.xml	1684	dab05b4c3c28ef836d2584ff923530d0a5594a3b3fa1494f801c19e9a046dd9e
base/res/layout/abc_activity_chooser_view_list_item.xml	1304	872557f8be26185589d005c3e80b8c265d4f6ab2222a1bb107aab7fd27f632e9
base/res/layout/abc_alert_dialog_button_bar_material.xml	1584	1011a93a6954f8b8950f039b524e51a74f3f6d880468c73bd8dea448003dad4a
base/res/layout/abc_alert_dialog_material.xml	2476	9c107cdee04847b0dd5c0ea86c6d94e1efcaff6b63b022ec31c914b5b5013a48
base/res/layout/abc_alert_dialog_title_material.xml	1560	700ad1035031421f34fe7abe441d50ddea312b453571898a649dde53590cc08b
base/res/layout/abc_cascading_menu_item_layout.xml	1868	25391dc9fb2696fafee9f3657872c549605337c65ccc4c640319542a974c3953
base/res/layout/abc_dialog_title_material.xml	1116	f4ea76a690eaab3939a91487b762db2c06a84169a3a0d8148166da81f0918c6d
base/res/layout/abc_expanded_menu_layout.xml	388	2be3d73386978c63bc0abbb802811cbd774a8d7acedad5f0c130b386f4fe3814
base/res/layout/abc_list_menu_item_checkbox.xml	528	516e3b29889670d3936100d3044a1974fb19cc5402bc7ed053187ab7b439b1ff
base/res/layout/abc_list_menu_item_icon.xml	684	e02f0b9fd0791aed1d77f262b7e7a82d981a1c5160530b8fdf6358154169fe2f
base/res/layout/abc_list_menu_item_layout.xml	1396	e1cfde3eac7af34efe6d3148532b04e6501f525877e7384266d2ab7e99cace92
base/res/layout/abc_list_menu_item_radio.xml	532	20105b4466b0d2aa5f75fef479ccb8f9e1864199fd0fc4e1c6514770b4da85b6
base/res/layout/abc_popup_menu_header_item_layout.xml	848	00587057e8ac543d6ca471effa9ee49fa33a506efd0cacb06f01f3d87185833f
base/res/layout/abc_popup_menu_item_layout.xml	2072	d71adc688d056603e075865e0c90095a495d256eccc34b2aa464c5d3261aaa91
base/res/layout/abc_screen_content_include.xml	548	1c2ec4a992989ccd3f193657a57ac27cc97ee8a3f95f12b05ba3ca35279c3f67
base/res/layout/abc_screen_simple.xml	832	7da8782149bdd31e77b5dd6b2a2ab56bdf8aa4cc45b5bdd5cdc6eb107eb4e0be
base/res/layout/abc_screen_simple_overlay_action_mode.xml	792	d06c17d376b07825c7189134b84ac26f37a4a1739d200540130d63c2915f7e1e
base/res/layout/abc_screen_toolbar.xml	1504	dbc5a32bee76d378f9e622ccb9405a08cb721db2ebacd192d7ddf498285f2cd9
base/res/layout/abc_search_dropdown_item_icons_2line.xml	1916	cdc9376e2e03ed87263fb34bc3b34a6622662a94a187afbbe20bbdeaaf717ae8
base/res/layout/abc_search_view.xml	3472	ee86d5a271e6337d2e146b6c8eb53867ea309cca89204bf51a3aa1b8640c26c8
base/res/layout/abc_select_dialog_material.xml	1020	d1d12af8d4f1c5a8d0fd5e01684054e1fb7cad5aef9f3a03d4caae911dac31f1
base/res/layout/abc_tooltip.xml	1056	d29f0fdf630c4c2c4b49b869ba96dcd744941293e25e7f6c45e14d6d5e863121
base/res/layout/browser_actions_context_menu_page.xml	1660	95dc129074c0759d9734c709312e068c862c188adf8919fa55f985683e98e01c
base/res/layout/browser_actions_context_menu_row.xml	1212	aa6b8c44ceb7310d92e7463f8b03e5b90f2c2f0281737e3b6266d1b6978d9c19
base/res/layout/com_facebook_activity_layout.xml	356	5c39d6c9e37a4612f817a824f2f1763cb4158c9a40a416ea07028c5c23894d33
base/res/layout/com_facebook_device_auth_dialog_fragment.xml	3384	bfe39e422450807846591ac86210e4f012729adcf3fca9f9f67aea20f51b2efe
base/res/layout/com_facebook_login_fragment.xml	660	d5bc3f5767e378962fd9a704804a08d8c95707aa24dede8ed9cb1e8891ed3390
base/res/layout/com_facebook_smart_device_dialog_fragment.xml	3704	41fbc9e479ab02545e8082e12e40be1a9813c28a83afd663913f51820d235002
base/res/layout/com_facebook_sso_noapp_dialog.xml	2940	97054ff1987b927980c3817b019e73aabe77f6ead428a7202eba13ce9aa93fe9
base/res/layout/com_facebook_tooltip_bubble.xml	1804	ea23310d499243be8e6059105cd70168912d8692851b3e5b279085e96f0a06c2
base/res/layout/custom_dialog.xml	612	d88b7b10f414813e955c44fec4bc417d29357a151ecb73cecab5eb3e90c43bd4
base/res/layout/messenger_button_send_blue_large.xml	428	dfc69fd6a674984722fef434958436b20440e7c44b5c1aa8519b072037b55f4a
base/res/layout/messenger_button_send_blue_round.xml	392	3c0885f140177dccf66be87e82fdb186e7e040b0ed14283f8643ca53257d9f90
base/res/layout/messenger_button_send_blue_small.xml	428	99da991908f3f257665ee1987ef6180b2b65ebcb6a8657582eec9c1589c1e3aa
base/res/layout/messenger_button_send_white_large.xml	428	937c5e0fb3d9e7eff26b8453f696794eccd62ff0a900fa5bef0e2f58dd371203
base/res/layout/messenger_button_send_white_round.xml	392	18db45076029d2c1765084a91b191ce165e2cc3dc594734f712d1ab40b042112
base/res/layout/messenger_button_send_white_small.xml	428	f44f9ad7da239e425a8b25b680392caa613d35bf7b8a47ba348b2fd8da06db03
base/res/layout/notification_media_action.xml	564	79240d38243adf2536868962be56ca79f69e7f7b0e0bd8772cccd26d4098d7ac
base/res/layout/notification_media_cancel_action.xml	744	7c2877908435d63d477351c22244955eea58efdab36969a00ea9c0f1ecb54923
base/res/layout/notification_template_big_media.xml	1696	6d090c6e74f59ead85d39b7162a21bdef4d062f276768ffe03c23982e3793e7c
base/res/layout/notification_template_big_media_custom.xml	3044	92da28d5eb3a11f0ce8d471080e652f194a18bd3a0f06c9ab28c0bd0cbaa26b3
base/res/layout/notification_template_big_media_narrow.xml	1824	d9252f020723d8fe5f69f244ebe9bede00e180af95bf78b77e9af898b110800c
base/res/layout/notification_template_big_media_narrow_custom.xml	3216	eafbd780177cfdeec0afec98bdbde02741725e3a4a4bfea01e77049658827b3a
base/res/layout/notification_template_lines_media.xml	2872	46d202c31d276604f0f061aad4bcd69bd41658a6e3ec1551a04dafa5bbf57096
base/res/layout/notification_template_media.xml	1292	e2a9caeb19e538cde5ec3f91433f6a3e5e3c99a52502c6dd056b36ae45a1d725
base/res/layout/notification_template_media_custom.xml	2756	110f2d647b6e88e4b2faec6cfe2f675d9847569efcb2d70ad19c26d602a71c6e
base/res/layout/notification_template_part_chronometer.xml	440	39fae1bcdca2636034e38f10a1507e17275b18cb23318ef9e5a893213dcdae5f
base/res/layout/notification_template_part_time.xml	440	7c44d66a369f2faa8857226be87b7157dabeea7b2245214d2a6446fe588957cc
base/res/layout/select_dialog_item_material.xml	640	07407f37fb28094aa91a168f55bebf12cd99f4a0bc78de2304850fa5c813880c
base/res/layout/select_dialog_multichoice_material.xml	864	39272b549fc175778d3c163888b884a53ad35f1316d6bbce25ae75b1d0607b98
base/res/layout/select_dialog_singlechoice_material.xml	864	5ee028f41c30f656673d073df6cd732fa7dc5995f3bd9ed4ef3e1c2d396c7464
base/res/layout/support_simple_spinner_dropdown_item.xml	464	c4095e7ae612f3ee1b6acd12f5c1dfc36465b11ce493985c9ca0d569b6c1bb7e
base/res/layout-land/com_facebook_sso_noapp_dialog.xml	2740	1a1fb969a396d5b058bd3fc85d16f4d62e4622cb5f3aa61858ed6e388f712c9c
base/res/layout-v21/notification_action.xml	1052	4677445ee1ba4851b8947215119b7a35403d7c02a6f9516609f8425c7888e346
base/res/layout-v21/notification_action_tombstone.xml	1228	ae1dc6831f10eeb6a4debc4621029a4468817e77e99ff245ae56cf0f6c2208c1
base/res/layout-v21/notification_template_custom_big.xml	2456	f201636a92aa222911687808be27e88071472df3ec1e9472b975080b8e167045
base/res/layout-v21/notification_template_icon_group.xml	988	68de2465bfdb2c72e841f60f77e762d06597419d93ac6fa6382b31d9852d90e2
base/res/layout-v26/abc_screen_toolbar.xml	1560	116d7fc178265a2f9dbf195d7a11fa90785cf462a90d814e3d4b552ce9abd54e
base/res/layout-watch-v20/abc_alert_dialog_button_bar_material.xml	1208	db9c36a8fdcc8bca4b892273304caf6f1de3deb5a30d35d8a5dd3b50f5b1358d
base/res/layout-watch-v20/abc_alert_dialog_title_material.xml	1352	8441189262b1eadafde4d9b7f2ff70a78bce88379395aed8b5eebbfefa1b59f9
base/res/mipmap-anydpi-v26/app_icon.xml	448	19b983217c7f74a9131359b4c3d238e0acbed19f75640985b483b042e0fa7719
base/res/mipmap-anydpi-v26/app_icon_round.xml	448	19b983217c7f74a9131359b4c3d238e0acbed19f75640985b483b042e0fa7719
base/res/mipmap-hdpi-v4/app_icon.png	8982	8b494721502987da10d6158af9dce61f81ee13ca51e16ed2de05f9fa98031b03
base/res/mipmap-hdpi-v4/app_icon_round.png	8949	4ab34cfc84d60071e860ae2730a4600bc0cdd300806e41b41c63becc51e92d6a
base/res/mipmap-hdpi-v4/ic_launcher_background.png	50376	ab2427cadbfef133aec7c9793fcdf9c6c1c5dbc13d405cc914243dbb88c3e7a3
base/res/mipmap-hdpi-v4/ic_launcher_foreground.png	38522	f2b0700f30658265aea3cc5db2298e9c8e848d62e3fe2c5d35f5d1a60d6aa034
base/res/mipmap-ldpi-v4/app_icon.png	2567	d406d111d2b00c70ff689f5b0f1cc5879a1d82e7c1decd7f06d3f92d3370cbf2
base/res/mipmap-ldpi-v4/app_icon_round.png	2836	e1ccaa0f1aed7db3d7c013337c83f8cae33a39dacc204962bcc113cc13fc97c8
base/res/mipmap-ldpi-v4/ic_launcher_background.png	14806	5a9328a69ec7118f99137e984c261332bcdafea2337dde043bf66cbc0be88d7d
base/res/mipmap-ldpi-v4/ic_launcher_foreground.png	11497	f2da9d4d41461285b3d0c40d29da1855912a053234b1bc96ad834d50cf54dc76
base/res/mipmap-mdpi-v4/app_icon.png	4286	9306de3f1e3b48845c2ffeac968791d3b28cd11eb2a9800f3d5dfc4f04362873
base/res/mipmap-mdpi-v4/app_icon_round.png	4455	2882552560aa645452073d945eabad570c1713496efc5af6e36e10e5f44ebfe3
base/res/mipmap-mdpi-v4/ic_launcher_background.png	18972	f84050eaba88968fc053cbae3e2863759a28bd9503d29bada84c7c7056c3c621
base/res/mipmap-mdpi-v4/ic_launcher_foreground.png	14175	904a1a0f60d59311d6245ba50358f264a9ea97c0ad0118add6dddc21dc06d973
base/res/mipmap-xhdpi-v4/app_icon.png	14694	0908c77abf9b6a2e640a2c0af3010ddef312ccf623be48edc8e170bf3b4c0508
base/res/mipmap-xhdpi-v4/app_icon_round.png	14449	c27d94806f4c26d4e86979d7e03d9873d0b0ff4fca283986b61a5874461c6476
base/res/mipmap-xhdpi-v4/ic_launcher_background.png	64321	b306c334447d3530034b560d2669ed1148c3641873f6b066d50be22634dc3865
base/res/mipmap-xhdpi-v4/ic_launcher_foreground.png	45124	9d078435d18be4a1776c16386e1a48c4d942dd2c85cd58cc776415e7000b0a22
base/res/mipmap-xxhdpi-v4/app_icon.png	30224	12786ace1c975e5c1ce118d8344a7797cd16d9e9e66e0366a07b06cecf5577ea
base/res/mipmap-xxhdpi-v4/app_icon_round.png	29115	6506f3357b1052e9108d680eceda618ae308b1eedca736f8139d5192bde1dfa2
base/res/mipmap-xxhdpi-v4/ic_launcher_background.png	131533	ef080b68b7754d52e5077e21c0e5fe684c2dc4b9fdc9e55070d2eb9be2781d2b
base/res/mipmap-xxhdpi-v4/ic_launcher_foreground.png	89675	ea45b324ba2581e4c2ce7b217fed184363e09cb027fe5a9fb83fc929ebe20221
base/res/mipmap-xxxhdpi-v4/app_icon.png	50102	105f3da5a510e906bdc1802f2cee2709502be0027aefdb29e9819100ff51ce3e
base/res/mipmap-xxxhdpi-v4/app_icon_round.png	47671	9134e6ff1cafd59999e743e0bd195f9f70689962dbd0b953f8464422264bc301
base/res/mipmap-xxxhdpi-v4/ic_launcher_background.png	215829	93218edfeec7cc575eb9e8e8e97c5571bd03a92f61d878a735e0bd8a49c97693
base/res/mipmap-xxxhdpi-v4/ic_launcher_foreground.png	142381	55ebbf9bd13d807e46a5d3340acb17f2293c3106c6b8413c12488939c601e1d9
base/res/raw/com_android_billingclient_heterodyne_info	45	4de3ed52caeb6346bb55994dacda6d33539125f0cf401cbe9e48a572e8d5d46b
base/res/raw/com_android_billingclient_registration_info.binarypb	56	49e31804de6a48859bf2cc1658173ef3d6affb885b939c542e991586096b1cad
base/res/raw/firebase_common_keep.xml	290	5ef20e971497f76063ae165ee4aebc767cb12bcdd9fad3a0ca2c73d2c32f8163
base/res/raw/firebase_crashlytics_keep.xml	768	fff9f9d7b53d80d3f583992d9d001da0495f2bae9d8cddcc8105aecddb04b694
base/res/xml/ad_services_config.xml	448	793515e989876a7e2d0ac4fd44c01bc80251e8e7604a331ababed4ff354a2ece
base/res/xml/backup_settings.xml	424	9e737dee56ea9af2100077e152420ead1c7902a4c7bf0184027fb31a2fee83dc
base/res/xml/com_android_billingclient_phenotype.xml	704	f91787dc08b6b43652b8a80b4951265981c6abd234f336211f6f185a81ceace5
base/res/xml/data_extraction_rules.xml	784	af3b1631174ddd3501f397b3d1c6c447ff8bd7661d279659f1e3582132593a29
base/res/xml/filepaths.xml	408	bb42ff3016933598be9c69ce22e61077a49cc402f95a523967182223c3b028a1
base/res/xml/image_share_filepaths.xml	308	f1dd43e7cc35c6405c0dfcd8f9251101e7a2575703da448b88a1dc53c3d02feb
base/res/xml/splits0.xml	8404	84d8b8c05e4b7f4f3bc3e87e5230715c3d59b42071f8d5824853eadfb02e74e8
base/resources.arsc	527320	d45839bb3e19bff0a66ecb8876882e13fb33a6bafdbea34f6d99a78e01746f07
base/stamp-cert-sha256	32	1d9c2a02a93816ff5c7ae64f9aad02c23de49dc514620db1a7ad624d2a83679c
